INSERT INTO device (id, device_type_id, name, address, port, bin_id, bin_section_id, year) VALUES (1, 14, 'AB', 100, 0, 10, 10, 2012);
INSERT INTO sensor (id, device_id, sensor_type_id) VALUES (1, 1, 50);
INSERT INTO sensor (id, device_id, sensor_type_id) VALUES (2, 1, 51);
INSERT INTO device (id, device_type_id, name, address, port, bin_id, bin_section_id, year) VALUES (2, 13, 'EA Tach', 101, 5, 10, 10, 2012);
INSERT INTO sensor (id, device_id, sensor_type_id) VALUES (3, 2, 40);
INSERT INTO device (id, device_type_id, name, address, port, bin_id, bin_section_id, year) VALUES (3, 14, 'AB', 102, 0, 19, 10, 2012);
INSERT INTO sensor (id, device_id, sensor_type_id) VALUES (4, 3, 50);
INSERT INTO sensor (id, device_id, sensor_type_id) VALUES (5, 3, 51);
INSERT INTO device (id, device_type_id, name, address, port, bin_id, bin_section_id, year) VALUES (4, 13, 'EA Tach', 103, 5, 19, 10, 2012);
INSERT INTO sensor (id, device_id, sensor_type_id) VALUES (6, 4, 40);
INSERT INTO device (id, device_type_id, name, address, port, bin_id, bin_section_id, year) VALUES (5, 11, 'NA', 104, 0, 11, 11, 2012);
INSERT INTO sensor (id, device_id, sensor_type_id) VALUES (7, 5, 20);
INSERT INTO sensor (id, device_id, sensor_type_id) VALUES (8, 5, 21);
INSERT INTO device (id, device_type_id, name, address, port, bin_id, bin_section_id, year) VALUES (6, 10, 'NA', 105, 5, 11, 11, 2012);
INSERT INTO sensor (id, device_id, sensor_type_id) VALUES (9, 6, 10);
INSERT INTO sensor (id, device_id, sensor_type_id) VALUES (10, 6, 11);
INSERT INTO device (id, device_type_id, name, address, port, bin_id, bin_section_id, year) VALUES (7, 11, 'NA', 106, 0, 21, 11, 2012);
INSERT INTO sensor (id, device_id, sensor_type_id) VALUES (11, 7, 20);
INSERT INTO sensor (id, device_id, sensor_type_id) VALUES (12, 7, 21);
INSERT INTO device (id, device_type_id, name, address, port, bin_id, bin_section_id, year) VALUES (8, 10, 'NA', 107, 5, 21, 11, 2012);
INSERT INTO sensor (id, device_id, sensor_type_id) VALUES (13, 8, 10);
INSERT INTO sensor (id, device_id, sensor_type_id) VALUES (14, 8, 11);
INSERT INTO device (id, device_type_id, name, address, port, bin_id, bin_section_id, year) VALUES (9, 10, 'NA', 108, 5, 9, 9, 2012);
INSERT INTO sensor (id, device_id, sensor_type_id) VALUES (15, 9, 10);
INSERT INTO sensor (id, device_id, sensor_type_id) VALUES (16, 9, 11);
INSERT INTO device (id, device_type_id, name, address, port, bin_id, bin_section_id, year) VALUES (10, 10, 'NA', 109, 1, 12, 13, 2012);
INSERT INTO sensor (id, device_id, sensor_type_id) VALUES (17, 10, 10);
INSERT INTO sensor (id, device_id, sensor_type_id) VALUES (18, 10, 11);
INSERT INTO sensor (id, device_id, sensor_type_id) VALUES (19, 10, 12);
INSERT INTO sensor (id, device_id, sensor_type_id) VALUES (20, 10, 13);
INSERT INTO device (id, device_type_id, name, address, port, bin_id, bin_section_id, year) VALUES (11, 10, 'NA', 110, 2, 12, 14, 2012);
INSERT INTO sensor (id, device_id, sensor_type_id) VALUES (21, 11, 10);
INSERT INTO sensor (id, device_id, sensor_type_id) VALUES (22, 11, 11);
INSERT INTO device (id, device_type_id, name, address, port, bin_id, bin_section_id, year) VALUES (12, 10, 'NA', 111, 1, 13, 13, 2012);
INSERT INTO sensor (id, device_id, sensor_type_id) VALUES (23, 12, 10);
INSERT INTO sensor (id, device_id, sensor_type_id) VALUES (24, 12, 11);
INSERT INTO sensor (id, device_id, sensor_type_id) VALUES (25, 12, 12);
INSERT INTO sensor (id, device_id, sensor_type_id) VALUES (26, 12, 13);
INSERT INTO device (id, device_type_id, name, address, port, bin_id, bin_section_id, year) VALUES (13, 10, 'NA', 112, 2, 13, 14, 2012);
INSERT INTO sensor (id, device_id, sensor_type_id) VALUES (27, 13, 10);
INSERT INTO sensor (id, device_id, sensor_type_id) VALUES (28, 13, 11);
INSERT INTO device (id, device_type_id, name, address, port, bin_id, bin_section_id, year) VALUES (14, 10, 'NA', 113, 1, 14, 13, 2012);
INSERT INTO sensor (id, device_id, sensor_type_id) VALUES (29, 14, 10);
INSERT INTO sensor (id, device_id, sensor_type_id) VALUES (30, 14, 11);
INSERT INTO sensor (id, device_id, sensor_type_id) VALUES (31, 14, 12);
INSERT INTO sensor (id, device_id, sensor_type_id) VALUES (32, 14, 13);
INSERT INTO device (id, device_type_id, name, address, port, bin_id, bin_section_id, year) VALUES (15, 10, 'NA', 114, 2, 14, 14, 2012);
INSERT INTO sensor (id, device_id, sensor_type_id) VALUES (33, 15, 10);
INSERT INTO sensor (id, device_id, sensor_type_id) VALUES (34, 15, 11);
INSERT INTO device (id, device_type_id, name, address, port, bin_id, bin_section_id, year) VALUES (16, 10, 'NA', 115, 1, 15, 13, 2012);
INSERT INTO sensor (id, device_id, sensor_type_id) VALUES (35, 16, 10);
INSERT INTO sensor (id, device_id, sensor_type_id) VALUES (36, 16, 11);
INSERT INTO sensor (id, device_id, sensor_type_id) VALUES (37, 16, 12);
INSERT INTO sensor (id, device_id, sensor_type_id) VALUES (38, 16, 13);
INSERT INTO device (id, device_type_id, name, address, port, bin_id, bin_section_id, year) VALUES (17, 10, 'NA', 116, 2, 15, 14, 2012);
INSERT INTO sensor (id, device_id, sensor_type_id) VALUES (39, 17, 10);
INSERT INTO sensor (id, device_id, sensor_type_id) VALUES (40, 17, 11);
INSERT INTO device (id, device_type_id, name, address, port, bin_id, bin_section_id, year) VALUES (18, 10, 'NA', 117, 1, 17, 13, 2012);
INSERT INTO sensor (id, device_id, sensor_type_id) VALUES (41, 18, 10);
INSERT INTO sensor (id, device_id, sensor_type_id) VALUES (42, 18, 11);
INSERT INTO sensor (id, device_id, sensor_type_id) VALUES (43, 18, 12);
INSERT INTO sensor (id, device_id, sensor_type_id) VALUES (44, 18, 13);
INSERT INTO device (id, device_type_id, name, address, port, bin_id, bin_section_id, year) VALUES (19, 10, 'NA', 118, 2, 17, 14, 2012);
INSERT INTO sensor (id, device_id, sensor_type_id) VALUES (45, 19, 10);
INSERT INTO sensor (id, device_id, sensor_type_id) VALUES (46, 19, 11);
INSERT INTO device (id, device_type_id, name, address, port, bin_id, bin_section_id, year) VALUES (20, 10, 'NA', 119, 1, 21, 13, 2012);
INSERT INTO sensor (id, device_id, sensor_type_id) VALUES (47, 20, 10);
INSERT INTO sensor (id, device_id, sensor_type_id) VALUES (48, 20, 11);
INSERT INTO sensor (id, device_id, sensor_type_id) VALUES (49, 20, 12);
INSERT INTO sensor (id, device_id, sensor_type_id) VALUES (50, 20, 13);
INSERT INTO device (id, device_type_id, name, address, port, bin_id, bin_section_id, year) VALUES (21, 10, 'NA', 120, 2, 21, 14, 2012);
INSERT INTO sensor (id, device_id, sensor_type_id) VALUES (51, 21, 10);
INSERT INTO sensor (id, device_id, sensor_type_id) VALUES (52, 21, 11);
INSERT INTO device (id, device_type_id, name, address, port, bin_id, bin_section_id, year) VALUES (22, 10, 'NA', 121, 1, 22, 13, 2012);
INSERT INTO sensor (id, device_id, sensor_type_id) VALUES (53, 22, 10);
INSERT INTO sensor (id, device_id, sensor_type_id) VALUES (54, 22, 11);
INSERT INTO sensor (id, device_id, sensor_type_id) VALUES (55, 22, 12);
INSERT INTO sensor (id, device_id, sensor_type_id) VALUES (56, 22, 13);
INSERT INTO device (id, device_type_id, name, address, port, bin_id, bin_section_id, year) VALUES (23, 10, 'NA', 122, 2, 22, 14, 2012);
INSERT INTO sensor (id, device_id, sensor_type_id) VALUES (57, 23, 10);
INSERT INTO sensor (id, device_id, sensor_type_id) VALUES (58, 23, 11);
INSERT INTO device (id, device_type_id, name, address, port, bin_id, bin_section_id, year) VALUES (24, 10, 'NA', 123, 1, 23, 13, 2012);
INSERT INTO sensor (id, device_id, sensor_type_id) VALUES (59, 24, 10);
INSERT INTO sensor (id, device_id, sensor_type_id) VALUES (60, 24, 11);
INSERT INTO sensor (id, device_id, sensor_type_id) VALUES (61, 24, 12);
INSERT INTO sensor (id, device_id, sensor_type_id) VALUES (62, 24, 13);
INSERT INTO device (id, device_type_id, name, address, port, bin_id, bin_section_id, year) VALUES (25, 10, 'NA', 124, 2, 23, 14, 2012);
INSERT INTO sensor (id, device_id, sensor_type_id) VALUES (63, 25, 10);
INSERT INTO sensor (id, device_id, sensor_type_id) VALUES (64, 25, 11);
INSERT INTO device (id, device_type_id, name, address, port, bin_id, bin_section_id, year) VALUES (26, 10, 'NA', 125, 1, 24, 13, 2012);
INSERT INTO sensor (id, device_id, sensor_type_id) VALUES (65, 26, 10);
INSERT INTO sensor (id, device_id, sensor_type_id) VALUES (66, 26, 11);
INSERT INTO sensor (id, device_id, sensor_type_id) VALUES (67, 26, 12);
INSERT INTO sensor (id, device_id, sensor_type_id) VALUES (68, 26, 13);
INSERT INTO device (id, device_type_id, name, address, port, bin_id, bin_section_id, year) VALUES (27, 10, 'NA', 126, 2, 24, 14, 2012);
INSERT INTO sensor (id, device_id, sensor_type_id) VALUES (69, 27, 10);
INSERT INTO sensor (id, device_id, sensor_type_id) VALUES (70, 27, 11);
INSERT INTO device (id, device_type_id, name, address, port, bin_id, bin_section_id, year) VALUES (28, 10, 'NA', 127, 1, 25, 13, 2012);
INSERT INTO sensor (id, device_id, sensor_type_id) VALUES (71, 28, 10);
INSERT INTO sensor (id, device_id, sensor_type_id) VALUES (72, 28, 11);
INSERT INTO sensor (id, device_id, sensor_type_id) VALUES (73, 28, 12);
INSERT INTO sensor (id, device_id, sensor_type_id) VALUES (74, 28, 13);
INSERT INTO device (id, device_type_id, name, address, port, bin_id, bin_section_id, year) VALUES (29, 10, 'NA', 128, 2, 25, 14, 2012);
INSERT INTO sensor (id, device_id, sensor_type_id) VALUES (75, 29, 10);
INSERT INTO sensor (id, device_id, sensor_type_id) VALUES (76, 29, 11);
INSERT INTO reading (id, datetime) VALUES (0, TIMESTAMP '2012-08-19 12:39:45');
INSERT INTO reading_data (reading_id, bin_id, bin_section_id, sensor_type_id, value) VALUES (0, 10, 10, 50, 109.45429401);
INSERT INTO reading_data (reading_id, bin_id, bin_section_id, sensor_type_id, value) VALUES (0, 10, 10, 51, 117.578715675);
INSERT INTO reading_data (reading_id, bin_id, bin_section_id, sensor_type_id, value) VALUES (0, 10, 10, 40, 105.278219371);
INSERT INTO reading_data (reading_id, bin_id, bin_section_id, sensor_type_id, value) VALUES (0, 19, 10, 50, 88.767377618);
INSERT INTO reading_data (reading_id, bin_id, bin_section_id, sensor_type_id, value) VALUES (0, 19, 10, 51, 90.6798649844);
INSERT INTO reading_data (reading_id, bin_id, bin_section_id, sensor_type_id, value) VALUES (0, 19, 10, 40, 109.440937573);
INSERT INTO reading_data (reading_id, bin_id, bin_section_id, sensor_type_id, value) VALUES (0, 11, 11, 20, 91.0426836633);
INSERT INTO reading_data (reading_id, bin_id, bin_section_id, sensor_type_id, value) VALUES (0, 11, 11, 21, 125.660842495);
INSERT INTO reading_data (reading_id, bin_id, bin_section_id, sensor_type_id, value) VALUES (0, 11, 11, 10, 117.030750227);
INSERT INTO reading_data (reading_id, bin_id, bin_section_id, sensor_type_id, value) VALUES (0, 11, 11, 11, 120.333394491);
INSERT INTO reading_data (reading_id, bin_id, bin_section_id, sensor_type_id, value) VALUES (0, 21, 11, 20, 104.414456573);
INSERT INTO reading_data (reading_id, bin_id, bin_section_id, sensor_type_id, value) VALUES (0, 21, 11, 21, 105.012407128);
INSERT INTO reading_data (reading_id, bin_id, bin_section_id, sensor_type_id, value) VALUES (0, 21, 11, 10, 120.199141287);
INSERT INTO reading_data (reading_id, bin_id, bin_section_id, sensor_type_id, value) VALUES (0, 21, 11, 11, 107.106535848);
INSERT INTO reading_data (reading_id, bin_id, bin_section_id, sensor_type_id, value) VALUES (0, 9, 14, 10, 99.6391612048);
INSERT INTO reading_data (reading_id, bin_id, bin_section_id, sensor_type_id, value) VALUES (0, 9, 14, 11, 125.459411797);
INSERT INTO reading_data (reading_id, bin_id, bin_section_id, sensor_type_id, value) VALUES (0, 12, 13, 10, 91.5906145023);
INSERT INTO reading_data (reading_id, bin_id, bin_section_id, sensor_type_id, value) VALUES (0, 12, 13, 11, 128.54682571);
INSERT INTO reading_data (reading_id, bin_id, bin_section_id, sensor_type_id, value) VALUES (0, 12, 13, 12, 101.844696937);
INSERT INTO reading_data (reading_id, bin_id, bin_section_id, sensor_type_id, value) VALUES (0, 12, 13, 13, 0);
INSERT INTO reading_data (reading_id, bin_id, bin_section_id, sensor_type_id, value) VALUES (0, 12, 14, 10, 125.316530823);
INSERT INTO reading_data (reading_id, bin_id, bin_section_id, sensor_type_id, value) VALUES (0, 12, 14, 11, 117.90705646);
INSERT INTO reading_data (reading_id, bin_id, bin_section_id, sensor_type_id, value) VALUES (0, 13, 13, 10, 122.137862424);
INSERT INTO reading_data (reading_id, bin_id, bin_section_id, sensor_type_id, value) VALUES (0, 13, 13, 11, 86.5864270977);
INSERT INTO reading_data (reading_id, bin_id, bin_section_id, sensor_type_id, value) VALUES (0, 13, 13, 12, 104.07853572);
INSERT INTO reading_data (reading_id, bin_id, bin_section_id, sensor_type_id, value) VALUES (0, 13, 13, 13, 0);
INSERT INTO reading_data (reading_id, bin_id, bin_section_id, sensor_type_id, value) VALUES (0, 13, 14, 10, 92.4303201728);
INSERT INTO reading_data (reading_id, bin_id, bin_section_id, sensor_type_id, value) VALUES (0, 13, 14, 11, 125.175777632);
INSERT INTO reading_data (reading_id, bin_id, bin_section_id, sensor_type_id, value) VALUES (0, 14, 13, 10, 120.084139088);
INSERT INTO reading_data (reading_id, bin_id, bin_section_id, sensor_type_id, value) VALUES (0, 14, 13, 11, 94.3305874781);
INSERT INTO reading_data (reading_id, bin_id, bin_section_id, sensor_type_id, value) VALUES (0, 14, 13, 12, 100.528005709);
INSERT INTO reading_data (reading_id, bin_id, bin_section_id, sensor_type_id, value) VALUES (0, 14, 13, 13, 0);
INSERT INTO reading_data (reading_id, bin_id, bin_section_id, sensor_type_id, value) VALUES (0, 14, 14, 10, 105.963189258);
INSERT INTO reading_data (reading_id, bin_id, bin_section_id, sensor_type_id, value) VALUES (0, 14, 14, 11, 97.2497229713);
INSERT INTO reading_data (reading_id, bin_id, bin_section_id, sensor_type_id, value) VALUES (0, 15, 13, 10, 84.3462968417);
INSERT INTO reading_data (reading_id, bin_id, bin_section_id, sensor_type_id, value) VALUES (0, 15, 13, 11, 107.22239797);
INSERT INTO reading_data (reading_id, bin_id, bin_section_id, sensor_type_id, value) VALUES (0, 15, 13, 12, 122.018373409);
INSERT INTO reading_data (reading_id, bin_id, bin_section_id, sensor_type_id, value) VALUES (0, 15, 13, 13, 1);
INSERT INTO reading_data (reading_id, bin_id, bin_section_id, sensor_type_id, value) VALUES (0, 15, 14, 10, 107.967904549);
INSERT INTO reading_data (reading_id, bin_id, bin_section_id, sensor_type_id, value) VALUES (0, 15, 14, 11, 128.774253046);
INSERT INTO reading_data (reading_id, bin_id, bin_section_id, sensor_type_id, value) VALUES (0, 17, 13, 10, 124.649500557);
INSERT INTO reading_data (reading_id, bin_id, bin_section_id, sensor_type_id, value) VALUES (0, 17, 13, 11, 107.223297537);
INSERT INTO reading_data (reading_id, bin_id, bin_section_id, sensor_type_id, value) VALUES (0, 17, 13, 12, 100.382204701);
INSERT INTO reading_data (reading_id, bin_id, bin_section_id, sensor_type_id, value) VALUES (0, 17, 13, 13, 1);
INSERT INTO reading_data (reading_id, bin_id, bin_section_id, sensor_type_id, value) VALUES (0, 17, 14, 10, 81.1359435768);
INSERT INTO reading_data (reading_id, bin_id, bin_section_id, sensor_type_id, value) VALUES (0, 17, 14, 11, 110.402390524);
INSERT INTO reading_data (reading_id, bin_id, bin_section_id, sensor_type_id, value) VALUES (0, 21, 13, 10, 80.3137988978);
INSERT INTO reading_data (reading_id, bin_id, bin_section_id, sensor_type_id, value) VALUES (0, 21, 13, 11, 125.880765858);
INSERT INTO reading_data (reading_id, bin_id, bin_section_id, sensor_type_id, value) VALUES (0, 21, 13, 12, 91.3331590189);
INSERT INTO reading_data (reading_id, bin_id, bin_section_id, sensor_type_id, value) VALUES (0, 21, 13, 13, 0);
INSERT INTO reading_data (reading_id, bin_id, bin_section_id, sensor_type_id, value) VALUES (0, 21, 14, 10, 115.139820632);
INSERT INTO reading_data (reading_id, bin_id, bin_section_id, sensor_type_id, value) VALUES (0, 21, 14, 11, 84.764996559);
INSERT INTO reading_data (reading_id, bin_id, bin_section_id, sensor_type_id, value) VALUES (0, 22, 13, 10, 123.894710945);
INSERT INTO reading_data (reading_id, bin_id, bin_section_id, sensor_type_id, value) VALUES (0, 22, 13, 11, 96.6774229071);
INSERT INTO reading_data (reading_id, bin_id, bin_section_id, sensor_type_id, value) VALUES (0, 22, 13, 12, 110.169281237);
INSERT INTO reading_data (reading_id, bin_id, bin_section_id, sensor_type_id, value) VALUES (0, 22, 13, 13, 0);
INSERT INTO reading_data (reading_id, bin_id, bin_section_id, sensor_type_id, value) VALUES (0, 22, 14, 10, 129.031631284);
INSERT INTO reading_data (reading_id, bin_id, bin_section_id, sensor_type_id, value) VALUES (0, 22, 14, 11, 109.828715376);
INSERT INTO reading_data (reading_id, bin_id, bin_section_id, sensor_type_id, value) VALUES (0, 23, 13, 10, 81.8884464198);
INSERT INTO reading_data (reading_id, bin_id, bin_section_id, sensor_type_id, value) VALUES (0, 23, 13, 11, 127.233623897);
INSERT INTO reading_data (reading_id, bin_id, bin_section_id, sensor_type_id, value) VALUES (0, 23, 13, 12, 115.937952721);
INSERT INTO reading_data (reading_id, bin_id, bin_section_id, sensor_type_id, value) VALUES (0, 23, 13, 13, 1);
INSERT INTO reading_data (reading_id, bin_id, bin_section_id, sensor_type_id, value) VALUES (0, 23, 14, 10, 94.5907245413);
INSERT INTO reading_data (reading_id, bin_id, bin_section_id, sensor_type_id, value) VALUES (0, 23, 14, 11, 107.049870817);
INSERT INTO reading_data (reading_id, bin_id, bin_section_id, sensor_type_id, value) VALUES (0, 24, 13, 10, 109.902640984);
INSERT INTO reading_data (reading_id, bin_id, bin_section_id, sensor_type_id, value) VALUES (0, 24, 13, 11, 112.064487199);
INSERT INTO reading_data (reading_id, bin_id, bin_section_id, sensor_type_id, value) VALUES (0, 24, 13, 12, 81.0067027376);
INSERT INTO reading_data (reading_id, bin_id, bin_section_id, sensor_type_id, value) VALUES (0, 24, 13, 13, 1);
INSERT INTO reading_data (reading_id, bin_id, bin_section_id, sensor_type_id, value) VALUES (0, 24, 14, 10, 106.777560261);
INSERT INTO reading_data (reading_id, bin_id, bin_section_id, sensor_type_id, value) VALUES (0, 24, 14, 11, 112.128989193);
INSERT INTO reading_data (reading_id, bin_id, bin_section_id, sensor_type_id, value) VALUES (0, 25, 13, 10, 102.235172498);
INSERT INTO reading_data (reading_id, bin_id, bin_section_id, sensor_type_id, value) VALUES (0, 25, 13, 11, 110.352361933);
INSERT INTO reading_data (reading_id, bin_id, bin_section_id, sensor_type_id, value) VALUES (0, 25, 13, 12, 90.2898489575);
INSERT INTO reading_data (reading_id, bin_id, bin_section_id, sensor_type_id, value) VALUES (0, 25, 13, 13, 0);
INSERT INTO reading_data (reading_id, bin_id, bin_section_id, sensor_type_id, value) VALUES (0, 25, 14, 10, 87.9452824033);
INSERT INTO reading_data (reading_id, bin_id, bin_section_id, sensor_type_id, value) VALUES (0, 25, 14, 11, 124.232967184);
INSERT INTO reading (id, datetime) VALUES (1, TIMESTAMP '2012-08-19 12:44:45');
INSERT INTO reading_data (reading_id, bin_id, bin_section_id, sensor_type_id, value) VALUES (1, 10, 10, 50, 82.7532874352);
INSERT INTO reading_data (reading_id, bin_id, bin_section_id, sensor_type_id, value) VALUES (1, 10, 10, 51, 86.1008200176);
INSERT INTO reading_data (reading_id, bin_id, bin_section_id, sensor_type_id, value) VALUES (1, 10, 10, 40, 105.086095918);
INSERT INTO reading_data (reading_id, bin_id, bin_section_id, sensor_type_id, value) VALUES (1, 19, 10, 50, 91.6049212307);
INSERT INTO reading_data (reading_id, bin_id, bin_section_id, sensor_type_id, value) VALUES (1, 19, 10, 51, 117.016244535);
INSERT INTO reading_data (reading_id, bin_id, bin_section_id, sensor_type_id, value) VALUES (1, 19, 10, 40, 129.863508431);
INSERT INTO reading_data (reading_id, bin_id, bin_section_id, sensor_type_id, value) VALUES (1, 11, 11, 20, 81.9162592769);
INSERT INTO reading_data (reading_id, bin_id, bin_section_id, sensor_type_id, value) VALUES (1, 11, 11, 21, 99.6973218481);
INSERT INTO reading_data (reading_id, bin_id, bin_section_id, sensor_type_id, value) VALUES (1, 11, 11, 10, 110.689553491);
INSERT INTO reading_data (reading_id, bin_id, bin_section_id, sensor_type_id, value) VALUES (1, 11, 11, 11, 110.508262865);
INSERT INTO reading_data (reading_id, bin_id, bin_section_id, sensor_type_id, value) VALUES (1, 21, 11, 20, 108.563800296);
INSERT INTO reading_data (reading_id, bin_id, bin_section_id, sensor_type_id, value) VALUES (1, 21, 11, 21, 110.408139018);
INSERT INTO reading_data (reading_id, bin_id, bin_section_id, sensor_type_id, value) VALUES (1, 21, 11, 10, 88.6525519144);
INSERT INTO reading_data (reading_id, bin_id, bin_section_id, sensor_type_id, value) VALUES (1, 21, 11, 11, 126.279520025);
INSERT INTO reading_data (reading_id, bin_id, bin_section_id, sensor_type_id, value) VALUES (1, 9, 14, 10, 88.626161247);
INSERT INTO reading_data (reading_id, bin_id, bin_section_id, sensor_type_id, value) VALUES (1, 9, 14, 11, 103.968457283);
INSERT INTO reading_data (reading_id, bin_id, bin_section_id, sensor_type_id, value) VALUES (1, 12, 13, 10, 100.365603585);
INSERT INTO reading_data (reading_id, bin_id, bin_section_id, sensor_type_id, value) VALUES (1, 12, 13, 11, 86.2229060107);
INSERT INTO reading_data (reading_id, bin_id, bin_section_id, sensor_type_id, value) VALUES (1, 12, 13, 12, 81.484488157);
INSERT INTO reading_data (reading_id, bin_id, bin_section_id, sensor_type_id, value) VALUES (1, 12, 13, 13, 1);
INSERT INTO reading_data (reading_id, bin_id, bin_section_id, sensor_type_id, value) VALUES (1, 12, 14, 10, 105.941088057);
INSERT INTO reading_data (reading_id, bin_id, bin_section_id, sensor_type_id, value) VALUES (1, 12, 14, 11, 120.608625116);
INSERT INTO reading_data (reading_id, bin_id, bin_section_id, sensor_type_id, value) VALUES (1, 13, 13, 10, 95.9596894737);
INSERT INTO reading_data (reading_id, bin_id, bin_section_id, sensor_type_id, value) VALUES (1, 13, 13, 11, 86.1175701756);
INSERT INTO reading_data (reading_id, bin_id, bin_section_id, sensor_type_id, value) VALUES (1, 13, 13, 12, 94.7909949815);
INSERT INTO reading_data (reading_id, bin_id, bin_section_id, sensor_type_id, value) VALUES (1, 13, 13, 13, 1);
INSERT INTO reading_data (reading_id, bin_id, bin_section_id, sensor_type_id, value) VALUES (1, 13, 14, 10, 92.1167265227);
INSERT INTO reading_data (reading_id, bin_id, bin_section_id, sensor_type_id, value) VALUES (1, 13, 14, 11, 118.641042916);
INSERT INTO reading_data (reading_id, bin_id, bin_section_id, sensor_type_id, value) VALUES (1, 14, 13, 10, 117.861687462);
INSERT INTO reading_data (reading_id, bin_id, bin_section_id, sensor_type_id, value) VALUES (1, 14, 13, 11, 96.8668875441);
INSERT INTO reading_data (reading_id, bin_id, bin_section_id, sensor_type_id, value) VALUES (1, 14, 13, 12, 117.327054799);
INSERT INTO reading_data (reading_id, bin_id, bin_section_id, sensor_type_id, value) VALUES (1, 14, 13, 13, 1);
INSERT INTO reading_data (reading_id, bin_id, bin_section_id, sensor_type_id, value) VALUES (1, 14, 14, 10, 92.0578590848);
INSERT INTO reading_data (reading_id, bin_id, bin_section_id, sensor_type_id, value) VALUES (1, 14, 14, 11, 128.985606213);
INSERT INTO reading_data (reading_id, bin_id, bin_section_id, sensor_type_id, value) VALUES (1, 15, 13, 10, 89.9586620881);
INSERT INTO reading_data (reading_id, bin_id, bin_section_id, sensor_type_id, value) VALUES (1, 15, 13, 11, 121.70812121);
INSERT INTO reading_data (reading_id, bin_id, bin_section_id, sensor_type_id, value) VALUES (1, 15, 13, 12, 108.800567734);
INSERT INTO reading_data (reading_id, bin_id, bin_section_id, sensor_type_id, value) VALUES (1, 15, 13, 13, 1);
INSERT INTO reading_data (reading_id, bin_id, bin_section_id, sensor_type_id, value) VALUES (1, 15, 14, 10, 116.082743415);
INSERT INTO reading_data (reading_id, bin_id, bin_section_id, sensor_type_id, value) VALUES (1, 15, 14, 11, 101.719484074);
INSERT INTO reading_data (reading_id, bin_id, bin_section_id, sensor_type_id, value) VALUES (1, 17, 13, 10, 119.653623681);
INSERT INTO reading_data (reading_id, bin_id, bin_section_id, sensor_type_id, value) VALUES (1, 17, 13, 11, 116.791922478);
INSERT INTO reading_data (reading_id, bin_id, bin_section_id, sensor_type_id, value) VALUES (1, 17, 13, 12, 89.3491702064);
INSERT INTO reading_data (reading_id, bin_id, bin_section_id, sensor_type_id, value) VALUES (1, 17, 13, 13, 0);
INSERT INTO reading_data (reading_id, bin_id, bin_section_id, sensor_type_id, value) VALUES (1, 17, 14, 10, 113.470208025);
INSERT INTO reading_data (reading_id, bin_id, bin_section_id, sensor_type_id, value) VALUES (1, 17, 14, 11, 116.479538224);
INSERT INTO reading_data (reading_id, bin_id, bin_section_id, sensor_type_id, value) VALUES (1, 21, 13, 10, 112.422695288);
INSERT INTO reading_data (reading_id, bin_id, bin_section_id, sensor_type_id, value) VALUES (1, 21, 13, 11, 85.4645909517);
INSERT INTO reading_data (reading_id, bin_id, bin_section_id, sensor_type_id, value) VALUES (1, 21, 13, 12, 86.981784414);
INSERT INTO reading_data (reading_id, bin_id, bin_section_id, sensor_type_id, value) VALUES (1, 21, 13, 13, 0);
INSERT INTO reading_data (reading_id, bin_id, bin_section_id, sensor_type_id, value) VALUES (1, 21, 14, 10, 106.642132851);
INSERT INTO reading_data (reading_id, bin_id, bin_section_id, sensor_type_id, value) VALUES (1, 21, 14, 11, 125.146100211);
INSERT INTO reading_data (reading_id, bin_id, bin_section_id, sensor_type_id, value) VALUES (1, 22, 13, 10, 110.675260189);
INSERT INTO reading_data (reading_id, bin_id, bin_section_id, sensor_type_id, value) VALUES (1, 22, 13, 11, 86.7899968302);
INSERT INTO reading_data (reading_id, bin_id, bin_section_id, sensor_type_id, value) VALUES (1, 22, 13, 12, 92.1818780282);
INSERT INTO reading_data (reading_id, bin_id, bin_section_id, sensor_type_id, value) VALUES (1, 22, 13, 13, 0);
INSERT INTO reading_data (reading_id, bin_id, bin_section_id, sensor_type_id, value) VALUES (1, 22, 14, 10, 112.086185252);
INSERT INTO reading_data (reading_id, bin_id, bin_section_id, sensor_type_id, value) VALUES (1, 22, 14, 11, 86.576320302);
INSERT INTO reading_data (reading_id, bin_id, bin_section_id, sensor_type_id, value) VALUES (1, 23, 13, 10, 128.261080972);
INSERT INTO reading_data (reading_id, bin_id, bin_section_id, sensor_type_id, value) VALUES (1, 23, 13, 11, 107.707704775);
INSERT INTO reading_data (reading_id, bin_id, bin_section_id, sensor_type_id, value) VALUES (1, 23, 13, 12, 126.688375127);
INSERT INTO reading_data (reading_id, bin_id, bin_section_id, sensor_type_id, value) VALUES (1, 23, 13, 13, 1);
INSERT INTO reading_data (reading_id, bin_id, bin_section_id, sensor_type_id, value) VALUES (1, 23, 14, 10, 85.1075906855);
INSERT INTO reading_data (reading_id, bin_id, bin_section_id, sensor_type_id, value) VALUES (1, 23, 14, 11, 95.8739924918);
INSERT INTO reading_data (reading_id, bin_id, bin_section_id, sensor_type_id, value) VALUES (1, 24, 13, 10, 128.554645147);
INSERT INTO reading_data (reading_id, bin_id, bin_section_id, sensor_type_id, value) VALUES (1, 24, 13, 11, 113.203741323);
INSERT INTO reading_data (reading_id, bin_id, bin_section_id, sensor_type_id, value) VALUES (1, 24, 13, 12, 88.293357338);
INSERT INTO reading_data (reading_id, bin_id, bin_section_id, sensor_type_id, value) VALUES (1, 24, 13, 13, 0);
INSERT INTO reading_data (reading_id, bin_id, bin_section_id, sensor_type_id, value) VALUES (1, 24, 14, 10, 94.0377398191);
INSERT INTO reading_data (reading_id, bin_id, bin_section_id, sensor_type_id, value) VALUES (1, 24, 14, 11, 91.2888160538);
INSERT INTO reading_data (reading_id, bin_id, bin_section_id, sensor_type_id, value) VALUES (1, 25, 13, 10, 105.096089475);
INSERT INTO reading_data (reading_id, bin_id, bin_section_id, sensor_type_id, value) VALUES (1, 25, 13, 11, 129.723781964);
INSERT INTO reading_data (reading_id, bin_id, bin_section_id, sensor_type_id, value) VALUES (1, 25, 13, 12, 107.839111883);
INSERT INTO reading_data (reading_id, bin_id, bin_section_id, sensor_type_id, value) VALUES (1, 25, 13, 13, 1);
INSERT INTO reading_data (reading_id, bin_id, bin_section_id, sensor_type_id, value) VALUES (1, 25, 14, 10, 100.746444662);
INSERT INTO reading_data (reading_id, bin_id, bin_section_id, sensor_type_id, value) VALUES (1, 25, 14, 11, 82.4586455484);
INSERT INTO reading (id, datetime) VALUES (2, TIMESTAMP '2012-08-19 12:49:45');
INSERT INTO reading_data (reading_id, bin_id, bin_section_id, sensor_type_id, value) VALUES (2, 10, 10, 50, 129.06883395);
INSERT INTO reading_data (reading_id, bin_id, bin_section_id, sensor_type_id, value) VALUES (2, 10, 10, 51, 98.263189696);
INSERT INTO reading_data (reading_id, bin_id, bin_section_id, sensor_type_id, value) VALUES (2, 10, 10, 40, 125.378155662);
INSERT INTO reading_data (reading_id, bin_id, bin_section_id, sensor_type_id, value) VALUES (2, 19, 10, 50, 110.087500932);
INSERT INTO reading_data (reading_id, bin_id, bin_section_id, sensor_type_id, value) VALUES (2, 19, 10, 51, 122.964526004);
INSERT INTO reading_data (reading_id, bin_id, bin_section_id, sensor_type_id, value) VALUES (2, 19, 10, 40, 110.764680969);
INSERT INTO reading_data (reading_id, bin_id, bin_section_id, sensor_type_id, value) VALUES (2, 11, 11, 20, 90.4647379698);
INSERT INTO reading_data (reading_id, bin_id, bin_section_id, sensor_type_id, value) VALUES (2, 11, 11, 21, 112.517114827);
INSERT INTO reading_data (reading_id, bin_id, bin_section_id, sensor_type_id, value) VALUES (2, 11, 11, 10, 117.619152362);
INSERT INTO reading_data (reading_id, bin_id, bin_section_id, sensor_type_id, value) VALUES (2, 11, 11, 11, 123.50929837);
INSERT INTO reading_data (reading_id, bin_id, bin_section_id, sensor_type_id, value) VALUES (2, 21, 11, 20, 89.3050866517);
INSERT INTO reading_data (reading_id, bin_id, bin_section_id, sensor_type_id, value) VALUES (2, 21, 11, 21, 126.219843924);
INSERT INTO reading_data (reading_id, bin_id, bin_section_id, sensor_type_id, value) VALUES (2, 21, 11, 10, 89.613860704);
INSERT INTO reading_data (reading_id, bin_id, bin_section_id, sensor_type_id, value) VALUES (2, 21, 11, 11, 126.47151957);
INSERT INTO reading_data (reading_id, bin_id, bin_section_id, sensor_type_id, value) VALUES (2, 9, 14, 10, 91.5235452349);
INSERT INTO reading_data (reading_id, bin_id, bin_section_id, sensor_type_id, value) VALUES (2, 9, 14, 11, 88.6974737847);
INSERT INTO reading_data (reading_id, bin_id, bin_section_id, sensor_type_id, value) VALUES (2, 12, 13, 10, 122.206466949);
INSERT INTO reading_data (reading_id, bin_id, bin_section_id, sensor_type_id, value) VALUES (2, 12, 13, 11, 96.6883576156);
INSERT INTO reading_data (reading_id, bin_id, bin_section_id, sensor_type_id, value) VALUES (2, 12, 13, 12, 87.4286527844);
INSERT INTO reading_data (reading_id, bin_id, bin_section_id, sensor_type_id, value) VALUES (2, 12, 13, 13, 0);
INSERT INTO reading_data (reading_id, bin_id, bin_section_id, sensor_type_id, value) VALUES (2, 12, 14, 10, 99.4579406521);
INSERT INTO reading_data (reading_id, bin_id, bin_section_id, sensor_type_id, value) VALUES (2, 12, 14, 11, 95.7720856345);
INSERT INTO reading_data (reading_id, bin_id, bin_section_id, sensor_type_id, value) VALUES (2, 13, 13, 10, 110.318237484);
INSERT INTO reading_data (reading_id, bin_id, bin_section_id, sensor_type_id, value) VALUES (2, 13, 13, 11, 92.4464375709);
INSERT INTO reading_data (reading_id, bin_id, bin_section_id, sensor_type_id, value) VALUES (2, 13, 13, 12, 105.078348806);
INSERT INTO reading_data (reading_id, bin_id, bin_section_id, sensor_type_id, value) VALUES (2, 13, 13, 13, 0);
INSERT INTO reading_data (reading_id, bin_id, bin_section_id, sensor_type_id, value) VALUES (2, 13, 14, 10, 107.83499684);
INSERT INTO reading_data (reading_id, bin_id, bin_section_id, sensor_type_id, value) VALUES (2, 13, 14, 11, 108.228829458);
INSERT INTO reading_data (reading_id, bin_id, bin_section_id, sensor_type_id, value) VALUES (2, 14, 13, 10, 101.766745679);
INSERT INTO reading_data (reading_id, bin_id, bin_section_id, sensor_type_id, value) VALUES (2, 14, 13, 11, 88.0283854183);
INSERT INTO reading_data (reading_id, bin_id, bin_section_id, sensor_type_id, value) VALUES (2, 14, 13, 12, 121.768331252);
INSERT INTO reading_data (reading_id, bin_id, bin_section_id, sensor_type_id, value) VALUES (2, 14, 13, 13, 0);
INSERT INTO reading_data (reading_id, bin_id, bin_section_id, sensor_type_id, value) VALUES (2, 14, 14, 10, 106.948682513);
INSERT INTO reading_data (reading_id, bin_id, bin_section_id, sensor_type_id, value) VALUES (2, 14, 14, 11, 112.83797453);
INSERT INTO reading_data (reading_id, bin_id, bin_section_id, sensor_type_id, value) VALUES (2, 15, 13, 10, 129.981382781);
INSERT INTO reading_data (reading_id, bin_id, bin_section_id, sensor_type_id, value) VALUES (2, 15, 13, 11, 82.6898974718);
INSERT INTO reading_data (reading_id, bin_id, bin_section_id, sensor_type_id, value) VALUES (2, 15, 13, 12, 93.5213919925);
INSERT INTO reading_data (reading_id, bin_id, bin_section_id, sensor_type_id, value) VALUES (2, 15, 13, 13, 0);
INSERT INTO reading_data (reading_id, bin_id, bin_section_id, sensor_type_id, value) VALUES (2, 15, 14, 10, 108.070854227);
INSERT INTO reading_data (reading_id, bin_id, bin_section_id, sensor_type_id, value) VALUES (2, 15, 14, 11, 129.946924226);
INSERT INTO reading_data (reading_id, bin_id, bin_section_id, sensor_type_id, value) VALUES (2, 17, 13, 10, 97.5198435083);
INSERT INTO reading_data (reading_id, bin_id, bin_section_id, sensor_type_id, value) VALUES (2, 17, 13, 11, 106.156429039);
INSERT INTO reading_data (reading_id, bin_id, bin_section_id, sensor_type_id, value) VALUES (2, 17, 13, 12, 121.155780656);
INSERT INTO reading_data (reading_id, bin_id, bin_section_id, sensor_type_id, value) VALUES (2, 17, 13, 13, 0);
INSERT INTO reading_data (reading_id, bin_id, bin_section_id, sensor_type_id, value) VALUES (2, 17, 14, 10, 92.4974358528);
INSERT INTO reading_data (reading_id, bin_id, bin_section_id, sensor_type_id, value) VALUES (2, 17, 14, 11, 120.921285167);
INSERT INTO reading_data (reading_id, bin_id, bin_section_id, sensor_type_id, value) VALUES (2, 21, 13, 10, 117.276018189);
INSERT INTO reading_data (reading_id, bin_id, bin_section_id, sensor_type_id, value) VALUES (2, 21, 13, 11, 113.565096687);
INSERT INTO reading_data (reading_id, bin_id, bin_section_id, sensor_type_id, value) VALUES (2, 21, 13, 12, 128.245697518);
INSERT INTO reading_data (reading_id, bin_id, bin_section_id, sensor_type_id, value) VALUES (2, 21, 13, 13, 0);
INSERT INTO reading_data (reading_id, bin_id, bin_section_id, sensor_type_id, value) VALUES (2, 21, 14, 10, 93.6670104338);
INSERT INTO reading_data (reading_id, bin_id, bin_section_id, sensor_type_id, value) VALUES (2, 21, 14, 11, 125.074570618);
INSERT INTO reading_data (reading_id, bin_id, bin_section_id, sensor_type_id, value) VALUES (2, 22, 13, 10, 105.806089381);
INSERT INTO reading_data (reading_id, bin_id, bin_section_id, sensor_type_id, value) VALUES (2, 22, 13, 11, 82.1592417388);
INSERT INTO reading_data (reading_id, bin_id, bin_section_id, sensor_type_id, value) VALUES (2, 22, 13, 12, 85.6750487886);
INSERT INTO reading_data (reading_id, bin_id, bin_section_id, sensor_type_id, value) VALUES (2, 22, 13, 13, 1);
INSERT INTO reading_data (reading_id, bin_id, bin_section_id, sensor_type_id, value) VALUES (2, 22, 14, 10, 112.030440859);
INSERT INTO reading_data (reading_id, bin_id, bin_section_id, sensor_type_id, value) VALUES (2, 22, 14, 11, 84.1881211355);
INSERT INTO reading_data (reading_id, bin_id, bin_section_id, sensor_type_id, value) VALUES (2, 23, 13, 10, 96.8957550056);
INSERT INTO reading_data (reading_id, bin_id, bin_section_id, sensor_type_id, value) VALUES (2, 23, 13, 11, 108.663040244);
INSERT INTO reading_data (reading_id, bin_id, bin_section_id, sensor_type_id, value) VALUES (2, 23, 13, 12, 92.5943334084);
INSERT INTO reading_data (reading_id, bin_id, bin_section_id, sensor_type_id, value) VALUES (2, 23, 13, 13, 0);
INSERT INTO reading_data (reading_id, bin_id, bin_section_id, sensor_type_id, value) VALUES (2, 23, 14, 10, 116.83648188);
INSERT INTO reading_data (reading_id, bin_id, bin_section_id, sensor_type_id, value) VALUES (2, 23, 14, 11, 114.988839164);
INSERT INTO reading_data (reading_id, bin_id, bin_section_id, sensor_type_id, value) VALUES (2, 24, 13, 10, 122.218898969);
INSERT INTO reading_data (reading_id, bin_id, bin_section_id, sensor_type_id, value) VALUES (2, 24, 13, 11, 85.0281152711);
INSERT INTO reading_data (reading_id, bin_id, bin_section_id, sensor_type_id, value) VALUES (2, 24, 13, 12, 91.6947763425);
INSERT INTO reading_data (reading_id, bin_id, bin_section_id, sensor_type_id, value) VALUES (2, 24, 13, 13, 1);
INSERT INTO reading_data (reading_id, bin_id, bin_section_id, sensor_type_id, value) VALUES (2, 24, 14, 10, 88.6271869549);
INSERT INTO reading_data (reading_id, bin_id, bin_section_id, sensor_type_id, value) VALUES (2, 24, 14, 11, 91.1674168154);
INSERT INTO reading_data (reading_id, bin_id, bin_section_id, sensor_type_id, value) VALUES (2, 25, 13, 10, 94.0830118953);
INSERT INTO reading_data (reading_id, bin_id, bin_section_id, sensor_type_id, value) VALUES (2, 25, 13, 11, 121.946229114);
INSERT INTO reading_data (reading_id, bin_id, bin_section_id, sensor_type_id, value) VALUES (2, 25, 13, 12, 95.0422887345);
INSERT INTO reading_data (reading_id, bin_id, bin_section_id, sensor_type_id, value) VALUES (2, 25, 13, 13, 0);
INSERT INTO reading_data (reading_id, bin_id, bin_section_id, sensor_type_id, value) VALUES (2, 25, 14, 10, 125.777051595);
INSERT INTO reading_data (reading_id, bin_id, bin_section_id, sensor_type_id, value) VALUES (2, 25, 14, 11, 122.934089949);
INSERT INTO reading (id, datetime) VALUES (3, TIMESTAMP '2012-08-19 12:54:45');
INSERT INTO reading_data (reading_id, bin_id, bin_section_id, sensor_type_id, value) VALUES (3, 10, 10, 50, 123.241490507);
INSERT INTO reading_data (reading_id, bin_id, bin_section_id, sensor_type_id, value) VALUES (3, 10, 10, 51, 103.474735229);
INSERT INTO reading_data (reading_id, bin_id, bin_section_id, sensor_type_id, value) VALUES (3, 10, 10, 40, 92.4132969686);
INSERT INTO reading_data (reading_id, bin_id, bin_section_id, sensor_type_id, value) VALUES (3, 19, 10, 50, 111.091573388);
INSERT INTO reading_data (reading_id, bin_id, bin_section_id, sensor_type_id, value) VALUES (3, 19, 10, 51, 119.8400189);
INSERT INTO reading_data (reading_id, bin_id, bin_section_id, sensor_type_id, value) VALUES (3, 19, 10, 40, 122.695405095);
INSERT INTO reading_data (reading_id, bin_id, bin_section_id, sensor_type_id, value) VALUES (3, 11, 11, 20, 96.2999006972);
INSERT INTO reading_data (reading_id, bin_id, bin_section_id, sensor_type_id, value) VALUES (3, 11, 11, 21, 128.50201614);
INSERT INTO reading_data (reading_id, bin_id, bin_section_id, sensor_type_id, value) VALUES (3, 11, 11, 10, 116.015432068);
INSERT INTO reading_data (reading_id, bin_id, bin_section_id, sensor_type_id, value) VALUES (3, 11, 11, 11, 92.1703409449);
INSERT INTO reading_data (reading_id, bin_id, bin_section_id, sensor_type_id, value) VALUES (3, 21, 11, 20, 101.336916032);
INSERT INTO reading_data (reading_id, bin_id, bin_section_id, sensor_type_id, value) VALUES (3, 21, 11, 21, 106.599758042);
INSERT INTO reading_data (reading_id, bin_id, bin_section_id, sensor_type_id, value) VALUES (3, 21, 11, 10, 129.607201752);
INSERT INTO reading_data (reading_id, bin_id, bin_section_id, sensor_type_id, value) VALUES (3, 21, 11, 11, 99.9338119581);
INSERT INTO reading_data (reading_id, bin_id, bin_section_id, sensor_type_id, value) VALUES (3, 9, 14, 10, 123.57706286);
INSERT INTO reading_data (reading_id, bin_id, bin_section_id, sensor_type_id, value) VALUES (3, 9, 14, 11, 80.8853952969);
INSERT INTO reading_data (reading_id, bin_id, bin_section_id, sensor_type_id, value) VALUES (3, 12, 13, 10, 117.682471074);
INSERT INTO reading_data (reading_id, bin_id, bin_section_id, sensor_type_id, value) VALUES (3, 12, 13, 11, 94.7064013376);
INSERT INTO reading_data (reading_id, bin_id, bin_section_id, sensor_type_id, value) VALUES (3, 12, 13, 12, 108.513066517);
INSERT INTO reading_data (reading_id, bin_id, bin_section_id, sensor_type_id, value) VALUES (3, 12, 13, 13, 0);
INSERT INTO reading_data (reading_id, bin_id, bin_section_id, sensor_type_id, value) VALUES (3, 12, 14, 10, 113.810723829);
INSERT INTO reading_data (reading_id, bin_id, bin_section_id, sensor_type_id, value) VALUES (3, 12, 14, 11, 110.124980954);
INSERT INTO reading_data (reading_id, bin_id, bin_section_id, sensor_type_id, value) VALUES (3, 13, 13, 10, 113.946311483);
INSERT INTO reading_data (reading_id, bin_id, bin_section_id, sensor_type_id, value) VALUES (3, 13, 13, 11, 102.136821792);
INSERT INTO reading_data (reading_id, bin_id, bin_section_id, sensor_type_id, value) VALUES (3, 13, 13, 12, 105.313381186);
INSERT INTO reading_data (reading_id, bin_id, bin_section_id, sensor_type_id, value) VALUES (3, 13, 13, 13, 0);
INSERT INTO reading_data (reading_id, bin_id, bin_section_id, sensor_type_id, value) VALUES (3, 13, 14, 10, 111.017013464);
INSERT INTO reading_data (reading_id, bin_id, bin_section_id, sensor_type_id, value) VALUES (3, 13, 14, 11, 87.6635267067);
INSERT INTO reading_data (reading_id, bin_id, bin_section_id, sensor_type_id, value) VALUES (3, 14, 13, 10, 98.7354252024);
INSERT INTO reading_data (reading_id, bin_id, bin_section_id, sensor_type_id, value) VALUES (3, 14, 13, 11, 81.8314132316);
INSERT INTO reading_data (reading_id, bin_id, bin_section_id, sensor_type_id, value) VALUES (3, 14, 13, 12, 121.980575281);
INSERT INTO reading_data (reading_id, bin_id, bin_section_id, sensor_type_id, value) VALUES (3, 14, 13, 13, 1);
INSERT INTO reading_data (reading_id, bin_id, bin_section_id, sensor_type_id, value) VALUES (3, 14, 14, 10, 118.306139012);
INSERT INTO reading_data (reading_id, bin_id, bin_section_id, sensor_type_id, value) VALUES (3, 14, 14, 11, 111.199571514);
INSERT INTO reading_data (reading_id, bin_id, bin_section_id, sensor_type_id, value) VALUES (3, 15, 13, 10, 92.2370104044);
INSERT INTO reading_data (reading_id, bin_id, bin_section_id, sensor_type_id, value) VALUES (3, 15, 13, 11, 100.056471954);
INSERT INTO reading_data (reading_id, bin_id, bin_section_id, sensor_type_id, value) VALUES (3, 15, 13, 12, 97.3707838853);
INSERT INTO reading_data (reading_id, bin_id, bin_section_id, sensor_type_id, value) VALUES (3, 15, 13, 13, 1);
INSERT INTO reading_data (reading_id, bin_id, bin_section_id, sensor_type_id, value) VALUES (3, 15, 14, 10, 109.431657914);
INSERT INTO reading_data (reading_id, bin_id, bin_section_id, sensor_type_id, value) VALUES (3, 15, 14, 11, 98.1683460222);
INSERT INTO reading_data (reading_id, bin_id, bin_section_id, sensor_type_id, value) VALUES (3, 17, 13, 10, 124.631538622);
INSERT INTO reading_data (reading_id, bin_id, bin_section_id, sensor_type_id, value) VALUES (3, 17, 13, 11, 113.896868383);
INSERT INTO reading_data (reading_id, bin_id, bin_section_id, sensor_type_id, value) VALUES (3, 17, 13, 12, 128.926111263);
INSERT INTO reading_data (reading_id, bin_id, bin_section_id, sensor_type_id, value) VALUES (3, 17, 13, 13, 1);
INSERT INTO reading_data (reading_id, bin_id, bin_section_id, sensor_type_id, value) VALUES (3, 17, 14, 10, 118.823784422);
INSERT INTO reading_data (reading_id, bin_id, bin_section_id, sensor_type_id, value) VALUES (3, 17, 14, 11, 128.905653609);
INSERT INTO reading_data (reading_id, bin_id, bin_section_id, sensor_type_id, value) VALUES (3, 21, 13, 10, 115.004545643);
INSERT INTO reading_data (reading_id, bin_id, bin_section_id, sensor_type_id, value) VALUES (3, 21, 13, 11, 90.0315015506);
INSERT INTO reading_data (reading_id, bin_id, bin_section_id, sensor_type_id, value) VALUES (3, 21, 13, 12, 88.9823813008);
INSERT INTO reading_data (reading_id, bin_id, bin_section_id, sensor_type_id, value) VALUES (3, 21, 13, 13, 0);
INSERT INTO reading_data (reading_id, bin_id, bin_section_id, sensor_type_id, value) VALUES (3, 21, 14, 10, 82.0133577939);
INSERT INTO reading_data (reading_id, bin_id, bin_section_id, sensor_type_id, value) VALUES (3, 21, 14, 11, 88.003323732);
INSERT INTO reading_data (reading_id, bin_id, bin_section_id, sensor_type_id, value) VALUES (3, 22, 13, 10, 125.331684179);
INSERT INTO reading_data (reading_id, bin_id, bin_section_id, sensor_type_id, value) VALUES (3, 22, 13, 11, 97.5084422162);
INSERT INTO reading_data (reading_id, bin_id, bin_section_id, sensor_type_id, value) VALUES (3, 22, 13, 12, 90.8896691168);
INSERT INTO reading_data (reading_id, bin_id, bin_section_id, sensor_type_id, value) VALUES (3, 22, 13, 13, 0);
INSERT INTO reading_data (reading_id, bin_id, bin_section_id, sensor_type_id, value) VALUES (3, 22, 14, 10, 113.522882235);
INSERT INTO reading_data (reading_id, bin_id, bin_section_id, sensor_type_id, value) VALUES (3, 22, 14, 11, 119.97608596);
INSERT INTO reading_data (reading_id, bin_id, bin_section_id, sensor_type_id, value) VALUES (3, 23, 13, 10, 114.911748501);
INSERT INTO reading_data (reading_id, bin_id, bin_section_id, sensor_type_id, value) VALUES (3, 23, 13, 11, 111.946441033);
INSERT INTO reading_data (reading_id, bin_id, bin_section_id, sensor_type_id, value) VALUES (3, 23, 13, 12, 118.977654356);
INSERT INTO reading_data (reading_id, bin_id, bin_section_id, sensor_type_id, value) VALUES (3, 23, 13, 13, 0);
INSERT INTO reading_data (reading_id, bin_id, bin_section_id, sensor_type_id, value) VALUES (3, 23, 14, 10, 117.648532604);
INSERT INTO reading_data (reading_id, bin_id, bin_section_id, sensor_type_id, value) VALUES (3, 23, 14, 11, 85.8354701147);
INSERT INTO reading_data (reading_id, bin_id, bin_section_id, sensor_type_id, value) VALUES (3, 24, 13, 10, 96.172220129);
INSERT INTO reading_data (reading_id, bin_id, bin_section_id, sensor_type_id, value) VALUES (3, 24, 13, 11, 119.526655585);
INSERT INTO reading_data (reading_id, bin_id, bin_section_id, sensor_type_id, value) VALUES (3, 24, 13, 12, 109.391045631);
INSERT INTO reading_data (reading_id, bin_id, bin_section_id, sensor_type_id, value) VALUES (3, 24, 13, 13, 1);
INSERT INTO reading_data (reading_id, bin_id, bin_section_id, sensor_type_id, value) VALUES (3, 24, 14, 10, 85.5677894777);
INSERT INTO reading_data (reading_id, bin_id, bin_section_id, sensor_type_id, value) VALUES (3, 24, 14, 11, 103.162592229);
INSERT INTO reading_data (reading_id, bin_id, bin_section_id, sensor_type_id, value) VALUES (3, 25, 13, 10, 97.2977008753);
INSERT INTO reading_data (reading_id, bin_id, bin_section_id, sensor_type_id, value) VALUES (3, 25, 13, 11, 102.632523622);
INSERT INTO reading_data (reading_id, bin_id, bin_section_id, sensor_type_id, value) VALUES (3, 25, 13, 12, 83.7633933309);
INSERT INTO reading_data (reading_id, bin_id, bin_section_id, sensor_type_id, value) VALUES (3, 25, 13, 13, 1);
INSERT INTO reading_data (reading_id, bin_id, bin_section_id, sensor_type_id, value) VALUES (3, 25, 14, 10, 95.8467773524);
INSERT INTO reading_data (reading_id, bin_id, bin_section_id, sensor_type_id, value) VALUES (3, 25, 14, 11, 84.0909361525);
INSERT INTO reading (id, datetime) VALUES (4, TIMESTAMP '2012-08-19 12:59:45');
INSERT INTO reading_data (reading_id, bin_id, bin_section_id, sensor_type_id, value) VALUES (4, 10, 10, 50, 90.5197143448);
INSERT INTO reading_data (reading_id, bin_id, bin_section_id, sensor_type_id, value) VALUES (4, 10, 10, 51, 121.003688532);
INSERT INTO reading_data (reading_id, bin_id, bin_section_id, sensor_type_id, value) VALUES (4, 10, 10, 40, 108.536063718);
INSERT INTO reading_data (reading_id, bin_id, bin_section_id, sensor_type_id, value) VALUES (4, 19, 10, 50, 97.9998594129);
INSERT INTO reading_data (reading_id, bin_id, bin_section_id, sensor_type_id, value) VALUES (4, 19, 10, 51, 117.534507423);
INSERT INTO reading_data (reading_id, bin_id, bin_section_id, sensor_type_id, value) VALUES (4, 19, 10, 40, 116.749063215);
INSERT INTO reading_data (reading_id, bin_id, bin_section_id, sensor_type_id, value) VALUES (4, 11, 11, 20, 102.979150582);
INSERT INTO reading_data (reading_id, bin_id, bin_section_id, sensor_type_id, value) VALUES (4, 11, 11, 21, 107.126613978);
INSERT INTO reading_data (reading_id, bin_id, bin_section_id, sensor_type_id, value) VALUES (4, 11, 11, 10, 84.6254654547);
INSERT INTO reading_data (reading_id, bin_id, bin_section_id, sensor_type_id, value) VALUES (4, 11, 11, 11, 116.718707893);
INSERT INTO reading_data (reading_id, bin_id, bin_section_id, sensor_type_id, value) VALUES (4, 21, 11, 20, 86.3945369413);
INSERT INTO reading_data (reading_id, bin_id, bin_section_id, sensor_type_id, value) VALUES (4, 21, 11, 21, 93.8061607188);
INSERT INTO reading_data (reading_id, bin_id, bin_section_id, sensor_type_id, value) VALUES (4, 21, 11, 10, 129.005179412);
INSERT INTO reading_data (reading_id, bin_id, bin_section_id, sensor_type_id, value) VALUES (4, 21, 11, 11, 103.75321111);
INSERT INTO reading_data (reading_id, bin_id, bin_section_id, sensor_type_id, value) VALUES (4, 9, 14, 10, 126.838233098);
INSERT INTO reading_data (reading_id, bin_id, bin_section_id, sensor_type_id, value) VALUES (4, 9, 14, 11, 103.162591655);
INSERT INTO reading_data (reading_id, bin_id, bin_section_id, sensor_type_id, value) VALUES (4, 12, 13, 10, 112.964499467);
INSERT INTO reading_data (reading_id, bin_id, bin_section_id, sensor_type_id, value) VALUES (4, 12, 13, 11, 100.719134693);
INSERT INTO reading_data (reading_id, bin_id, bin_section_id, sensor_type_id, value) VALUES (4, 12, 13, 12, 95.431002559);
INSERT INTO reading_data (reading_id, bin_id, bin_section_id, sensor_type_id, value) VALUES (4, 12, 13, 13, 0);
INSERT INTO reading_data (reading_id, bin_id, bin_section_id, sensor_type_id, value) VALUES (4, 12, 14, 10, 127.324340275);
INSERT INTO reading_data (reading_id, bin_id, bin_section_id, sensor_type_id, value) VALUES (4, 12, 14, 11, 123.636713609);
INSERT INTO reading_data (reading_id, bin_id, bin_section_id, sensor_type_id, value) VALUES (4, 13, 13, 10, 109.444563718);
INSERT INTO reading_data (reading_id, bin_id, bin_section_id, sensor_type_id, value) VALUES (4, 13, 13, 11, 84.3113238908);
INSERT INTO reading_data (reading_id, bin_id, bin_section_id, sensor_type_id, value) VALUES (4, 13, 13, 12, 112.917794993);
INSERT INTO reading_data (reading_id, bin_id, bin_section_id, sensor_type_id, value) VALUES (4, 13, 13, 13, 1);
INSERT INTO reading_data (reading_id, bin_id, bin_section_id, sensor_type_id, value) VALUES (4, 13, 14, 10, 126.588378936);
INSERT INTO reading_data (reading_id, bin_id, bin_section_id, sensor_type_id, value) VALUES (4, 13, 14, 11, 92.9933534151);
INSERT INTO reading_data (reading_id, bin_id, bin_section_id, sensor_type_id, value) VALUES (4, 14, 13, 10, 89.1935575434);
INSERT INTO reading_data (reading_id, bin_id, bin_section_id, sensor_type_id, value) VALUES (4, 14, 13, 11, 84.84173172);
INSERT INTO reading_data (reading_id, bin_id, bin_section_id, sensor_type_id, value) VALUES (4, 14, 13, 12, 107.833035213);
INSERT INTO reading_data (reading_id, bin_id, bin_section_id, sensor_type_id, value) VALUES (4, 14, 13, 13, 0);
INSERT INTO reading_data (reading_id, bin_id, bin_section_id, sensor_type_id, value) VALUES (4, 14, 14, 10, 119.606545052);
INSERT INTO reading_data (reading_id, bin_id, bin_section_id, sensor_type_id, value) VALUES (4, 14, 14, 11, 123.756064971);
INSERT INTO reading_data (reading_id, bin_id, bin_section_id, sensor_type_id, value) VALUES (4, 15, 13, 10, 127.45647494);
INSERT INTO reading_data (reading_id, bin_id, bin_section_id, sensor_type_id, value) VALUES (4, 15, 13, 11, 100.313989632);
INSERT INTO reading_data (reading_id, bin_id, bin_section_id, sensor_type_id, value) VALUES (4, 15, 13, 12, 89.3660041177);
INSERT INTO reading_data (reading_id, bin_id, bin_section_id, sensor_type_id, value) VALUES (4, 15, 13, 13, 1);
INSERT INTO reading_data (reading_id, bin_id, bin_section_id, sensor_type_id, value) VALUES (4, 15, 14, 10, 114.015199544);
INSERT INTO reading_data (reading_id, bin_id, bin_section_id, sensor_type_id, value) VALUES (4, 15, 14, 11, 107.369990589);
INSERT INTO reading_data (reading_id, bin_id, bin_section_id, sensor_type_id, value) VALUES (4, 17, 13, 10, 105.009052196);
INSERT INTO reading_data (reading_id, bin_id, bin_section_id, sensor_type_id, value) VALUES (4, 17, 13, 11, 114.435566632);
INSERT INTO reading_data (reading_id, bin_id, bin_section_id, sensor_type_id, value) VALUES (4, 17, 13, 12, 103.834726922);
INSERT INTO reading_data (reading_id, bin_id, bin_section_id, sensor_type_id, value) VALUES (4, 17, 13, 13, 0);
INSERT INTO reading_data (reading_id, bin_id, bin_section_id, sensor_type_id, value) VALUES (4, 17, 14, 10, 118.302038752);
INSERT INTO reading_data (reading_id, bin_id, bin_section_id, sensor_type_id, value) VALUES (4, 17, 14, 11, 88.6747825033);
INSERT INTO reading_data (reading_id, bin_id, bin_section_id, sensor_type_id, value) VALUES (4, 21, 13, 10, 118.897239106);
INSERT INTO reading_data (reading_id, bin_id, bin_section_id, sensor_type_id, value) VALUES (4, 21, 13, 11, 92.0454059514);
INSERT INTO reading_data (reading_id, bin_id, bin_section_id, sensor_type_id, value) VALUES (4, 21, 13, 12, 96.8900923506);
INSERT INTO reading_data (reading_id, bin_id, bin_section_id, sensor_type_id, value) VALUES (4, 21, 13, 13, 1);
INSERT INTO reading_data (reading_id, bin_id, bin_section_id, sensor_type_id, value) VALUES (4, 21, 14, 10, 122.87133676);
INSERT INTO reading_data (reading_id, bin_id, bin_section_id, sensor_type_id, value) VALUES (4, 21, 14, 11, 92.0736847302);
INSERT INTO reading_data (reading_id, bin_id, bin_section_id, sensor_type_id, value) VALUES (4, 22, 13, 10, 129.826904461);
INSERT INTO reading_data (reading_id, bin_id, bin_section_id, sensor_type_id, value) VALUES (4, 22, 13, 11, 115.139619759);
INSERT INTO reading_data (reading_id, bin_id, bin_section_id, sensor_type_id, value) VALUES (4, 22, 13, 12, 117.694013987);
INSERT INTO reading_data (reading_id, bin_id, bin_section_id, sensor_type_id, value) VALUES (4, 22, 13, 13, 1);
INSERT INTO reading_data (reading_id, bin_id, bin_section_id, sensor_type_id, value) VALUES (4, 22, 14, 10, 119.312186612);
INSERT INTO reading_data (reading_id, bin_id, bin_section_id, sensor_type_id, value) VALUES (4, 22, 14, 11, 80.7339283661);
INSERT INTO reading_data (reading_id, bin_id, bin_section_id, sensor_type_id, value) VALUES (4, 23, 13, 10, 110.899670184);
INSERT INTO reading_data (reading_id, bin_id, bin_section_id, sensor_type_id, value) VALUES (4, 23, 13, 11, 102.890257182);
INSERT INTO reading_data (reading_id, bin_id, bin_section_id, sensor_type_id, value) VALUES (4, 23, 13, 12, 94.762457433);
INSERT INTO reading_data (reading_id, bin_id, bin_section_id, sensor_type_id, value) VALUES (4, 23, 13, 13, 0);
INSERT INTO reading_data (reading_id, bin_id, bin_section_id, sensor_type_id, value) VALUES (4, 23, 14, 10, 100.75408776);
INSERT INTO reading_data (reading_id, bin_id, bin_section_id, sensor_type_id, value) VALUES (4, 23, 14, 11, 128.352879439);
INSERT INTO reading_data (reading_id, bin_id, bin_section_id, sensor_type_id, value) VALUES (4, 24, 13, 10, 118.981871175);
INSERT INTO reading_data (reading_id, bin_id, bin_section_id, sensor_type_id, value) VALUES (4, 24, 13, 11, 86.3482770505);
INSERT INTO reading_data (reading_id, bin_id, bin_section_id, sensor_type_id, value) VALUES (4, 24, 13, 12, 93.1582606193);
INSERT INTO reading_data (reading_id, bin_id, bin_section_id, sensor_type_id, value) VALUES (4, 24, 13, 13, 0);
INSERT INTO reading_data (reading_id, bin_id, bin_section_id, sensor_type_id, value) VALUES (4, 24, 14, 10, 127.821988604);
INSERT INTO reading_data (reading_id, bin_id, bin_section_id, sensor_type_id, value) VALUES (4, 24, 14, 11, 93.5161810397);
INSERT INTO reading_data (reading_id, bin_id, bin_section_id, sensor_type_id, value) VALUES (4, 25, 13, 10, 108.015060847);
INSERT INTO reading_data (reading_id, bin_id, bin_section_id, sensor_type_id, value) VALUES (4, 25, 13, 11, 123.212912421);
INSERT INTO reading_data (reading_id, bin_id, bin_section_id, sensor_type_id, value) VALUES (4, 25, 13, 12, 122.073608171);
INSERT INTO reading_data (reading_id, bin_id, bin_section_id, sensor_type_id, value) VALUES (4, 25, 13, 13, 1);
INSERT INTO reading_data (reading_id, bin_id, bin_section_id, sensor_type_id, value) VALUES (4, 25, 14, 10, 99.8193709891);
INSERT INTO reading_data (reading_id, bin_id, bin_section_id, sensor_type_id, value) VALUES (4, 25, 14, 11, 100.08849515);
INSERT INTO reading (id, datetime) VALUES (5, TIMESTAMP '2012-08-19 13:04:45');
INSERT INTO reading_data (reading_id, bin_id, bin_section_id, sensor_type_id, value) VALUES (5, 10, 10, 50, 98.044820558);
INSERT INTO reading_data (reading_id, bin_id, bin_section_id, sensor_type_id, value) VALUES (5, 10, 10, 51, 88.4694410602);
INSERT INTO reading_data (reading_id, bin_id, bin_section_id, sensor_type_id, value) VALUES (5, 10, 10, 40, 98.5493118471);
INSERT INTO reading_data (reading_id, bin_id, bin_section_id, sensor_type_id, value) VALUES (5, 19, 10, 50, 127.566615489);
INSERT INTO reading_data (reading_id, bin_id, bin_section_id, sensor_type_id, value) VALUES (5, 19, 10, 51, 107.46868818);
INSERT INTO reading_data (reading_id, bin_id, bin_section_id, sensor_type_id, value) VALUES (5, 19, 10, 40, 100.612853166);
INSERT INTO reading_data (reading_id, bin_id, bin_section_id, sensor_type_id, value) VALUES (5, 11, 11, 20, 112.364629338);
INSERT INTO reading_data (reading_id, bin_id, bin_section_id, sensor_type_id, value) VALUES (5, 11, 11, 21, 87.4945029557);
INSERT INTO reading_data (reading_id, bin_id, bin_section_id, sensor_type_id, value) VALUES (5, 11, 11, 10, 105.182226144);
INSERT INTO reading_data (reading_id, bin_id, bin_section_id, sensor_type_id, value) VALUES (5, 11, 11, 11, 89.8834571379);
INSERT INTO reading_data (reading_id, bin_id, bin_section_id, sensor_type_id, value) VALUES (5, 21, 11, 20, 91.9737527369);
INSERT INTO reading_data (reading_id, bin_id, bin_section_id, sensor_type_id, value) VALUES (5, 21, 11, 21, 91.846021181);
INSERT INTO reading_data (reading_id, bin_id, bin_section_id, sensor_type_id, value) VALUES (5, 21, 11, 10, 105.904470005);
INSERT INTO reading_data (reading_id, bin_id, bin_section_id, sensor_type_id, value) VALUES (5, 21, 11, 11, 113.195739512);
INSERT INTO reading_data (reading_id, bin_id, bin_section_id, sensor_type_id, value) VALUES (5, 9, 14, 10, 106.306343861);
INSERT INTO reading_data (reading_id, bin_id, bin_section_id, sensor_type_id, value) VALUES (5, 9, 14, 11, 90.5381188228);
INSERT INTO reading_data (reading_id, bin_id, bin_section_id, sensor_type_id, value) VALUES (5, 12, 13, 10, 127.386242522);
INSERT INTO reading_data (reading_id, bin_id, bin_section_id, sensor_type_id, value) VALUES (5, 12, 13, 11, 117.322729574);
INSERT INTO reading_data (reading_id, bin_id, bin_section_id, sensor_type_id, value) VALUES (5, 12, 13, 12, 110.438436157);
INSERT INTO reading_data (reading_id, bin_id, bin_section_id, sensor_type_id, value) VALUES (5, 12, 13, 13, 0);
INSERT INTO reading_data (reading_id, bin_id, bin_section_id, sensor_type_id, value) VALUES (5, 12, 14, 10, 121.935019954);
INSERT INTO reading_data (reading_id, bin_id, bin_section_id, sensor_type_id, value) VALUES (5, 12, 14, 11, 111.256743986);
INSERT INTO reading_data (reading_id, bin_id, bin_section_id, sensor_type_id, value) VALUES (5, 13, 13, 10, 103.482474934);
INSERT INTO reading_data (reading_id, bin_id, bin_section_id, sensor_type_id, value) VALUES (5, 13, 13, 11, 101.962890479);
INSERT INTO reading_data (reading_id, bin_id, bin_section_id, sensor_type_id, value) VALUES (5, 13, 13, 12, 100.95490899);
INSERT INTO reading_data (reading_id, bin_id, bin_section_id, sensor_type_id, value) VALUES (5, 13, 13, 13, 0);
INSERT INTO reading_data (reading_id, bin_id, bin_section_id, sensor_type_id, value) VALUES (5, 13, 14, 10, 91.0260389929);
INSERT INTO reading_data (reading_id, bin_id, bin_section_id, sensor_type_id, value) VALUES (5, 13, 14, 11, 128.537718202);
INSERT INTO reading_data (reading_id, bin_id, bin_section_id, sensor_type_id, value) VALUES (5, 14, 13, 10, 103.681018386);
INSERT INTO reading_data (reading_id, bin_id, bin_section_id, sensor_type_id, value) VALUES (5, 14, 13, 11, 118.746887658);
INSERT INTO reading_data (reading_id, bin_id, bin_section_id, sensor_type_id, value) VALUES (5, 14, 13, 12, 103.792593069);
INSERT INTO reading_data (reading_id, bin_id, bin_section_id, sensor_type_id, value) VALUES (5, 14, 13, 13, 0);
INSERT INTO reading_data (reading_id, bin_id, bin_section_id, sensor_type_id, value) VALUES (5, 14, 14, 10, 115.36367159);
INSERT INTO reading_data (reading_id, bin_id, bin_section_id, sensor_type_id, value) VALUES (5, 14, 14, 11, 89.9083138029);
INSERT INTO reading_data (reading_id, bin_id, bin_section_id, sensor_type_id, value) VALUES (5, 15, 13, 10, 113.737130685);
INSERT INTO reading_data (reading_id, bin_id, bin_section_id, sensor_type_id, value) VALUES (5, 15, 13, 11, 82.6410696499);
INSERT INTO reading_data (reading_id, bin_id, bin_section_id, sensor_type_id, value) VALUES (5, 15, 13, 12, 81.6076507979);
INSERT INTO reading_data (reading_id, bin_id, bin_section_id, sensor_type_id, value) VALUES (5, 15, 13, 13, 0);
INSERT INTO reading_data (reading_id, bin_id, bin_section_id, sensor_type_id, value) VALUES (5, 15, 14, 10, 117.371614755);
INSERT INTO reading_data (reading_id, bin_id, bin_section_id, sensor_type_id, value) VALUES (5, 15, 14, 11, 83.0056499896);
INSERT INTO reading_data (reading_id, bin_id, bin_section_id, sensor_type_id, value) VALUES (5, 17, 13, 10, 108.24150354);
INSERT INTO reading_data (reading_id, bin_id, bin_section_id, sensor_type_id, value) VALUES (5, 17, 13, 11, 90.8692770128);
INSERT INTO reading_data (reading_id, bin_id, bin_section_id, sensor_type_id, value) VALUES (5, 17, 13, 12, 82.1944598732);
INSERT INTO reading_data (reading_id, bin_id, bin_section_id, sensor_type_id, value) VALUES (5, 17, 13, 13, 0);
INSERT INTO reading_data (reading_id, bin_id, bin_section_id, sensor_type_id, value) VALUES (5, 17, 14, 10, 119.88504697);
INSERT INTO reading_data (reading_id, bin_id, bin_section_id, sensor_type_id, value) VALUES (5, 17, 14, 11, 87.2918897117);
INSERT INTO reading_data (reading_id, bin_id, bin_section_id, sensor_type_id, value) VALUES (5, 21, 13, 10, 90.2596893182);
INSERT INTO reading_data (reading_id, bin_id, bin_section_id, sensor_type_id, value) VALUES (5, 21, 13, 11, 105.438667825);
INSERT INTO reading_data (reading_id, bin_id, bin_section_id, sensor_type_id, value) VALUES (5, 21, 13, 12, 109.351315154);
INSERT INTO reading_data (reading_id, bin_id, bin_section_id, sensor_type_id, value) VALUES (5, 21, 13, 13, 0);
INSERT INTO reading_data (reading_id, bin_id, bin_section_id, sensor_type_id, value) VALUES (5, 21, 14, 10, 109.295476637);
INSERT INTO reading_data (reading_id, bin_id, bin_section_id, sensor_type_id, value) VALUES (5, 21, 14, 11, 96.6414700383);
INSERT INTO reading_data (reading_id, bin_id, bin_section_id, sensor_type_id, value) VALUES (5, 22, 13, 10, 80.7007469316);
INSERT INTO reading_data (reading_id, bin_id, bin_section_id, sensor_type_id, value) VALUES (5, 22, 13, 11, 123.124979771);
INSERT INTO reading_data (reading_id, bin_id, bin_section_id, sensor_type_id, value) VALUES (5, 22, 13, 12, 109.389015901);
INSERT INTO reading_data (reading_id, bin_id, bin_section_id, sensor_type_id, value) VALUES (5, 22, 13, 13, 0);
INSERT INTO reading_data (reading_id, bin_id, bin_section_id, sensor_type_id, value) VALUES (5, 22, 14, 10, 123.012839072);
INSERT INTO reading_data (reading_id, bin_id, bin_section_id, sensor_type_id, value) VALUES (5, 22, 14, 11, 97.9972935428);
INSERT INTO reading_data (reading_id, bin_id, bin_section_id, sensor_type_id, value) VALUES (5, 23, 13, 10, 100.576736825);
INSERT INTO reading_data (reading_id, bin_id, bin_section_id, sensor_type_id, value) VALUES (5, 23, 13, 11, 125.451076939);
INSERT INTO reading_data (reading_id, bin_id, bin_section_id, sensor_type_id, value) VALUES (5, 23, 13, 12, 117.139598582);
INSERT INTO reading_data (reading_id, bin_id, bin_section_id, sensor_type_id, value) VALUES (5, 23, 13, 13, 1);
INSERT INTO reading_data (reading_id, bin_id, bin_section_id, sensor_type_id, value) VALUES (5, 23, 14, 10, 106.536134394);
INSERT INTO reading_data (reading_id, bin_id, bin_section_id, sensor_type_id, value) VALUES (5, 23, 14, 11, 119.515810793);
INSERT INTO reading_data (reading_id, bin_id, bin_section_id, sensor_type_id, value) VALUES (5, 24, 13, 10, 103.227122632);
INSERT INTO reading_data (reading_id, bin_id, bin_section_id, sensor_type_id, value) VALUES (5, 24, 13, 11, 122.616368726);
INSERT INTO reading_data (reading_id, bin_id, bin_section_id, sensor_type_id, value) VALUES (5, 24, 13, 12, 98.198528625);
INSERT INTO reading_data (reading_id, bin_id, bin_section_id, sensor_type_id, value) VALUES (5, 24, 13, 13, 1);
INSERT INTO reading_data (reading_id, bin_id, bin_section_id, sensor_type_id, value) VALUES (5, 24, 14, 10, 107.253122268);
INSERT INTO reading_data (reading_id, bin_id, bin_section_id, sensor_type_id, value) VALUES (5, 24, 14, 11, 127.616659304);
INSERT INTO reading_data (reading_id, bin_id, bin_section_id, sensor_type_id, value) VALUES (5, 25, 13, 10, 96.2944212465);
INSERT INTO reading_data (reading_id, bin_id, bin_section_id, sensor_type_id, value) VALUES (5, 25, 13, 11, 103.541195756);
INSERT INTO reading_data (reading_id, bin_id, bin_section_id, sensor_type_id, value) VALUES (5, 25, 13, 12, 95.6838813167);
INSERT INTO reading_data (reading_id, bin_id, bin_section_id, sensor_type_id, value) VALUES (5, 25, 13, 13, 0);
INSERT INTO reading_data (reading_id, bin_id, bin_section_id, sensor_type_id, value) VALUES (5, 25, 14, 10, 90.3245862732);
INSERT INTO reading_data (reading_id, bin_id, bin_section_id, sensor_type_id, value) VALUES (5, 25, 14, 11, 82.8286702533);
INSERT INTO reading (id, datetime) VALUES (6, TIMESTAMP '2012-08-19 13:09:45');
INSERT INTO reading_data (reading_id, bin_id, bin_section_id, sensor_type_id, value) VALUES (6, 10, 10, 50, 108.263382641);
INSERT INTO reading_data (reading_id, bin_id, bin_section_id, sensor_type_id, value) VALUES (6, 10, 10, 51, 107.321246002);
INSERT INTO reading_data (reading_id, bin_id, bin_section_id, sensor_type_id, value) VALUES (6, 10, 10, 40, 127.324445388);
INSERT INTO reading_data (reading_id, bin_id, bin_section_id, sensor_type_id, value) VALUES (6, 19, 10, 50, 103.221324969);
INSERT INTO reading_data (reading_id, bin_id, bin_section_id, sensor_type_id, value) VALUES (6, 19, 10, 51, 121.051240171);
INSERT INTO reading_data (reading_id, bin_id, bin_section_id, sensor_type_id, value) VALUES (6, 19, 10, 40, 101.16011261);
INSERT INTO reading_data (reading_id, bin_id, bin_section_id, sensor_type_id, value) VALUES (6, 11, 11, 20, 120.794932044);
INSERT INTO reading_data (reading_id, bin_id, bin_section_id, sensor_type_id, value) VALUES (6, 11, 11, 21, 84.3522496683);
INSERT INTO reading_data (reading_id, bin_id, bin_section_id, sensor_type_id, value) VALUES (6, 11, 11, 10, 114.016287729);
INSERT INTO reading_data (reading_id, bin_id, bin_section_id, sensor_type_id, value) VALUES (6, 11, 11, 11, 129.444159883);
INSERT INTO reading_data (reading_id, bin_id, bin_section_id, sensor_type_id, value) VALUES (6, 21, 11, 20, 94.3765949985);
INSERT INTO reading_data (reading_id, bin_id, bin_section_id, sensor_type_id, value) VALUES (6, 21, 11, 21, 106.160003063);
INSERT INTO reading_data (reading_id, bin_id, bin_section_id, sensor_type_id, value) VALUES (6, 21, 11, 10, 89.4970190102);
INSERT INTO reading_data (reading_id, bin_id, bin_section_id, sensor_type_id, value) VALUES (6, 21, 11, 11, 123.443646863);
INSERT INTO reading_data (reading_id, bin_id, bin_section_id, sensor_type_id, value) VALUES (6, 9, 14, 10, 93.6545959854);
INSERT INTO reading_data (reading_id, bin_id, bin_section_id, sensor_type_id, value) VALUES (6, 9, 14, 11, 114.480675031);
INSERT INTO reading_data (reading_id, bin_id, bin_section_id, sensor_type_id, value) VALUES (6, 12, 13, 10, 99.8120256402);
INSERT INTO reading_data (reading_id, bin_id, bin_section_id, sensor_type_id, value) VALUES (6, 12, 13, 11, 82.9079150685);
INSERT INTO reading_data (reading_id, bin_id, bin_section_id, sensor_type_id, value) VALUES (6, 12, 13, 12, 82.9175804696);
INSERT INTO reading_data (reading_id, bin_id, bin_section_id, sensor_type_id, value) VALUES (6, 12, 13, 13, 0);
INSERT INTO reading_data (reading_id, bin_id, bin_section_id, sensor_type_id, value) VALUES (6, 12, 14, 10, 103.784912304);
INSERT INTO reading_data (reading_id, bin_id, bin_section_id, sensor_type_id, value) VALUES (6, 12, 14, 11, 100.538014455);
INSERT INTO reading_data (reading_id, bin_id, bin_section_id, sensor_type_id, value) VALUES (6, 13, 13, 10, 129.16732379);
INSERT INTO reading_data (reading_id, bin_id, bin_section_id, sensor_type_id, value) VALUES (6, 13, 13, 11, 125.976731709);
INSERT INTO reading_data (reading_id, bin_id, bin_section_id, sensor_type_id, value) VALUES (6, 13, 13, 12, 127.879609565);
INSERT INTO reading_data (reading_id, bin_id, bin_section_id, sensor_type_id, value) VALUES (6, 13, 13, 13, 1);
INSERT INTO reading_data (reading_id, bin_id, bin_section_id, sensor_type_id, value) VALUES (6, 13, 14, 10, 120.552711109);
INSERT INTO reading_data (reading_id, bin_id, bin_section_id, sensor_type_id, value) VALUES (6, 13, 14, 11, 122.920223382);
INSERT INTO reading_data (reading_id, bin_id, bin_section_id, sensor_type_id, value) VALUES (6, 14, 13, 10, 102.467759045);
INSERT INTO reading_data (reading_id, bin_id, bin_section_id, sensor_type_id, value) VALUES (6, 14, 13, 11, 93.873815473);
INSERT INTO reading_data (reading_id, bin_id, bin_section_id, sensor_type_id, value) VALUES (6, 14, 13, 12, 96.9487803814);
INSERT INTO reading_data (reading_id, bin_id, bin_section_id, sensor_type_id, value) VALUES (6, 14, 13, 13, 0);
INSERT INTO reading_data (reading_id, bin_id, bin_section_id, sensor_type_id, value) VALUES (6, 14, 14, 10, 123.082660385);
INSERT INTO reading_data (reading_id, bin_id, bin_section_id, sensor_type_id, value) VALUES (6, 14, 14, 11, 103.394986494);
INSERT INTO reading_data (reading_id, bin_id, bin_section_id, sensor_type_id, value) VALUES (6, 15, 13, 10, 111.402403896);
INSERT INTO reading_data (reading_id, bin_id, bin_section_id, sensor_type_id, value) VALUES (6, 15, 13, 11, 114.735607817);
INSERT INTO reading_data (reading_id, bin_id, bin_section_id, sensor_type_id, value) VALUES (6, 15, 13, 12, 110.590321584);
INSERT INTO reading_data (reading_id, bin_id, bin_section_id, sensor_type_id, value) VALUES (6, 15, 13, 13, 1);
INSERT INTO reading_data (reading_id, bin_id, bin_section_id, sensor_type_id, value) VALUES (6, 15, 14, 10, 105.892168131);
INSERT INTO reading_data (reading_id, bin_id, bin_section_id, sensor_type_id, value) VALUES (6, 15, 14, 11, 117.859608443);
INSERT INTO reading_data (reading_id, bin_id, bin_section_id, sensor_type_id, value) VALUES (6, 17, 13, 10, 105.752838343);
INSERT INTO reading_data (reading_id, bin_id, bin_section_id, sensor_type_id, value) VALUES (6, 17, 13, 11, 100.707023723);
INSERT INTO reading_data (reading_id, bin_id, bin_section_id, sensor_type_id, value) VALUES (6, 17, 13, 12, 93.2407616354);
INSERT INTO reading_data (reading_id, bin_id, bin_section_id, sensor_type_id, value) VALUES (6, 17, 13, 13, 1);
INSERT INTO reading_data (reading_id, bin_id, bin_section_id, sensor_type_id, value) VALUES (6, 17, 14, 10, 96.4218420264);
INSERT INTO reading_data (reading_id, bin_id, bin_section_id, sensor_type_id, value) VALUES (6, 17, 14, 11, 117.343147392);
INSERT INTO reading_data (reading_id, bin_id, bin_section_id, sensor_type_id, value) VALUES (6, 21, 13, 10, 90.3048335555);
INSERT INTO reading_data (reading_id, bin_id, bin_section_id, sensor_type_id, value) VALUES (6, 21, 13, 11, 129.185156874);
INSERT INTO reading_data (reading_id, bin_id, bin_section_id, sensor_type_id, value) VALUES (6, 21, 13, 12, 126.301911021);
INSERT INTO reading_data (reading_id, bin_id, bin_section_id, sensor_type_id, value) VALUES (6, 21, 13, 13, 1);
INSERT INTO reading_data (reading_id, bin_id, bin_section_id, sensor_type_id, value) VALUES (6, 21, 14, 10, 122.648341843);
INSERT INTO reading_data (reading_id, bin_id, bin_section_id, sensor_type_id, value) VALUES (6, 21, 14, 11, 113.252108205);
INSERT INTO reading_data (reading_id, bin_id, bin_section_id, sensor_type_id, value) VALUES (6, 22, 13, 10, 124.644031611);
INSERT INTO reading_data (reading_id, bin_id, bin_section_id, sensor_type_id, value) VALUES (6, 22, 13, 11, 116.550012738);
INSERT INTO reading_data (reading_id, bin_id, bin_section_id, sensor_type_id, value) VALUES (6, 22, 13, 12, 111.660604671);
INSERT INTO reading_data (reading_id, bin_id, bin_section_id, sensor_type_id, value) VALUES (6, 22, 13, 13, 1);
INSERT INTO reading_data (reading_id, bin_id, bin_section_id, sensor_type_id, value) VALUES (6, 22, 14, 10, 93.5862970665);
INSERT INTO reading_data (reading_id, bin_id, bin_section_id, sensor_type_id, value) VALUES (6, 22, 14, 11, 116.299068759);
INSERT INTO reading_data (reading_id, bin_id, bin_section_id, sensor_type_id, value) VALUES (6, 23, 13, 10, 126.596012659);
INSERT INTO reading_data (reading_id, bin_id, bin_section_id, sensor_type_id, value) VALUES (6, 23, 13, 11, 89.1781031263);
INSERT INTO reading_data (reading_id, bin_id, bin_section_id, sensor_type_id, value) VALUES (6, 23, 13, 12, 128.5602786);
INSERT INTO reading_data (reading_id, bin_id, bin_section_id, sensor_type_id, value) VALUES (6, 23, 13, 13, 0);
INSERT INTO reading_data (reading_id, bin_id, bin_section_id, sensor_type_id, value) VALUES (6, 23, 14, 10, 125.3239961);
INSERT INTO reading_data (reading_id, bin_id, bin_section_id, sensor_type_id, value) VALUES (6, 23, 14, 11, 121.662907227);
INSERT INTO reading_data (reading_id, bin_id, bin_section_id, sensor_type_id, value) VALUES (6, 24, 13, 10, 117.771368641);
INSERT INTO reading_data (reading_id, bin_id, bin_section_id, sensor_type_id, value) VALUES (6, 24, 13, 11, 95.0077349663);
INSERT INTO reading_data (reading_id, bin_id, bin_section_id, sensor_type_id, value) VALUES (6, 24, 13, 12, 86.7866089829);
INSERT INTO reading_data (reading_id, bin_id, bin_section_id, sensor_type_id, value) VALUES (6, 24, 13, 13, 1);
INSERT INTO reading_data (reading_id, bin_id, bin_section_id, sensor_type_id, value) VALUES (6, 24, 14, 10, 121.791200083);
INSERT INTO reading_data (reading_id, bin_id, bin_section_id, sensor_type_id, value) VALUES (6, 24, 14, 11, 127.538153876);
INSERT INTO reading_data (reading_id, bin_id, bin_section_id, sensor_type_id, value) VALUES (6, 25, 13, 10, 105.61806189);
INSERT INTO reading_data (reading_id, bin_id, bin_section_id, sensor_type_id, value) VALUES (6, 25, 13, 11, 80.9188019548);
INSERT INTO reading_data (reading_id, bin_id, bin_section_id, sensor_type_id, value) VALUES (6, 25, 13, 12, 106.513775669);
INSERT INTO reading_data (reading_id, bin_id, bin_section_id, sensor_type_id, value) VALUES (6, 25, 13, 13, 1);
INSERT INTO reading_data (reading_id, bin_id, bin_section_id, sensor_type_id, value) VALUES (6, 25, 14, 10, 106.33559282);
INSERT INTO reading_data (reading_id, bin_id, bin_section_id, sensor_type_id, value) VALUES (6, 25, 14, 11, 115.025076722);
INSERT INTO reading (id, datetime) VALUES (7, TIMESTAMP '2012-08-19 13:14:45');
INSERT INTO reading_data (reading_id, bin_id, bin_section_id, sensor_type_id, value) VALUES (7, 10, 10, 50, 112.473773008);
INSERT INTO reading_data (reading_id, bin_id, bin_section_id, sensor_type_id, value) VALUES (7, 10, 10, 51, 99.0011236824);
INSERT INTO reading_data (reading_id, bin_id, bin_section_id, sensor_type_id, value) VALUES (7, 10, 10, 40, 82.3675828254);
INSERT INTO reading_data (reading_id, bin_id, bin_section_id, sensor_type_id, value) VALUES (7, 19, 10, 50, 100.51417386);
INSERT INTO reading_data (reading_id, bin_id, bin_section_id, sensor_type_id, value) VALUES (7, 19, 10, 51, 107.010814755);
INSERT INTO reading_data (reading_id, bin_id, bin_section_id, sensor_type_id, value) VALUES (7, 19, 10, 40, 99.0541859275);
INSERT INTO reading_data (reading_id, bin_id, bin_section_id, sensor_type_id, value) VALUES (7, 11, 11, 20, 113.246677543);
INSERT INTO reading_data (reading_id, bin_id, bin_section_id, sensor_type_id, value) VALUES (7, 11, 11, 21, 101.561461828);
INSERT INTO reading_data (reading_id, bin_id, bin_section_id, sensor_type_id, value) VALUES (7, 11, 11, 10, 128.058076983);
INSERT INTO reading_data (reading_id, bin_id, bin_section_id, sensor_type_id, value) VALUES (7, 11, 11, 11, 110.370568038);
INSERT INTO reading_data (reading_id, bin_id, bin_section_id, sensor_type_id, value) VALUES (7, 21, 11, 20, 125.708939858);
INSERT INTO reading_data (reading_id, bin_id, bin_section_id, sensor_type_id, value) VALUES (7, 21, 11, 21, 117.574505073);
INSERT INTO reading_data (reading_id, bin_id, bin_section_id, sensor_type_id, value) VALUES (7, 21, 11, 10, 86.9562642886);
INSERT INTO reading_data (reading_id, bin_id, bin_section_id, sensor_type_id, value) VALUES (7, 21, 11, 11, 122.272555173);
INSERT INTO reading_data (reading_id, bin_id, bin_section_id, sensor_type_id, value) VALUES (7, 9, 14, 10, 110.180904448);
INSERT INTO reading_data (reading_id, bin_id, bin_section_id, sensor_type_id, value) VALUES (7, 9, 14, 11, 80.3137240469);
INSERT INTO reading_data (reading_id, bin_id, bin_section_id, sensor_type_id, value) VALUES (7, 12, 13, 10, 124.744005173);
INSERT INTO reading_data (reading_id, bin_id, bin_section_id, sensor_type_id, value) VALUES (7, 12, 13, 11, 123.001972767);
INSERT INTO reading_data (reading_id, bin_id, bin_section_id, sensor_type_id, value) VALUES (7, 12, 13, 12, 122.076928749);
INSERT INTO reading_data (reading_id, bin_id, bin_section_id, sensor_type_id, value) VALUES (7, 12, 13, 13, 0);
INSERT INTO reading_data (reading_id, bin_id, bin_section_id, sensor_type_id, value) VALUES (7, 12, 14, 10, 100.179664237);
INSERT INTO reading_data (reading_id, bin_id, bin_section_id, sensor_type_id, value) VALUES (7, 12, 14, 11, 99.863561555);
INSERT INTO reading_data (reading_id, bin_id, bin_section_id, sensor_type_id, value) VALUES (7, 13, 13, 10, 125.528589619);
INSERT INTO reading_data (reading_id, bin_id, bin_section_id, sensor_type_id, value) VALUES (7, 13, 13, 11, 95.0326917544);
INSERT INTO reading_data (reading_id, bin_id, bin_section_id, sensor_type_id, value) VALUES (7, 13, 13, 12, 110.727281454);
INSERT INTO reading_data (reading_id, bin_id, bin_section_id, sensor_type_id, value) VALUES (7, 13, 13, 13, 1);
INSERT INTO reading_data (reading_id, bin_id, bin_section_id, sensor_type_id, value) VALUES (7, 13, 14, 10, 84.1677266069);
INSERT INTO reading_data (reading_id, bin_id, bin_section_id, sensor_type_id, value) VALUES (7, 13, 14, 11, 106.163763454);
INSERT INTO reading_data (reading_id, bin_id, bin_section_id, sensor_type_id, value) VALUES (7, 14, 13, 10, 102.454683131);
INSERT INTO reading_data (reading_id, bin_id, bin_section_id, sensor_type_id, value) VALUES (7, 14, 13, 11, 85.5406715957);
INSERT INTO reading_data (reading_id, bin_id, bin_section_id, sensor_type_id, value) VALUES (7, 14, 13, 12, 97.8554141001);
INSERT INTO reading_data (reading_id, bin_id, bin_section_id, sensor_type_id, value) VALUES (7, 14, 13, 13, 0);
INSERT INTO reading_data (reading_id, bin_id, bin_section_id, sensor_type_id, value) VALUES (7, 14, 14, 10, 93.630761125);
INSERT INTO reading_data (reading_id, bin_id, bin_section_id, sensor_type_id, value) VALUES (7, 14, 14, 11, 96.5080925064);
INSERT INTO reading_data (reading_id, bin_id, bin_section_id, sensor_type_id, value) VALUES (7, 15, 13, 10, 103.609526948);
INSERT INTO reading_data (reading_id, bin_id, bin_section_id, sensor_type_id, value) VALUES (7, 15, 13, 11, 91.2400115875);
INSERT INTO reading_data (reading_id, bin_id, bin_section_id, sensor_type_id, value) VALUES (7, 15, 13, 12, 104.096231075);
INSERT INTO reading_data (reading_id, bin_id, bin_section_id, sensor_type_id, value) VALUES (7, 15, 13, 13, 1);
INSERT INTO reading_data (reading_id, bin_id, bin_section_id, sensor_type_id, value) VALUES (7, 15, 14, 10, 86.1872358934);
INSERT INTO reading_data (reading_id, bin_id, bin_section_id, sensor_type_id, value) VALUES (7, 15, 14, 11, 128.549852774);
INSERT INTO reading_data (reading_id, bin_id, bin_section_id, sensor_type_id, value) VALUES (7, 17, 13, 10, 129.845212406);
INSERT INTO reading_data (reading_id, bin_id, bin_section_id, sensor_type_id, value) VALUES (7, 17, 13, 11, 121.252930088);
INSERT INTO reading_data (reading_id, bin_id, bin_section_id, sensor_type_id, value) VALUES (7, 17, 13, 12, 104.375393268);
INSERT INTO reading_data (reading_id, bin_id, bin_section_id, sensor_type_id, value) VALUES (7, 17, 13, 13, 0);
INSERT INTO reading_data (reading_id, bin_id, bin_section_id, sensor_type_id, value) VALUES (7, 17, 14, 10, 87.2465911284);
INSERT INTO reading_data (reading_id, bin_id, bin_section_id, sensor_type_id, value) VALUES (7, 17, 14, 11, 102.839633886);
INSERT INTO reading_data (reading_id, bin_id, bin_section_id, sensor_type_id, value) VALUES (7, 21, 13, 10, 112.11997546);
INSERT INTO reading_data (reading_id, bin_id, bin_section_id, sensor_type_id, value) VALUES (7, 21, 13, 11, 121.981474068);
INSERT INTO reading_data (reading_id, bin_id, bin_section_id, sensor_type_id, value) VALUES (7, 21, 13, 12, 118.876654792);
INSERT INTO reading_data (reading_id, bin_id, bin_section_id, sensor_type_id, value) VALUES (7, 21, 13, 13, 0);
INSERT INTO reading_data (reading_id, bin_id, bin_section_id, sensor_type_id, value) VALUES (7, 21, 14, 10, 109.530082537);
INSERT INTO reading_data (reading_id, bin_id, bin_section_id, sensor_type_id, value) VALUES (7, 21, 14, 11, 101.992790522);
INSERT INTO reading_data (reading_id, bin_id, bin_section_id, sensor_type_id, value) VALUES (7, 22, 13, 10, 117.871439216);
INSERT INTO reading_data (reading_id, bin_id, bin_section_id, sensor_type_id, value) VALUES (7, 22, 13, 11, 82.8584590772);
INSERT INTO reading_data (reading_id, bin_id, bin_section_id, sensor_type_id, value) VALUES (7, 22, 13, 12, 122.893555452);
INSERT INTO reading_data (reading_id, bin_id, bin_section_id, sensor_type_id, value) VALUES (7, 22, 13, 13, 1);
INSERT INTO reading_data (reading_id, bin_id, bin_section_id, sensor_type_id, value) VALUES (7, 22, 14, 10, 103.461257577);
INSERT INTO reading_data (reading_id, bin_id, bin_section_id, sensor_type_id, value) VALUES (7, 22, 14, 11, 88.4288533818);
INSERT INTO reading_data (reading_id, bin_id, bin_section_id, sensor_type_id, value) VALUES (7, 23, 13, 10, 103.326560696);
INSERT INTO reading_data (reading_id, bin_id, bin_section_id, sensor_type_id, value) VALUES (7, 23, 13, 11, 98.8048260896);
INSERT INTO reading_data (reading_id, bin_id, bin_section_id, sensor_type_id, value) VALUES (7, 23, 13, 12, 94.1888559651);
INSERT INTO reading_data (reading_id, bin_id, bin_section_id, sensor_type_id, value) VALUES (7, 23, 13, 13, 1);
INSERT INTO reading_data (reading_id, bin_id, bin_section_id, sensor_type_id, value) VALUES (7, 23, 14, 10, 98.6256791347);
INSERT INTO reading_data (reading_id, bin_id, bin_section_id, sensor_type_id, value) VALUES (7, 23, 14, 11, 102.012289002);
INSERT INTO reading_data (reading_id, bin_id, bin_section_id, sensor_type_id, value) VALUES (7, 24, 13, 10, 81.9883714146);
INSERT INTO reading_data (reading_id, bin_id, bin_section_id, sensor_type_id, value) VALUES (7, 24, 13, 11, 118.710229681);
INSERT INTO reading_data (reading_id, bin_id, bin_section_id, sensor_type_id, value) VALUES (7, 24, 13, 12, 98.8780820712);
INSERT INTO reading_data (reading_id, bin_id, bin_section_id, sensor_type_id, value) VALUES (7, 24, 13, 13, 0);
INSERT INTO reading_data (reading_id, bin_id, bin_section_id, sensor_type_id, value) VALUES (7, 24, 14, 10, 102.344313053);
INSERT INTO reading_data (reading_id, bin_id, bin_section_id, sensor_type_id, value) VALUES (7, 24, 14, 11, 111.230562559);
INSERT INTO reading_data (reading_id, bin_id, bin_section_id, sensor_type_id, value) VALUES (7, 25, 13, 10, 116.720313751);
INSERT INTO reading_data (reading_id, bin_id, bin_section_id, sensor_type_id, value) VALUES (7, 25, 13, 11, 126.507394199);
INSERT INTO reading_data (reading_id, bin_id, bin_section_id, sensor_type_id, value) VALUES (7, 25, 13, 12, 109.056281181);
INSERT INTO reading_data (reading_id, bin_id, bin_section_id, sensor_type_id, value) VALUES (7, 25, 13, 13, 0);
INSERT INTO reading_data (reading_id, bin_id, bin_section_id, sensor_type_id, value) VALUES (7, 25, 14, 10, 106.830636656);
INSERT INTO reading_data (reading_id, bin_id, bin_section_id, sensor_type_id, value) VALUES (7, 25, 14, 11, 128.468123183);
INSERT INTO reading (id, datetime) VALUES (8, TIMESTAMP '2012-08-19 13:19:45');
INSERT INTO reading_data (reading_id, bin_id, bin_section_id, sensor_type_id, value) VALUES (8, 10, 10, 50, 99.3423261143);
INSERT INTO reading_data (reading_id, bin_id, bin_section_id, sensor_type_id, value) VALUES (8, 10, 10, 51, 111.512192022);
INSERT INTO reading_data (reading_id, bin_id, bin_section_id, sensor_type_id, value) VALUES (8, 10, 10, 40, 81.2847262133);
INSERT INTO reading_data (reading_id, bin_id, bin_section_id, sensor_type_id, value) VALUES (8, 19, 10, 50, 95.8148047524);
INSERT INTO reading_data (reading_id, bin_id, bin_section_id, sensor_type_id, value) VALUES (8, 19, 10, 51, 83.3084040313);
INSERT INTO reading_data (reading_id, bin_id, bin_section_id, sensor_type_id, value) VALUES (8, 19, 10, 40, 119.079565287);
INSERT INTO reading_data (reading_id, bin_id, bin_section_id, sensor_type_id, value) VALUES (8, 11, 11, 20, 104.310093116);
INSERT INTO reading_data (reading_id, bin_id, bin_section_id, sensor_type_id, value) VALUES (8, 11, 11, 21, 119.990523364);
INSERT INTO reading_data (reading_id, bin_id, bin_section_id, sensor_type_id, value) VALUES (8, 11, 11, 10, 114.919398759);
INSERT INTO reading_data (reading_id, bin_id, bin_section_id, sensor_type_id, value) VALUES (8, 11, 11, 11, 82.9603028344);
INSERT INTO reading_data (reading_id, bin_id, bin_section_id, sensor_type_id, value) VALUES (8, 21, 11, 20, 112.139888195);
INSERT INTO reading_data (reading_id, bin_id, bin_section_id, sensor_type_id, value) VALUES (8, 21, 11, 21, 111.690904369);
INSERT INTO reading_data (reading_id, bin_id, bin_section_id, sensor_type_id, value) VALUES (8, 21, 11, 10, 129.715909542);
INSERT INTO reading_data (reading_id, bin_id, bin_section_id, sensor_type_id, value) VALUES (8, 21, 11, 11, 101.766255952);
INSERT INTO reading_data (reading_id, bin_id, bin_section_id, sensor_type_id, value) VALUES (8, 9, 14, 10, 100.422809182);
INSERT INTO reading_data (reading_id, bin_id, bin_section_id, sensor_type_id, value) VALUES (8, 9, 14, 11, 129.595887006);
INSERT INTO reading_data (reading_id, bin_id, bin_section_id, sensor_type_id, value) VALUES (8, 12, 13, 10, 125.939421439);
INSERT INTO reading_data (reading_id, bin_id, bin_section_id, sensor_type_id, value) VALUES (8, 12, 13, 11, 101.795737138);
INSERT INTO reading_data (reading_id, bin_id, bin_section_id, sensor_type_id, value) VALUES (8, 12, 13, 12, 101.538480478);
INSERT INTO reading_data (reading_id, bin_id, bin_section_id, sensor_type_id, value) VALUES (8, 12, 13, 13, 0);
INSERT INTO reading_data (reading_id, bin_id, bin_section_id, sensor_type_id, value) VALUES (8, 12, 14, 10, 107.259803901);
INSERT INTO reading_data (reading_id, bin_id, bin_section_id, sensor_type_id, value) VALUES (8, 12, 14, 11, 114.422660953);
INSERT INTO reading_data (reading_id, bin_id, bin_section_id, sensor_type_id, value) VALUES (8, 13, 13, 10, 93.8946970876);
INSERT INTO reading_data (reading_id, bin_id, bin_section_id, sensor_type_id, value) VALUES (8, 13, 13, 11, 95.3766497938);
INSERT INTO reading_data (reading_id, bin_id, bin_section_id, sensor_type_id, value) VALUES (8, 13, 13, 12, 85.1905124687);
INSERT INTO reading_data (reading_id, bin_id, bin_section_id, sensor_type_id, value) VALUES (8, 13, 13, 13, 0);
INSERT INTO reading_data (reading_id, bin_id, bin_section_id, sensor_type_id, value) VALUES (8, 13, 14, 10, 107.159325368);
INSERT INTO reading_data (reading_id, bin_id, bin_section_id, sensor_type_id, value) VALUES (8, 13, 14, 11, 128.195436589);
INSERT INTO reading_data (reading_id, bin_id, bin_section_id, sensor_type_id, value) VALUES (8, 14, 13, 10, 127.24450189);
INSERT INTO reading_data (reading_id, bin_id, bin_section_id, sensor_type_id, value) VALUES (8, 14, 13, 11, 114.92853746);
INSERT INTO reading_data (reading_id, bin_id, bin_section_id, sensor_type_id, value) VALUES (8, 14, 13, 12, 85.4190293256);
INSERT INTO reading_data (reading_id, bin_id, bin_section_id, sensor_type_id, value) VALUES (8, 14, 13, 13, 0);
INSERT INTO reading_data (reading_id, bin_id, bin_section_id, sensor_type_id, value) VALUES (8, 14, 14, 10, 104.751680206);
INSERT INTO reading_data (reading_id, bin_id, bin_section_id, sensor_type_id, value) VALUES (8, 14, 14, 11, 82.4265598997);
INSERT INTO reading_data (reading_id, bin_id, bin_section_id, sensor_type_id, value) VALUES (8, 15, 13, 10, 81.3458674635);
INSERT INTO reading_data (reading_id, bin_id, bin_section_id, sensor_type_id, value) VALUES (8, 15, 13, 11, 85.8902227676);
INSERT INTO reading_data (reading_id, bin_id, bin_section_id, sensor_type_id, value) VALUES (8, 15, 13, 12, 101.823162527);
INSERT INTO reading_data (reading_id, bin_id, bin_section_id, sensor_type_id, value) VALUES (8, 15, 13, 13, 1);
INSERT INTO reading_data (reading_id, bin_id, bin_section_id, sensor_type_id, value) VALUES (8, 15, 14, 10, 105.305026379);
INSERT INTO reading_data (reading_id, bin_id, bin_section_id, sensor_type_id, value) VALUES (8, 15, 14, 11, 125.521496618);
INSERT INTO reading_data (reading_id, bin_id, bin_section_id, sensor_type_id, value) VALUES (8, 17, 13, 10, 122.521454147);
INSERT INTO reading_data (reading_id, bin_id, bin_section_id, sensor_type_id, value) VALUES (8, 17, 13, 11, 127.385649809);
INSERT INTO reading_data (reading_id, bin_id, bin_section_id, sensor_type_id, value) VALUES (8, 17, 13, 12, 123.23330166);
INSERT INTO reading_data (reading_id, bin_id, bin_section_id, sensor_type_id, value) VALUES (8, 17, 13, 13, 1);
INSERT INTO reading_data (reading_id, bin_id, bin_section_id, sensor_type_id, value) VALUES (8, 17, 14, 10, 95.0502394171);
INSERT INTO reading_data (reading_id, bin_id, bin_section_id, sensor_type_id, value) VALUES (8, 17, 14, 11, 127.726178112);
INSERT INTO reading_data (reading_id, bin_id, bin_section_id, sensor_type_id, value) VALUES (8, 21, 13, 10, 86.0182103077);
INSERT INTO reading_data (reading_id, bin_id, bin_section_id, sensor_type_id, value) VALUES (8, 21, 13, 11, 94.2325808685);
INSERT INTO reading_data (reading_id, bin_id, bin_section_id, sensor_type_id, value) VALUES (8, 21, 13, 12, 121.331056694);
INSERT INTO reading_data (reading_id, bin_id, bin_section_id, sensor_type_id, value) VALUES (8, 21, 13, 13, 0);
INSERT INTO reading_data (reading_id, bin_id, bin_section_id, sensor_type_id, value) VALUES (8, 21, 14, 10, 84.3196962394);
INSERT INTO reading_data (reading_id, bin_id, bin_section_id, sensor_type_id, value) VALUES (8, 21, 14, 11, 116.183748426);
INSERT INTO reading_data (reading_id, bin_id, bin_section_id, sensor_type_id, value) VALUES (8, 22, 13, 10, 108.705181773);
INSERT INTO reading_data (reading_id, bin_id, bin_section_id, sensor_type_id, value) VALUES (8, 22, 13, 11, 83.7533999069);
INSERT INTO reading_data (reading_id, bin_id, bin_section_id, sensor_type_id, value) VALUES (8, 22, 13, 12, 85.4929886669);
INSERT INTO reading_data (reading_id, bin_id, bin_section_id, sensor_type_id, value) VALUES (8, 22, 13, 13, 1);
INSERT INTO reading_data (reading_id, bin_id, bin_section_id, sensor_type_id, value) VALUES (8, 22, 14, 10, 128.158711171);
INSERT INTO reading_data (reading_id, bin_id, bin_section_id, sensor_type_id, value) VALUES (8, 22, 14, 11, 101.194281253);
INSERT INTO reading_data (reading_id, bin_id, bin_section_id, sensor_type_id, value) VALUES (8, 23, 13, 10, 117.04330399);
INSERT INTO reading_data (reading_id, bin_id, bin_section_id, sensor_type_id, value) VALUES (8, 23, 13, 11, 109.24687526);
INSERT INTO reading_data (reading_id, bin_id, bin_section_id, sensor_type_id, value) VALUES (8, 23, 13, 12, 123.757747708);
INSERT INTO reading_data (reading_id, bin_id, bin_section_id, sensor_type_id, value) VALUES (8, 23, 13, 13, 1);
INSERT INTO reading_data (reading_id, bin_id, bin_section_id, sensor_type_id, value) VALUES (8, 23, 14, 10, 113.263034382);
INSERT INTO reading_data (reading_id, bin_id, bin_section_id, sensor_type_id, value) VALUES (8, 23, 14, 11, 89.1667125301);
INSERT INTO reading_data (reading_id, bin_id, bin_section_id, sensor_type_id, value) VALUES (8, 24, 13, 10, 120.729654395);
INSERT INTO reading_data (reading_id, bin_id, bin_section_id, sensor_type_id, value) VALUES (8, 24, 13, 11, 96.7058043955);
INSERT INTO reading_data (reading_id, bin_id, bin_section_id, sensor_type_id, value) VALUES (8, 24, 13, 12, 111.10652575);
INSERT INTO reading_data (reading_id, bin_id, bin_section_id, sensor_type_id, value) VALUES (8, 24, 13, 13, 1);
INSERT INTO reading_data (reading_id, bin_id, bin_section_id, sensor_type_id, value) VALUES (8, 24, 14, 10, 96.8569005339);
INSERT INTO reading_data (reading_id, bin_id, bin_section_id, sensor_type_id, value) VALUES (8, 24, 14, 11, 98.7502890508);
INSERT INTO reading_data (reading_id, bin_id, bin_section_id, sensor_type_id, value) VALUES (8, 25, 13, 10, 105.436421261);
INSERT INTO reading_data (reading_id, bin_id, bin_section_id, sensor_type_id, value) VALUES (8, 25, 13, 11, 125.137389028);
INSERT INTO reading_data (reading_id, bin_id, bin_section_id, sensor_type_id, value) VALUES (8, 25, 13, 12, 99.4048606971);
INSERT INTO reading_data (reading_id, bin_id, bin_section_id, sensor_type_id, value) VALUES (8, 25, 13, 13, 1);
INSERT INTO reading_data (reading_id, bin_id, bin_section_id, sensor_type_id, value) VALUES (8, 25, 14, 10, 106.90999055);
INSERT INTO reading_data (reading_id, bin_id, bin_section_id, sensor_type_id, value) VALUES (8, 25, 14, 11, 121.359416201);
INSERT INTO reading (id, datetime) VALUES (9, TIMESTAMP '2012-08-19 13:24:45');
INSERT INTO reading_data (reading_id, bin_id, bin_section_id, sensor_type_id, value) VALUES (9, 10, 10, 50, 96.6036485982);
INSERT INTO reading_data (reading_id, bin_id, bin_section_id, sensor_type_id, value) VALUES (9, 10, 10, 51, 84.4778462232);
INSERT INTO reading_data (reading_id, bin_id, bin_section_id, sensor_type_id, value) VALUES (9, 10, 10, 40, 102.690416354);
INSERT INTO reading_data (reading_id, bin_id, bin_section_id, sensor_type_id, value) VALUES (9, 19, 10, 50, 96.1395838578);
INSERT INTO reading_data (reading_id, bin_id, bin_section_id, sensor_type_id, value) VALUES (9, 19, 10, 51, 126.119255266);
INSERT INTO reading_data (reading_id, bin_id, bin_section_id, sensor_type_id, value) VALUES (9, 19, 10, 40, 98.5073605568);
INSERT INTO reading_data (reading_id, bin_id, bin_section_id, sensor_type_id, value) VALUES (9, 11, 11, 20, 106.96889678);
INSERT INTO reading_data (reading_id, bin_id, bin_section_id, sensor_type_id, value) VALUES (9, 11, 11, 21, 105.847992147);
INSERT INTO reading_data (reading_id, bin_id, bin_section_id, sensor_type_id, value) VALUES (9, 11, 11, 10, 115.842115865);
INSERT INTO reading_data (reading_id, bin_id, bin_section_id, sensor_type_id, value) VALUES (9, 11, 11, 11, 103.212240197);
INSERT INTO reading_data (reading_id, bin_id, bin_section_id, sensor_type_id, value) VALUES (9, 21, 11, 20, 120.358106413);
INSERT INTO reading_data (reading_id, bin_id, bin_section_id, sensor_type_id, value) VALUES (9, 21, 11, 21, 99.9811508375);
INSERT INTO reading_data (reading_id, bin_id, bin_section_id, sensor_type_id, value) VALUES (9, 21, 11, 10, 108.554452199);
INSERT INTO reading_data (reading_id, bin_id, bin_section_id, sensor_type_id, value) VALUES (9, 21, 11, 11, 87.1733886943);
INSERT INTO reading_data (reading_id, bin_id, bin_section_id, sensor_type_id, value) VALUES (9, 9, 14, 10, 112.557517491);
INSERT INTO reading_data (reading_id, bin_id, bin_section_id, sensor_type_id, value) VALUES (9, 9, 14, 11, 101.759521482);
INSERT INTO reading_data (reading_id, bin_id, bin_section_id, sensor_type_id, value) VALUES (9, 12, 13, 10, 82.940522921);
INSERT INTO reading_data (reading_id, bin_id, bin_section_id, sensor_type_id, value) VALUES (9, 12, 13, 11, 125.006516394);
INSERT INTO reading_data (reading_id, bin_id, bin_section_id, sensor_type_id, value) VALUES (9, 12, 13, 12, 96.6754689505);
INSERT INTO reading_data (reading_id, bin_id, bin_section_id, sensor_type_id, value) VALUES (9, 12, 13, 13, 0);
INSERT INTO reading_data (reading_id, bin_id, bin_section_id, sensor_type_id, value) VALUES (9, 12, 14, 10, 96.2901281539);
INSERT INTO reading_data (reading_id, bin_id, bin_section_id, sensor_type_id, value) VALUES (9, 12, 14, 11, 121.342700707);
INSERT INTO reading_data (reading_id, bin_id, bin_section_id, sensor_type_id, value) VALUES (9, 13, 13, 10, 88.804326719);
INSERT INTO reading_data (reading_id, bin_id, bin_section_id, sensor_type_id, value) VALUES (9, 13, 13, 11, 101.142373767);
INSERT INTO reading_data (reading_id, bin_id, bin_section_id, sensor_type_id, value) VALUES (9, 13, 13, 12, 121.182708894);
INSERT INTO reading_data (reading_id, bin_id, bin_section_id, sensor_type_id, value) VALUES (9, 13, 13, 13, 0);
INSERT INTO reading_data (reading_id, bin_id, bin_section_id, sensor_type_id, value) VALUES (9, 13, 14, 10, 106.71362552);
INSERT INTO reading_data (reading_id, bin_id, bin_section_id, sensor_type_id, value) VALUES (9, 13, 14, 11, 127.477915682);
INSERT INTO reading_data (reading_id, bin_id, bin_section_id, sensor_type_id, value) VALUES (9, 14, 13, 10, 95.0468453965);
INSERT INTO reading_data (reading_id, bin_id, bin_section_id, sensor_type_id, value) VALUES (9, 14, 13, 11, 122.970774583);
INSERT INTO reading_data (reading_id, bin_id, bin_section_id, sensor_type_id, value) VALUES (9, 14, 13, 12, 111.300904651);
INSERT INTO reading_data (reading_id, bin_id, bin_section_id, sensor_type_id, value) VALUES (9, 14, 13, 13, 1);
INSERT INTO reading_data (reading_id, bin_id, bin_section_id, sensor_type_id, value) VALUES (9, 14, 14, 10, 111.280995715);
INSERT INTO reading_data (reading_id, bin_id, bin_section_id, sensor_type_id, value) VALUES (9, 14, 14, 11, 91.1006638119);
INSERT INTO reading_data (reading_id, bin_id, bin_section_id, sensor_type_id, value) VALUES (9, 15, 13, 10, 121.4525802);
INSERT INTO reading_data (reading_id, bin_id, bin_section_id, sensor_type_id, value) VALUES (9, 15, 13, 11, 114.170527231);
INSERT INTO reading_data (reading_id, bin_id, bin_section_id, sensor_type_id, value) VALUES (9, 15, 13, 12, 104.711396318);
INSERT INTO reading_data (reading_id, bin_id, bin_section_id, sensor_type_id, value) VALUES (9, 15, 13, 13, 1);
INSERT INTO reading_data (reading_id, bin_id, bin_section_id, sensor_type_id, value) VALUES (9, 15, 14, 10, 96.9580074076);
INSERT INTO reading_data (reading_id, bin_id, bin_section_id, sensor_type_id, value) VALUES (9, 15, 14, 11, 118.320515286);
INSERT INTO reading_data (reading_id, bin_id, bin_section_id, sensor_type_id, value) VALUES (9, 17, 13, 10, 119.894271895);
INSERT INTO reading_data (reading_id, bin_id, bin_section_id, sensor_type_id, value) VALUES (9, 17, 13, 11, 109.490843175);
INSERT INTO reading_data (reading_id, bin_id, bin_section_id, sensor_type_id, value) VALUES (9, 17, 13, 12, 93.4723680437);
INSERT INTO reading_data (reading_id, bin_id, bin_section_id, sensor_type_id, value) VALUES (9, 17, 13, 13, 1);
INSERT INTO reading_data (reading_id, bin_id, bin_section_id, sensor_type_id, value) VALUES (9, 17, 14, 10, 83.8441714275);
INSERT INTO reading_data (reading_id, bin_id, bin_section_id, sensor_type_id, value) VALUES (9, 17, 14, 11, 95.609611533);
INSERT INTO reading_data (reading_id, bin_id, bin_section_id, sensor_type_id, value) VALUES (9, 21, 13, 10, 122.533837808);
INSERT INTO reading_data (reading_id, bin_id, bin_section_id, sensor_type_id, value) VALUES (9, 21, 13, 11, 93.4710096993);
INSERT INTO reading_data (reading_id, bin_id, bin_section_id, sensor_type_id, value) VALUES (9, 21, 13, 12, 113.028232208);
INSERT INTO reading_data (reading_id, bin_id, bin_section_id, sensor_type_id, value) VALUES (9, 21, 13, 13, 0);
INSERT INTO reading_data (reading_id, bin_id, bin_section_id, sensor_type_id, value) VALUES (9, 21, 14, 10, 98.9634001745);
INSERT INTO reading_data (reading_id, bin_id, bin_section_id, sensor_type_id, value) VALUES (9, 21, 14, 11, 90.4455189967);
INSERT INTO reading_data (reading_id, bin_id, bin_section_id, sensor_type_id, value) VALUES (9, 22, 13, 10, 125.518296537);
INSERT INTO reading_data (reading_id, bin_id, bin_section_id, sensor_type_id, value) VALUES (9, 22, 13, 11, 98.2743220154);
INSERT INTO reading_data (reading_id, bin_id, bin_section_id, sensor_type_id, value) VALUES (9, 22, 13, 12, 109.569876711);
INSERT INTO reading_data (reading_id, bin_id, bin_section_id, sensor_type_id, value) VALUES (9, 22, 13, 13, 0);
INSERT INTO reading_data (reading_id, bin_id, bin_section_id, sensor_type_id, value) VALUES (9, 22, 14, 10, 114.234074846);
INSERT INTO reading_data (reading_id, bin_id, bin_section_id, sensor_type_id, value) VALUES (9, 22, 14, 11, 126.615416981);
INSERT INTO reading_data (reading_id, bin_id, bin_section_id, sensor_type_id, value) VALUES (9, 23, 13, 10, 90.286815908);
INSERT INTO reading_data (reading_id, bin_id, bin_section_id, sensor_type_id, value) VALUES (9, 23, 13, 11, 107.977490438);
INSERT INTO reading_data (reading_id, bin_id, bin_section_id, sensor_type_id, value) VALUES (9, 23, 13, 12, 106.429446485);
INSERT INTO reading_data (reading_id, bin_id, bin_section_id, sensor_type_id, value) VALUES (9, 23, 13, 13, 1);
INSERT INTO reading_data (reading_id, bin_id, bin_section_id, sensor_type_id, value) VALUES (9, 23, 14, 10, 109.118387508);
INSERT INTO reading_data (reading_id, bin_id, bin_section_id, sensor_type_id, value) VALUES (9, 23, 14, 11, 119.123310014);
INSERT INTO reading_data (reading_id, bin_id, bin_section_id, sensor_type_id, value) VALUES (9, 24, 13, 10, 82.2738049406);
INSERT INTO reading_data (reading_id, bin_id, bin_section_id, sensor_type_id, value) VALUES (9, 24, 13, 11, 114.909036442);
INSERT INTO reading_data (reading_id, bin_id, bin_section_id, sensor_type_id, value) VALUES (9, 24, 13, 12, 120.858202462);
INSERT INTO reading_data (reading_id, bin_id, bin_section_id, sensor_type_id, value) VALUES (9, 24, 13, 13, 1);
INSERT INTO reading_data (reading_id, bin_id, bin_section_id, sensor_type_id, value) VALUES (9, 24, 14, 10, 107.419129718);
INSERT INTO reading_data (reading_id, bin_id, bin_section_id, sensor_type_id, value) VALUES (9, 24, 14, 11, 105.772484535);
INSERT INTO reading_data (reading_id, bin_id, bin_section_id, sensor_type_id, value) VALUES (9, 25, 13, 10, 80.4574577048);
INSERT INTO reading_data (reading_id, bin_id, bin_section_id, sensor_type_id, value) VALUES (9, 25, 13, 11, 118.742237476);
INSERT INTO reading_data (reading_id, bin_id, bin_section_id, sensor_type_id, value) VALUES (9, 25, 13, 12, 87.8297322909);
INSERT INTO reading_data (reading_id, bin_id, bin_section_id, sensor_type_id, value) VALUES (9, 25, 13, 13, 1);
INSERT INTO reading_data (reading_id, bin_id, bin_section_id, sensor_type_id, value) VALUES (9, 25, 14, 10, 109.409058147);
INSERT INTO reading_data (reading_id, bin_id, bin_section_id, sensor_type_id, value) VALUES (9, 25, 14, 11, 126.53953525);
INSERT INTO reading (id, datetime) VALUES (10, TIMESTAMP '2012-08-19 13:29:45');
INSERT INTO reading_data (reading_id, bin_id, bin_section_id, sensor_type_id, value) VALUES (10, 10, 10, 50, 114.937963879);
INSERT INTO reading_data (reading_id, bin_id, bin_section_id, sensor_type_id, value) VALUES (10, 10, 10, 51, 99.291570565);
INSERT INTO reading_data (reading_id, bin_id, bin_section_id, sensor_type_id, value) VALUES (10, 10, 10, 40, 88.5781834081);
INSERT INTO reading_data (reading_id, bin_id, bin_section_id, sensor_type_id, value) VALUES (10, 19, 10, 50, 125.191888328);
INSERT INTO reading_data (reading_id, bin_id, bin_section_id, sensor_type_id, value) VALUES (10, 19, 10, 51, 105.336641947);
INSERT INTO reading_data (reading_id, bin_id, bin_section_id, sensor_type_id, value) VALUES (10, 19, 10, 40, 121.714162151);
INSERT INTO reading_data (reading_id, bin_id, bin_section_id, sensor_type_id, value) VALUES (10, 11, 11, 20, 101.864940067);
INSERT INTO reading_data (reading_id, bin_id, bin_section_id, sensor_type_id, value) VALUES (10, 11, 11, 21, 121.047334226);
INSERT INTO reading_data (reading_id, bin_id, bin_section_id, sensor_type_id, value) VALUES (10, 11, 11, 10, 95.1377858264);
INSERT INTO reading_data (reading_id, bin_id, bin_section_id, sensor_type_id, value) VALUES (10, 11, 11, 11, 101.764077516);
INSERT INTO reading_data (reading_id, bin_id, bin_section_id, sensor_type_id, value) VALUES (10, 21, 11, 20, 121.057488982);
INSERT INTO reading_data (reading_id, bin_id, bin_section_id, sensor_type_id, value) VALUES (10, 21, 11, 21, 102.845753988);
INSERT INTO reading_data (reading_id, bin_id, bin_section_id, sensor_type_id, value) VALUES (10, 21, 11, 10, 105.976929);
INSERT INTO reading_data (reading_id, bin_id, bin_section_id, sensor_type_id, value) VALUES (10, 21, 11, 11, 80.4254528814);
INSERT INTO reading_data (reading_id, bin_id, bin_section_id, sensor_type_id, value) VALUES (10, 9, 14, 10, 110.522885332);
INSERT INTO reading_data (reading_id, bin_id, bin_section_id, sensor_type_id, value) VALUES (10, 9, 14, 11, 88.8335049772);
INSERT INTO reading_data (reading_id, bin_id, bin_section_id, sensor_type_id, value) VALUES (10, 12, 13, 10, 109.870186439);
INSERT INTO reading_data (reading_id, bin_id, bin_section_id, sensor_type_id, value) VALUES (10, 12, 13, 11, 99.9378277908);
INSERT INTO reading_data (reading_id, bin_id, bin_section_id, sensor_type_id, value) VALUES (10, 12, 13, 12, 91.7604090966);
INSERT INTO reading_data (reading_id, bin_id, bin_section_id, sensor_type_id, value) VALUES (10, 12, 13, 13, 1);
INSERT INTO reading_data (reading_id, bin_id, bin_section_id, sensor_type_id, value) VALUES (10, 12, 14, 10, 121.714106008);
INSERT INTO reading_data (reading_id, bin_id, bin_section_id, sensor_type_id, value) VALUES (10, 12, 14, 11, 94.8985203074);
INSERT INTO reading_data (reading_id, bin_id, bin_section_id, sensor_type_id, value) VALUES (10, 13, 13, 10, 119.336718577);
INSERT INTO reading_data (reading_id, bin_id, bin_section_id, sensor_type_id, value) VALUES (10, 13, 13, 11, 109.641346803);
INSERT INTO reading_data (reading_id, bin_id, bin_section_id, sensor_type_id, value) VALUES (10, 13, 13, 12, 93.5707117067);
INSERT INTO reading_data (reading_id, bin_id, bin_section_id, sensor_type_id, value) VALUES (10, 13, 13, 13, 0);
INSERT INTO reading_data (reading_id, bin_id, bin_section_id, sensor_type_id, value) VALUES (10, 13, 14, 10, 98.779339345);
INSERT INTO reading_data (reading_id, bin_id, bin_section_id, sensor_type_id, value) VALUES (10, 13, 14, 11, 124.199926103);
INSERT INTO reading_data (reading_id, bin_id, bin_section_id, sensor_type_id, value) VALUES (10, 14, 13, 10, 114.086006278);
INSERT INTO reading_data (reading_id, bin_id, bin_section_id, sensor_type_id, value) VALUES (10, 14, 13, 11, 128.77324364);
INSERT INTO reading_data (reading_id, bin_id, bin_section_id, sensor_type_id, value) VALUES (10, 14, 13, 12, 111.596038283);
INSERT INTO reading_data (reading_id, bin_id, bin_section_id, sensor_type_id, value) VALUES (10, 14, 13, 13, 0);
INSERT INTO reading_data (reading_id, bin_id, bin_section_id, sensor_type_id, value) VALUES (10, 14, 14, 10, 127.345267712);
INSERT INTO reading_data (reading_id, bin_id, bin_section_id, sensor_type_id, value) VALUES (10, 14, 14, 11, 124.362196887);
INSERT INTO reading_data (reading_id, bin_id, bin_section_id, sensor_type_id, value) VALUES (10, 15, 13, 10, 123.891964425);
INSERT INTO reading_data (reading_id, bin_id, bin_section_id, sensor_type_id, value) VALUES (10, 15, 13, 11, 103.711838509);
INSERT INTO reading_data (reading_id, bin_id, bin_section_id, sensor_type_id, value) VALUES (10, 15, 13, 12, 94.3127675212);
INSERT INTO reading_data (reading_id, bin_id, bin_section_id, sensor_type_id, value) VALUES (10, 15, 13, 13, 1);
INSERT INTO reading_data (reading_id, bin_id, bin_section_id, sensor_type_id, value) VALUES (10, 15, 14, 10, 99.2812748307);
INSERT INTO reading_data (reading_id, bin_id, bin_section_id, sensor_type_id, value) VALUES (10, 15, 14, 11, 125.699455537);
INSERT INTO reading_data (reading_id, bin_id, bin_section_id, sensor_type_id, value) VALUES (10, 17, 13, 10, 86.5251059089);
INSERT INTO reading_data (reading_id, bin_id, bin_section_id, sensor_type_id, value) VALUES (10, 17, 13, 11, 125.442233598);
INSERT INTO reading_data (reading_id, bin_id, bin_section_id, sensor_type_id, value) VALUES (10, 17, 13, 12, 85.4152144602);
INSERT INTO reading_data (reading_id, bin_id, bin_section_id, sensor_type_id, value) VALUES (10, 17, 13, 13, 1);
INSERT INTO reading_data (reading_id, bin_id, bin_section_id, sensor_type_id, value) VALUES (10, 17, 14, 10, 123.160682356);
INSERT INTO reading_data (reading_id, bin_id, bin_section_id, sensor_type_id, value) VALUES (10, 17, 14, 11, 120.73634157);
INSERT INTO reading_data (reading_id, bin_id, bin_section_id, sensor_type_id, value) VALUES (10, 21, 13, 10, 89.6889446603);
INSERT INTO reading_data (reading_id, bin_id, bin_section_id, sensor_type_id, value) VALUES (10, 21, 13, 11, 83.2965184967);
INSERT INTO reading_data (reading_id, bin_id, bin_section_id, sensor_type_id, value) VALUES (10, 21, 13, 12, 114.571301756);
INSERT INTO reading_data (reading_id, bin_id, bin_section_id, sensor_type_id, value) VALUES (10, 21, 13, 13, 1);
INSERT INTO reading_data (reading_id, bin_id, bin_section_id, sensor_type_id, value) VALUES (10, 21, 14, 10, 125.541683327);
INSERT INTO reading_data (reading_id, bin_id, bin_section_id, sensor_type_id, value) VALUES (10, 21, 14, 11, 121.218498984);
INSERT INTO reading_data (reading_id, bin_id, bin_section_id, sensor_type_id, value) VALUES (10, 22, 13, 10, 127.027245634);
INSERT INTO reading_data (reading_id, bin_id, bin_section_id, sensor_type_id, value) VALUES (10, 22, 13, 11, 113.297336849);
INSERT INTO reading_data (reading_id, bin_id, bin_section_id, sensor_type_id, value) VALUES (10, 22, 13, 12, 113.361396744);
INSERT INTO reading_data (reading_id, bin_id, bin_section_id, sensor_type_id, value) VALUES (10, 22, 13, 13, 0);
INSERT INTO reading_data (reading_id, bin_id, bin_section_id, sensor_type_id, value) VALUES (10, 22, 14, 10, 93.7155490421);
INSERT INTO reading_data (reading_id, bin_id, bin_section_id, sensor_type_id, value) VALUES (10, 22, 14, 11, 109.642496418);
INSERT INTO reading_data (reading_id, bin_id, bin_section_id, sensor_type_id, value) VALUES (10, 23, 13, 10, 113.34283288);
INSERT INTO reading_data (reading_id, bin_id, bin_section_id, sensor_type_id, value) VALUES (10, 23, 13, 11, 89.7669541006);
INSERT INTO reading_data (reading_id, bin_id, bin_section_id, sensor_type_id, value) VALUES (10, 23, 13, 12, 86.5756832561);
INSERT INTO reading_data (reading_id, bin_id, bin_section_id, sensor_type_id, value) VALUES (10, 23, 13, 13, 1);
INSERT INTO reading_data (reading_id, bin_id, bin_section_id, sensor_type_id, value) VALUES (10, 23, 14, 10, 121.436807449);
INSERT INTO reading_data (reading_id, bin_id, bin_section_id, sensor_type_id, value) VALUES (10, 23, 14, 11, 124.99827541);
INSERT INTO reading_data (reading_id, bin_id, bin_section_id, sensor_type_id, value) VALUES (10, 24, 13, 10, 120.205480036);
INSERT INTO reading_data (reading_id, bin_id, bin_section_id, sensor_type_id, value) VALUES (10, 24, 13, 11, 126.337856635);
INSERT INTO reading_data (reading_id, bin_id, bin_section_id, sensor_type_id, value) VALUES (10, 24, 13, 12, 124.517524729);
INSERT INTO reading_data (reading_id, bin_id, bin_section_id, sensor_type_id, value) VALUES (10, 24, 13, 13, 1);
INSERT INTO reading_data (reading_id, bin_id, bin_section_id, sensor_type_id, value) VALUES (10, 24, 14, 10, 97.9288248312);
INSERT INTO reading_data (reading_id, bin_id, bin_section_id, sensor_type_id, value) VALUES (10, 24, 14, 11, 113.40742878);
INSERT INTO reading_data (reading_id, bin_id, bin_section_id, sensor_type_id, value) VALUES (10, 25, 13, 10, 107.391078137);
INSERT INTO reading_data (reading_id, bin_id, bin_section_id, sensor_type_id, value) VALUES (10, 25, 13, 11, 86.0905006114);
INSERT INTO reading_data (reading_id, bin_id, bin_section_id, sensor_type_id, value) VALUES (10, 25, 13, 12, 81.0264820935);
INSERT INTO reading_data (reading_id, bin_id, bin_section_id, sensor_type_id, value) VALUES (10, 25, 13, 13, 0);
INSERT INTO reading_data (reading_id, bin_id, bin_section_id, sensor_type_id, value) VALUES (10, 25, 14, 10, 108.855636036);
INSERT INTO reading_data (reading_id, bin_id, bin_section_id, sensor_type_id, value) VALUES (10, 25, 14, 11, 106.349655339);
INSERT INTO reading (id, datetime) VALUES (11, TIMESTAMP '2012-08-19 13:34:45');
INSERT INTO reading_data (reading_id, bin_id, bin_section_id, sensor_type_id, value) VALUES (11, 10, 10, 50, 82.081790839);
INSERT INTO reading_data (reading_id, bin_id, bin_section_id, sensor_type_id, value) VALUES (11, 10, 10, 51, 127.097218314);
INSERT INTO reading_data (reading_id, bin_id, bin_section_id, sensor_type_id, value) VALUES (11, 10, 10, 40, 104.143350211);
INSERT INTO reading_data (reading_id, bin_id, bin_section_id, sensor_type_id, value) VALUES (11, 19, 10, 50, 118.415530861);
INSERT INTO reading_data (reading_id, bin_id, bin_section_id, sensor_type_id, value) VALUES (11, 19, 10, 51, 110.953679641);
INSERT INTO reading_data (reading_id, bin_id, bin_section_id, sensor_type_id, value) VALUES (11, 19, 10, 40, 127.11259299);
INSERT INTO reading_data (reading_id, bin_id, bin_section_id, sensor_type_id, value) VALUES (11, 11, 11, 20, 87.1513318985);
INSERT INTO reading_data (reading_id, bin_id, bin_section_id, sensor_type_id, value) VALUES (11, 11, 11, 21, 117.733001111);
INSERT INTO reading_data (reading_id, bin_id, bin_section_id, sensor_type_id, value) VALUES (11, 11, 11, 10, 113.492686969);
INSERT INTO reading_data (reading_id, bin_id, bin_section_id, sensor_type_id, value) VALUES (11, 11, 11, 11, 84.6695582101);
INSERT INTO reading_data (reading_id, bin_id, bin_section_id, sensor_type_id, value) VALUES (11, 21, 11, 20, 100.718538286);
INSERT INTO reading_data (reading_id, bin_id, bin_section_id, sensor_type_id, value) VALUES (11, 21, 11, 21, 108.086258928);
INSERT INTO reading_data (reading_id, bin_id, bin_section_id, sensor_type_id, value) VALUES (11, 21, 11, 10, 123.786916977);
INSERT INTO reading_data (reading_id, bin_id, bin_section_id, sensor_type_id, value) VALUES (11, 21, 11, 11, 85.8636848375);
INSERT INTO reading_data (reading_id, bin_id, bin_section_id, sensor_type_id, value) VALUES (11, 9, 14, 10, 101.322843137);
INSERT INTO reading_data (reading_id, bin_id, bin_section_id, sensor_type_id, value) VALUES (11, 9, 14, 11, 108.791372294);
INSERT INTO reading_data (reading_id, bin_id, bin_section_id, sensor_type_id, value) VALUES (11, 12, 13, 10, 91.0225341673);
INSERT INTO reading_data (reading_id, bin_id, bin_section_id, sensor_type_id, value) VALUES (11, 12, 13, 11, 118.022812222);
INSERT INTO reading_data (reading_id, bin_id, bin_section_id, sensor_type_id, value) VALUES (11, 12, 13, 12, 93.0403407373);
INSERT INTO reading_data (reading_id, bin_id, bin_section_id, sensor_type_id, value) VALUES (11, 12, 13, 13, 1);
INSERT INTO reading_data (reading_id, bin_id, bin_section_id, sensor_type_id, value) VALUES (11, 12, 14, 10, 98.5082846714);
INSERT INTO reading_data (reading_id, bin_id, bin_section_id, sensor_type_id, value) VALUES (11, 12, 14, 11, 127.053609233);
INSERT INTO reading_data (reading_id, bin_id, bin_section_id, sensor_type_id, value) VALUES (11, 13, 13, 10, 113.520638113);
INSERT INTO reading_data (reading_id, bin_id, bin_section_id, sensor_type_id, value) VALUES (11, 13, 13, 11, 117.305390441);
INSERT INTO reading_data (reading_id, bin_id, bin_section_id, sensor_type_id, value) VALUES (11, 13, 13, 12, 97.6886533406);
INSERT INTO reading_data (reading_id, bin_id, bin_section_id, sensor_type_id, value) VALUES (11, 13, 13, 13, 1);
INSERT INTO reading_data (reading_id, bin_id, bin_section_id, sensor_type_id, value) VALUES (11, 13, 14, 10, 92.3670027499);
INSERT INTO reading_data (reading_id, bin_id, bin_section_id, sensor_type_id, value) VALUES (11, 13, 14, 11, 127.336589395);
INSERT INTO reading_data (reading_id, bin_id, bin_section_id, sensor_type_id, value) VALUES (11, 14, 13, 10, 119.225934431);
INSERT INTO reading_data (reading_id, bin_id, bin_section_id, sensor_type_id, value) VALUES (11, 14, 13, 11, 83.9135757838);
INSERT INTO reading_data (reading_id, bin_id, bin_section_id, sensor_type_id, value) VALUES (11, 14, 13, 12, 94.6763543264);
INSERT INTO reading_data (reading_id, bin_id, bin_section_id, sensor_type_id, value) VALUES (11, 14, 13, 13, 0);
INSERT INTO reading_data (reading_id, bin_id, bin_section_id, sensor_type_id, value) VALUES (11, 14, 14, 10, 118.328623481);
INSERT INTO reading_data (reading_id, bin_id, bin_section_id, sensor_type_id, value) VALUES (11, 14, 14, 11, 127.754892815);
INSERT INTO reading_data (reading_id, bin_id, bin_section_id, sensor_type_id, value) VALUES (11, 15, 13, 10, 125.614054919);
INSERT INTO reading_data (reading_id, bin_id, bin_section_id, sensor_type_id, value) VALUES (11, 15, 13, 11, 128.407345604);
INSERT INTO reading_data (reading_id, bin_id, bin_section_id, sensor_type_id, value) VALUES (11, 15, 13, 12, 93.1875359868);
INSERT INTO reading_data (reading_id, bin_id, bin_section_id, sensor_type_id, value) VALUES (11, 15, 13, 13, 0);
INSERT INTO reading_data (reading_id, bin_id, bin_section_id, sensor_type_id, value) VALUES (11, 15, 14, 10, 128.089713927);
INSERT INTO reading_data (reading_id, bin_id, bin_section_id, sensor_type_id, value) VALUES (11, 15, 14, 11, 94.4763888788);
INSERT INTO reading_data (reading_id, bin_id, bin_section_id, sensor_type_id, value) VALUES (11, 17, 13, 10, 98.5597369866);
INSERT INTO reading_data (reading_id, bin_id, bin_section_id, sensor_type_id, value) VALUES (11, 17, 13, 11, 103.65384331);
INSERT INTO reading_data (reading_id, bin_id, bin_section_id, sensor_type_id, value) VALUES (11, 17, 13, 12, 121.109093096);
INSERT INTO reading_data (reading_id, bin_id, bin_section_id, sensor_type_id, value) VALUES (11, 17, 13, 13, 0);
INSERT INTO reading_data (reading_id, bin_id, bin_section_id, sensor_type_id, value) VALUES (11, 17, 14, 10, 85.3268453223);
INSERT INTO reading_data (reading_id, bin_id, bin_section_id, sensor_type_id, value) VALUES (11, 17, 14, 11, 80.3185575048);
INSERT INTO reading_data (reading_id, bin_id, bin_section_id, sensor_type_id, value) VALUES (11, 21, 13, 10, 98.8546945696);
INSERT INTO reading_data (reading_id, bin_id, bin_section_id, sensor_type_id, value) VALUES (11, 21, 13, 11, 90.9273679113);
INSERT INTO reading_data (reading_id, bin_id, bin_section_id, sensor_type_id, value) VALUES (11, 21, 13, 12, 108.896521589);
INSERT INTO reading_data (reading_id, bin_id, bin_section_id, sensor_type_id, value) VALUES (11, 21, 13, 13, 1);
INSERT INTO reading_data (reading_id, bin_id, bin_section_id, sensor_type_id, value) VALUES (11, 21, 14, 10, 85.3157459286);
INSERT INTO reading_data (reading_id, bin_id, bin_section_id, sensor_type_id, value) VALUES (11, 21, 14, 11, 109.746203951);
INSERT INTO reading_data (reading_id, bin_id, bin_section_id, sensor_type_id, value) VALUES (11, 22, 13, 10, 81.5146556784);
INSERT INTO reading_data (reading_id, bin_id, bin_section_id, sensor_type_id, value) VALUES (11, 22, 13, 11, 85.9306987734);
INSERT INTO reading_data (reading_id, bin_id, bin_section_id, sensor_type_id, value) VALUES (11, 22, 13, 12, 127.96301075);
INSERT INTO reading_data (reading_id, bin_id, bin_section_id, sensor_type_id, value) VALUES (11, 22, 13, 13, 0);
INSERT INTO reading_data (reading_id, bin_id, bin_section_id, sensor_type_id, value) VALUES (11, 22, 14, 10, 104.826886756);
INSERT INTO reading_data (reading_id, bin_id, bin_section_id, sensor_type_id, value) VALUES (11, 22, 14, 11, 82.6071857437);
INSERT INTO reading_data (reading_id, bin_id, bin_section_id, sensor_type_id, value) VALUES (11, 23, 13, 10, 107.368380375);
INSERT INTO reading_data (reading_id, bin_id, bin_section_id, sensor_type_id, value) VALUES (11, 23, 13, 11, 95.8010567137);
INSERT INTO reading_data (reading_id, bin_id, bin_section_id, sensor_type_id, value) VALUES (11, 23, 13, 12, 119.496811615);
INSERT INTO reading_data (reading_id, bin_id, bin_section_id, sensor_type_id, value) VALUES (11, 23, 13, 13, 1);
INSERT INTO reading_data (reading_id, bin_id, bin_section_id, sensor_type_id, value) VALUES (11, 23, 14, 10, 101.840587809);
INSERT INTO reading_data (reading_id, bin_id, bin_section_id, sensor_type_id, value) VALUES (11, 23, 14, 11, 93.5620460436);
INSERT INTO reading_data (reading_id, bin_id, bin_section_id, sensor_type_id, value) VALUES (11, 24, 13, 10, 83.3340221364);
INSERT INTO reading_data (reading_id, bin_id, bin_section_id, sensor_type_id, value) VALUES (11, 24, 13, 11, 98.8874545981);
INSERT INTO reading_data (reading_id, bin_id, bin_section_id, sensor_type_id, value) VALUES (11, 24, 13, 12, 102.693788129);
INSERT INTO reading_data (reading_id, bin_id, bin_section_id, sensor_type_id, value) VALUES (11, 24, 13, 13, 1);
INSERT INTO reading_data (reading_id, bin_id, bin_section_id, sensor_type_id, value) VALUES (11, 24, 14, 10, 121.070731218);
INSERT INTO reading_data (reading_id, bin_id, bin_section_id, sensor_type_id, value) VALUES (11, 24, 14, 11, 105.516169359);
INSERT INTO reading_data (reading_id, bin_id, bin_section_id, sensor_type_id, value) VALUES (11, 25, 13, 10, 126.54301287);
INSERT INTO reading_data (reading_id, bin_id, bin_section_id, sensor_type_id, value) VALUES (11, 25, 13, 11, 97.2606188559);
INSERT INTO reading_data (reading_id, bin_id, bin_section_id, sensor_type_id, value) VALUES (11, 25, 13, 12, 96.1780974816);
INSERT INTO reading_data (reading_id, bin_id, bin_section_id, sensor_type_id, value) VALUES (11, 25, 13, 13, 0);
INSERT INTO reading_data (reading_id, bin_id, bin_section_id, sensor_type_id, value) VALUES (11, 25, 14, 10, 106.244903816);
INSERT INTO reading_data (reading_id, bin_id, bin_section_id, sensor_type_id, value) VALUES (11, 25, 14, 11, 100.576564585);
INSERT INTO reading (id, datetime) VALUES (12, TIMESTAMP '2012-08-19 13:39:45');
INSERT INTO reading_data (reading_id, bin_id, bin_section_id, sensor_type_id, value) VALUES (12, 10, 10, 50, 107.793596958);
INSERT INTO reading_data (reading_id, bin_id, bin_section_id, sensor_type_id, value) VALUES (12, 10, 10, 51, 109.825465755);
INSERT INTO reading_data (reading_id, bin_id, bin_section_id, sensor_type_id, value) VALUES (12, 10, 10, 40, 98.9048936284);
INSERT INTO reading_data (reading_id, bin_id, bin_section_id, sensor_type_id, value) VALUES (12, 19, 10, 50, 97.7822838933);
INSERT INTO reading_data (reading_id, bin_id, bin_section_id, sensor_type_id, value) VALUES (12, 19, 10, 51, 98.8859591979);
INSERT INTO reading_data (reading_id, bin_id, bin_section_id, sensor_type_id, value) VALUES (12, 19, 10, 40, 111.720526198);
INSERT INTO reading_data (reading_id, bin_id, bin_section_id, sensor_type_id, value) VALUES (12, 11, 11, 20, 108.009946915);
INSERT INTO reading_data (reading_id, bin_id, bin_section_id, sensor_type_id, value) VALUES (12, 11, 11, 21, 98.5952270473);
INSERT INTO reading_data (reading_id, bin_id, bin_section_id, sensor_type_id, value) VALUES (12, 11, 11, 10, 101.767619812);
INSERT INTO reading_data (reading_id, bin_id, bin_section_id, sensor_type_id, value) VALUES (12, 11, 11, 11, 98.4847370949);
INSERT INTO reading_data (reading_id, bin_id, bin_section_id, sensor_type_id, value) VALUES (12, 21, 11, 20, 81.7603706992);
INSERT INTO reading_data (reading_id, bin_id, bin_section_id, sensor_type_id, value) VALUES (12, 21, 11, 21, 113.870184582);
INSERT INTO reading_data (reading_id, bin_id, bin_section_id, sensor_type_id, value) VALUES (12, 21, 11, 10, 83.19258276);
INSERT INTO reading_data (reading_id, bin_id, bin_section_id, sensor_type_id, value) VALUES (12, 21, 11, 11, 122.97252064);
INSERT INTO reading_data (reading_id, bin_id, bin_section_id, sensor_type_id, value) VALUES (12, 9, 14, 10, 92.5905453944);
INSERT INTO reading_data (reading_id, bin_id, bin_section_id, sensor_type_id, value) VALUES (12, 9, 14, 11, 106.796589053);
INSERT INTO reading_data (reading_id, bin_id, bin_section_id, sensor_type_id, value) VALUES (12, 12, 13, 10, 116.633620645);
INSERT INTO reading_data (reading_id, bin_id, bin_section_id, sensor_type_id, value) VALUES (12, 12, 13, 11, 125.847346345);
INSERT INTO reading_data (reading_id, bin_id, bin_section_id, sensor_type_id, value) VALUES (12, 12, 13, 12, 126.88356325);
INSERT INTO reading_data (reading_id, bin_id, bin_section_id, sensor_type_id, value) VALUES (12, 12, 13, 13, 1);
INSERT INTO reading_data (reading_id, bin_id, bin_section_id, sensor_type_id, value) VALUES (12, 12, 14, 10, 106.864260162);
INSERT INTO reading_data (reading_id, bin_id, bin_section_id, sensor_type_id, value) VALUES (12, 12, 14, 11, 112.220610751);
INSERT INTO reading_data (reading_id, bin_id, bin_section_id, sensor_type_id, value) VALUES (12, 13, 13, 10, 89.6980646089);
INSERT INTO reading_data (reading_id, bin_id, bin_section_id, sensor_type_id, value) VALUES (12, 13, 13, 11, 100.309331351);
INSERT INTO reading_data (reading_id, bin_id, bin_section_id, sensor_type_id, value) VALUES (12, 13, 13, 12, 118.114447579);
INSERT INTO reading_data (reading_id, bin_id, bin_section_id, sensor_type_id, value) VALUES (12, 13, 13, 13, 0);
INSERT INTO reading_data (reading_id, bin_id, bin_section_id, sensor_type_id, value) VALUES (12, 13, 14, 10, 99.0891125025);
INSERT INTO reading_data (reading_id, bin_id, bin_section_id, sensor_type_id, value) VALUES (12, 13, 14, 11, 122.845621285);
INSERT INTO reading_data (reading_id, bin_id, bin_section_id, sensor_type_id, value) VALUES (12, 14, 13, 10, 113.248790585);
INSERT INTO reading_data (reading_id, bin_id, bin_section_id, sensor_type_id, value) VALUES (12, 14, 13, 11, 86.1782472483);
INSERT INTO reading_data (reading_id, bin_id, bin_section_id, sensor_type_id, value) VALUES (12, 14, 13, 12, 96.4363634059);
INSERT INTO reading_data (reading_id, bin_id, bin_section_id, sensor_type_id, value) VALUES (12, 14, 13, 13, 1);
INSERT INTO reading_data (reading_id, bin_id, bin_section_id, sensor_type_id, value) VALUES (12, 14, 14, 10, 118.614727968);
INSERT INTO reading_data (reading_id, bin_id, bin_section_id, sensor_type_id, value) VALUES (12, 14, 14, 11, 117.378553797);
INSERT INTO reading_data (reading_id, bin_id, bin_section_id, sensor_type_id, value) VALUES (12, 15, 13, 10, 89.1906164649);
INSERT INTO reading_data (reading_id, bin_id, bin_section_id, sensor_type_id, value) VALUES (12, 15, 13, 11, 119.786257277);
INSERT INTO reading_data (reading_id, bin_id, bin_section_id, sensor_type_id, value) VALUES (12, 15, 13, 12, 103.950609423);
INSERT INTO reading_data (reading_id, bin_id, bin_section_id, sensor_type_id, value) VALUES (12, 15, 13, 13, 0);
INSERT INTO reading_data (reading_id, bin_id, bin_section_id, sensor_type_id, value) VALUES (12, 15, 14, 10, 89.332229478);
INSERT INTO reading_data (reading_id, bin_id, bin_section_id, sensor_type_id, value) VALUES (12, 15, 14, 11, 87.5020357948);
INSERT INTO reading_data (reading_id, bin_id, bin_section_id, sensor_type_id, value) VALUES (12, 17, 13, 10, 129.796861041);
INSERT INTO reading_data (reading_id, bin_id, bin_section_id, sensor_type_id, value) VALUES (12, 17, 13, 11, 100.776234848);
INSERT INTO reading_data (reading_id, bin_id, bin_section_id, sensor_type_id, value) VALUES (12, 17, 13, 12, 98.9607914659);
INSERT INTO reading_data (reading_id, bin_id, bin_section_id, sensor_type_id, value) VALUES (12, 17, 13, 13, 0);
INSERT INTO reading_data (reading_id, bin_id, bin_section_id, sensor_type_id, value) VALUES (12, 17, 14, 10, 128.327944934);
INSERT INTO reading_data (reading_id, bin_id, bin_section_id, sensor_type_id, value) VALUES (12, 17, 14, 11, 105.899281063);
INSERT INTO reading_data (reading_id, bin_id, bin_section_id, sensor_type_id, value) VALUES (12, 21, 13, 10, 123.553716948);
INSERT INTO reading_data (reading_id, bin_id, bin_section_id, sensor_type_id, value) VALUES (12, 21, 13, 11, 117.348599088);
INSERT INTO reading_data (reading_id, bin_id, bin_section_id, sensor_type_id, value) VALUES (12, 21, 13, 12, 86.8149910465);
INSERT INTO reading_data (reading_id, bin_id, bin_section_id, sensor_type_id, value) VALUES (12, 21, 13, 13, 0);
INSERT INTO reading_data (reading_id, bin_id, bin_section_id, sensor_type_id, value) VALUES (12, 21, 14, 10, 100.195223043);
INSERT INTO reading_data (reading_id, bin_id, bin_section_id, sensor_type_id, value) VALUES (12, 21, 14, 11, 102.199316267);
INSERT INTO reading_data (reading_id, bin_id, bin_section_id, sensor_type_id, value) VALUES (12, 22, 13, 10, 124.410769863);
INSERT INTO reading_data (reading_id, bin_id, bin_section_id, sensor_type_id, value) VALUES (12, 22, 13, 11, 126.055864513);
INSERT INTO reading_data (reading_id, bin_id, bin_section_id, sensor_type_id, value) VALUES (12, 22, 13, 12, 114.400200419);
INSERT INTO reading_data (reading_id, bin_id, bin_section_id, sensor_type_id, value) VALUES (12, 22, 13, 13, 0);
INSERT INTO reading_data (reading_id, bin_id, bin_section_id, sensor_type_id, value) VALUES (12, 22, 14, 10, 123.333087837);
INSERT INTO reading_data (reading_id, bin_id, bin_section_id, sensor_type_id, value) VALUES (12, 22, 14, 11, 122.198859644);
INSERT INTO reading_data (reading_id, bin_id, bin_section_id, sensor_type_id, value) VALUES (12, 23, 13, 10, 100.647162377);
INSERT INTO reading_data (reading_id, bin_id, bin_section_id, sensor_type_id, value) VALUES (12, 23, 13, 11, 124.398735781);
INSERT INTO reading_data (reading_id, bin_id, bin_section_id, sensor_type_id, value) VALUES (12, 23, 13, 12, 116.723738304);
INSERT INTO reading_data (reading_id, bin_id, bin_section_id, sensor_type_id, value) VALUES (12, 23, 13, 13, 0);
INSERT INTO reading_data (reading_id, bin_id, bin_section_id, sensor_type_id, value) VALUES (12, 23, 14, 10, 110.140069281);
INSERT INTO reading_data (reading_id, bin_id, bin_section_id, sensor_type_id, value) VALUES (12, 23, 14, 11, 87.414859065);
INSERT INTO reading_data (reading_id, bin_id, bin_section_id, sensor_type_id, value) VALUES (12, 24, 13, 10, 123.609394744);
INSERT INTO reading_data (reading_id, bin_id, bin_section_id, sensor_type_id, value) VALUES (12, 24, 13, 11, 86.7545628758);
INSERT INTO reading_data (reading_id, bin_id, bin_section_id, sensor_type_id, value) VALUES (12, 24, 13, 12, 99.3935758459);
INSERT INTO reading_data (reading_id, bin_id, bin_section_id, sensor_type_id, value) VALUES (12, 24, 13, 13, 1);
INSERT INTO reading_data (reading_id, bin_id, bin_section_id, sensor_type_id, value) VALUES (12, 24, 14, 10, 91.0076083248);
INSERT INTO reading_data (reading_id, bin_id, bin_section_id, sensor_type_id, value) VALUES (12, 24, 14, 11, 88.0376103835);
INSERT INTO reading_data (reading_id, bin_id, bin_section_id, sensor_type_id, value) VALUES (12, 25, 13, 10, 85.7084031097);
INSERT INTO reading_data (reading_id, bin_id, bin_section_id, sensor_type_id, value) VALUES (12, 25, 13, 11, 92.2700420111);
INSERT INTO reading_data (reading_id, bin_id, bin_section_id, sensor_type_id, value) VALUES (12, 25, 13, 12, 93.7492656712);
INSERT INTO reading_data (reading_id, bin_id, bin_section_id, sensor_type_id, value) VALUES (12, 25, 13, 13, 0);
INSERT INTO reading_data (reading_id, bin_id, bin_section_id, sensor_type_id, value) VALUES (12, 25, 14, 10, 97.0040965423);
INSERT INTO reading_data (reading_id, bin_id, bin_section_id, sensor_type_id, value) VALUES (12, 25, 14, 11, 106.724223263);
INSERT INTO reading (id, datetime) VALUES (13, TIMESTAMP '2012-08-19 13:44:45');
INSERT INTO reading_data (reading_id, bin_id, bin_section_id, sensor_type_id, value) VALUES (13, 10, 10, 50, 124.61940629);
INSERT INTO reading_data (reading_id, bin_id, bin_section_id, sensor_type_id, value) VALUES (13, 10, 10, 51, 117.726854279);
INSERT INTO reading_data (reading_id, bin_id, bin_section_id, sensor_type_id, value) VALUES (13, 10, 10, 40, 108.108758366);
INSERT INTO reading_data (reading_id, bin_id, bin_section_id, sensor_type_id, value) VALUES (13, 19, 10, 50, 83.4403474475);
INSERT INTO reading_data (reading_id, bin_id, bin_section_id, sensor_type_id, value) VALUES (13, 19, 10, 51, 91.1539958007);
INSERT INTO reading_data (reading_id, bin_id, bin_section_id, sensor_type_id, value) VALUES (13, 19, 10, 40, 113.41370778);
INSERT INTO reading_data (reading_id, bin_id, bin_section_id, sensor_type_id, value) VALUES (13, 11, 11, 20, 123.057104968);
INSERT INTO reading_data (reading_id, bin_id, bin_section_id, sensor_type_id, value) VALUES (13, 11, 11, 21, 102.368956942);
INSERT INTO reading_data (reading_id, bin_id, bin_section_id, sensor_type_id, value) VALUES (13, 11, 11, 10, 86.512028508);
INSERT INTO reading_data (reading_id, bin_id, bin_section_id, sensor_type_id, value) VALUES (13, 11, 11, 11, 116.772677519);
INSERT INTO reading_data (reading_id, bin_id, bin_section_id, sensor_type_id, value) VALUES (13, 21, 11, 20, 82.0509081667);
INSERT INTO reading_data (reading_id, bin_id, bin_section_id, sensor_type_id, value) VALUES (13, 21, 11, 21, 94.5655864409);
INSERT INTO reading_data (reading_id, bin_id, bin_section_id, sensor_type_id, value) VALUES (13, 21, 11, 10, 80.2753302495);
INSERT INTO reading_data (reading_id, bin_id, bin_section_id, sensor_type_id, value) VALUES (13, 21, 11, 11, 99.5428200694);
INSERT INTO reading_data (reading_id, bin_id, bin_section_id, sensor_type_id, value) VALUES (13, 9, 14, 10, 106.858310726);
INSERT INTO reading_data (reading_id, bin_id, bin_section_id, sensor_type_id, value) VALUES (13, 9, 14, 11, 108.579790724);
INSERT INTO reading_data (reading_id, bin_id, bin_section_id, sensor_type_id, value) VALUES (13, 12, 13, 10, 123.329093409);
INSERT INTO reading_data (reading_id, bin_id, bin_section_id, sensor_type_id, value) VALUES (13, 12, 13, 11, 118.943317709);
INSERT INTO reading_data (reading_id, bin_id, bin_section_id, sensor_type_id, value) VALUES (13, 12, 13, 12, 85.0213532993);
INSERT INTO reading_data (reading_id, bin_id, bin_section_id, sensor_type_id, value) VALUES (13, 12, 13, 13, 0);
INSERT INTO reading_data (reading_id, bin_id, bin_section_id, sensor_type_id, value) VALUES (13, 12, 14, 10, 84.2237435246);
INSERT INTO reading_data (reading_id, bin_id, bin_section_id, sensor_type_id, value) VALUES (13, 12, 14, 11, 83.2992399512);
INSERT INTO reading_data (reading_id, bin_id, bin_section_id, sensor_type_id, value) VALUES (13, 13, 13, 10, 114.561560497);
INSERT INTO reading_data (reading_id, bin_id, bin_section_id, sensor_type_id, value) VALUES (13, 13, 13, 11, 104.200898636);
INSERT INTO reading_data (reading_id, bin_id, bin_section_id, sensor_type_id, value) VALUES (13, 13, 13, 12, 119.657841949);
INSERT INTO reading_data (reading_id, bin_id, bin_section_id, sensor_type_id, value) VALUES (13, 13, 13, 13, 1);
INSERT INTO reading_data (reading_id, bin_id, bin_section_id, sensor_type_id, value) VALUES (13, 13, 14, 10, 90.6666271085);
INSERT INTO reading_data (reading_id, bin_id, bin_section_id, sensor_type_id, value) VALUES (13, 13, 14, 11, 110.820671666);
INSERT INTO reading_data (reading_id, bin_id, bin_section_id, sensor_type_id, value) VALUES (13, 14, 13, 10, 108.948850559);
INSERT INTO reading_data (reading_id, bin_id, bin_section_id, sensor_type_id, value) VALUES (13, 14, 13, 11, 88.5117068771);
INSERT INTO reading_data (reading_id, bin_id, bin_section_id, sensor_type_id, value) VALUES (13, 14, 13, 12, 95.4898543065);
INSERT INTO reading_data (reading_id, bin_id, bin_section_id, sensor_type_id, value) VALUES (13, 14, 13, 13, 0);
INSERT INTO reading_data (reading_id, bin_id, bin_section_id, sensor_type_id, value) VALUES (13, 14, 14, 10, 112.054939901);
INSERT INTO reading_data (reading_id, bin_id, bin_section_id, sensor_type_id, value) VALUES (13, 14, 14, 11, 82.9128937453);
INSERT INTO reading_data (reading_id, bin_id, bin_section_id, sensor_type_id, value) VALUES (13, 15, 13, 10, 97.8207865027);
INSERT INTO reading_data (reading_id, bin_id, bin_section_id, sensor_type_id, value) VALUES (13, 15, 13, 11, 90.2454097789);
INSERT INTO reading_data (reading_id, bin_id, bin_section_id, sensor_type_id, value) VALUES (13, 15, 13, 12, 115.695324443);
INSERT INTO reading_data (reading_id, bin_id, bin_section_id, sensor_type_id, value) VALUES (13, 15, 13, 13, 0);
INSERT INTO reading_data (reading_id, bin_id, bin_section_id, sensor_type_id, value) VALUES (13, 15, 14, 10, 109.168632131);
INSERT INTO reading_data (reading_id, bin_id, bin_section_id, sensor_type_id, value) VALUES (13, 15, 14, 11, 120.168377204);
INSERT INTO reading_data (reading_id, bin_id, bin_section_id, sensor_type_id, value) VALUES (13, 17, 13, 10, 98.0391151769);
INSERT INTO reading_data (reading_id, bin_id, bin_section_id, sensor_type_id, value) VALUES (13, 17, 13, 11, 115.877036556);
INSERT INTO reading_data (reading_id, bin_id, bin_section_id, sensor_type_id, value) VALUES (13, 17, 13, 12, 111.663227338);
INSERT INTO reading_data (reading_id, bin_id, bin_section_id, sensor_type_id, value) VALUES (13, 17, 13, 13, 0);
INSERT INTO reading_data (reading_id, bin_id, bin_section_id, sensor_type_id, value) VALUES (13, 17, 14, 10, 126.803433913);
INSERT INTO reading_data (reading_id, bin_id, bin_section_id, sensor_type_id, value) VALUES (13, 17, 14, 11, 97.5904954928);
INSERT INTO reading_data (reading_id, bin_id, bin_section_id, sensor_type_id, value) VALUES (13, 21, 13, 10, 103.725024862);
INSERT INTO reading_data (reading_id, bin_id, bin_section_id, sensor_type_id, value) VALUES (13, 21, 13, 11, 113.703353374);
INSERT INTO reading_data (reading_id, bin_id, bin_section_id, sensor_type_id, value) VALUES (13, 21, 13, 12, 118.372233453);
INSERT INTO reading_data (reading_id, bin_id, bin_section_id, sensor_type_id, value) VALUES (13, 21, 13, 13, 1);
INSERT INTO reading_data (reading_id, bin_id, bin_section_id, sensor_type_id, value) VALUES (13, 21, 14, 10, 105.741023623);
INSERT INTO reading_data (reading_id, bin_id, bin_section_id, sensor_type_id, value) VALUES (13, 21, 14, 11, 113.466429875);
INSERT INTO reading_data (reading_id, bin_id, bin_section_id, sensor_type_id, value) VALUES (13, 22, 13, 10, 113.222687299);
INSERT INTO reading_data (reading_id, bin_id, bin_section_id, sensor_type_id, value) VALUES (13, 22, 13, 11, 100.358992893);
INSERT INTO reading_data (reading_id, bin_id, bin_section_id, sensor_type_id, value) VALUES (13, 22, 13, 12, 105.231597417);
INSERT INTO reading_data (reading_id, bin_id, bin_section_id, sensor_type_id, value) VALUES (13, 22, 13, 13, 0);
INSERT INTO reading_data (reading_id, bin_id, bin_section_id, sensor_type_id, value) VALUES (13, 22, 14, 10, 81.4571033705);
INSERT INTO reading_data (reading_id, bin_id, bin_section_id, sensor_type_id, value) VALUES (13, 22, 14, 11, 113.373507627);
INSERT INTO reading_data (reading_id, bin_id, bin_section_id, sensor_type_id, value) VALUES (13, 23, 13, 10, 127.269903553);
INSERT INTO reading_data (reading_id, bin_id, bin_section_id, sensor_type_id, value) VALUES (13, 23, 13, 11, 109.570409204);
INSERT INTO reading_data (reading_id, bin_id, bin_section_id, sensor_type_id, value) VALUES (13, 23, 13, 12, 96.608017679);
INSERT INTO reading_data (reading_id, bin_id, bin_section_id, sensor_type_id, value) VALUES (13, 23, 13, 13, 1);
INSERT INTO reading_data (reading_id, bin_id, bin_section_id, sensor_type_id, value) VALUES (13, 23, 14, 10, 103.673776867);
INSERT INTO reading_data (reading_id, bin_id, bin_section_id, sensor_type_id, value) VALUES (13, 23, 14, 11, 83.7938061465);
INSERT INTO reading_data (reading_id, bin_id, bin_section_id, sensor_type_id, value) VALUES (13, 24, 13, 10, 91.225418855);
INSERT INTO reading_data (reading_id, bin_id, bin_section_id, sensor_type_id, value) VALUES (13, 24, 13, 11, 124.848641079);
INSERT INTO reading_data (reading_id, bin_id, bin_section_id, sensor_type_id, value) VALUES (13, 24, 13, 12, 126.648758502);
INSERT INTO reading_data (reading_id, bin_id, bin_section_id, sensor_type_id, value) VALUES (13, 24, 13, 13, 1);
INSERT INTO reading_data (reading_id, bin_id, bin_section_id, sensor_type_id, value) VALUES (13, 24, 14, 10, 116.649698755);
INSERT INTO reading_data (reading_id, bin_id, bin_section_id, sensor_type_id, value) VALUES (13, 24, 14, 11, 105.146854523);
INSERT INTO reading_data (reading_id, bin_id, bin_section_id, sensor_type_id, value) VALUES (13, 25, 13, 10, 81.1276038309);
INSERT INTO reading_data (reading_id, bin_id, bin_section_id, sensor_type_id, value) VALUES (13, 25, 13, 11, 95.1851673918);
INSERT INTO reading_data (reading_id, bin_id, bin_section_id, sensor_type_id, value) VALUES (13, 25, 13, 12, 107.610480019);
INSERT INTO reading_data (reading_id, bin_id, bin_section_id, sensor_type_id, value) VALUES (13, 25, 13, 13, 0);
INSERT INTO reading_data (reading_id, bin_id, bin_section_id, sensor_type_id, value) VALUES (13, 25, 14, 10, 103.282326745);
INSERT INTO reading_data (reading_id, bin_id, bin_section_id, sensor_type_id, value) VALUES (13, 25, 14, 11, 124.416613636);
INSERT INTO reading (id, datetime) VALUES (14, TIMESTAMP '2012-08-19 13:49:45');
INSERT INTO reading_data (reading_id, bin_id, bin_section_id, sensor_type_id, value) VALUES (14, 10, 10, 50, 110.669737048);
INSERT INTO reading_data (reading_id, bin_id, bin_section_id, sensor_type_id, value) VALUES (14, 10, 10, 51, 115.059635186);
INSERT INTO reading_data (reading_id, bin_id, bin_section_id, sensor_type_id, value) VALUES (14, 10, 10, 40, 95.0676678502);
INSERT INTO reading_data (reading_id, bin_id, bin_section_id, sensor_type_id, value) VALUES (14, 19, 10, 50, 88.717296379);
INSERT INTO reading_data (reading_id, bin_id, bin_section_id, sensor_type_id, value) VALUES (14, 19, 10, 51, 90.6125359147);
INSERT INTO reading_data (reading_id, bin_id, bin_section_id, sensor_type_id, value) VALUES (14, 19, 10, 40, 120.983209653);
INSERT INTO reading_data (reading_id, bin_id, bin_section_id, sensor_type_id, value) VALUES (14, 11, 11, 20, 88.0199912718);
INSERT INTO reading_data (reading_id, bin_id, bin_section_id, sensor_type_id, value) VALUES (14, 11, 11, 21, 120.35595431);
INSERT INTO reading_data (reading_id, bin_id, bin_section_id, sensor_type_id, value) VALUES (14, 11, 11, 10, 91.8445866763);
INSERT INTO reading_data (reading_id, bin_id, bin_section_id, sensor_type_id, value) VALUES (14, 11, 11, 11, 105.864800874);
INSERT INTO reading_data (reading_id, bin_id, bin_section_id, sensor_type_id, value) VALUES (14, 21, 11, 20, 80.71595665);
INSERT INTO reading_data (reading_id, bin_id, bin_section_id, sensor_type_id, value) VALUES (14, 21, 11, 21, 90.782476104);
INSERT INTO reading_data (reading_id, bin_id, bin_section_id, sensor_type_id, value) VALUES (14, 21, 11, 10, 129.473440835);
INSERT INTO reading_data (reading_id, bin_id, bin_section_id, sensor_type_id, value) VALUES (14, 21, 11, 11, 118.409100803);
INSERT INTO reading_data (reading_id, bin_id, bin_section_id, sensor_type_id, value) VALUES (14, 9, 14, 10, 109.624010758);
INSERT INTO reading_data (reading_id, bin_id, bin_section_id, sensor_type_id, value) VALUES (14, 9, 14, 11, 125.679948067);
INSERT INTO reading_data (reading_id, bin_id, bin_section_id, sensor_type_id, value) VALUES (14, 12, 13, 10, 109.3328844);
INSERT INTO reading_data (reading_id, bin_id, bin_section_id, sensor_type_id, value) VALUES (14, 12, 13, 11, 90.6410274679);
INSERT INTO reading_data (reading_id, bin_id, bin_section_id, sensor_type_id, value) VALUES (14, 12, 13, 12, 124.772200683);
INSERT INTO reading_data (reading_id, bin_id, bin_section_id, sensor_type_id, value) VALUES (14, 12, 13, 13, 0);
INSERT INTO reading_data (reading_id, bin_id, bin_section_id, sensor_type_id, value) VALUES (14, 12, 14, 10, 80.484110621);
INSERT INTO reading_data (reading_id, bin_id, bin_section_id, sensor_type_id, value) VALUES (14, 12, 14, 11, 119.363316277);
INSERT INTO reading_data (reading_id, bin_id, bin_section_id, sensor_type_id, value) VALUES (14, 13, 13, 10, 107.712122716);
INSERT INTO reading_data (reading_id, bin_id, bin_section_id, sensor_type_id, value) VALUES (14, 13, 13, 11, 125.251664806);
INSERT INTO reading_data (reading_id, bin_id, bin_section_id, sensor_type_id, value) VALUES (14, 13, 13, 12, 123.56517759);
INSERT INTO reading_data (reading_id, bin_id, bin_section_id, sensor_type_id, value) VALUES (14, 13, 13, 13, 0);
INSERT INTO reading_data (reading_id, bin_id, bin_section_id, sensor_type_id, value) VALUES (14, 13, 14, 10, 85.0345782482);
INSERT INTO reading_data (reading_id, bin_id, bin_section_id, sensor_type_id, value) VALUES (14, 13, 14, 11, 113.423464921);
INSERT INTO reading_data (reading_id, bin_id, bin_section_id, sensor_type_id, value) VALUES (14, 14, 13, 10, 128.891578944);
INSERT INTO reading_data (reading_id, bin_id, bin_section_id, sensor_type_id, value) VALUES (14, 14, 13, 11, 90.9028626771);
INSERT INTO reading_data (reading_id, bin_id, bin_section_id, sensor_type_id, value) VALUES (14, 14, 13, 12, 87.7815214371);
INSERT INTO reading_data (reading_id, bin_id, bin_section_id, sensor_type_id, value) VALUES (14, 14, 13, 13, 0);
INSERT INTO reading_data (reading_id, bin_id, bin_section_id, sensor_type_id, value) VALUES (14, 14, 14, 10, 113.094278775);
INSERT INTO reading_data (reading_id, bin_id, bin_section_id, sensor_type_id, value) VALUES (14, 14, 14, 11, 114.044903062);
INSERT INTO reading_data (reading_id, bin_id, bin_section_id, sensor_type_id, value) VALUES (14, 15, 13, 10, 91.0096732619);
INSERT INTO reading_data (reading_id, bin_id, bin_section_id, sensor_type_id, value) VALUES (14, 15, 13, 11, 87.2400175844);
INSERT INTO reading_data (reading_id, bin_id, bin_section_id, sensor_type_id, value) VALUES (14, 15, 13, 12, 102.489192835);
INSERT INTO reading_data (reading_id, bin_id, bin_section_id, sensor_type_id, value) VALUES (14, 15, 13, 13, 1);
INSERT INTO reading_data (reading_id, bin_id, bin_section_id, sensor_type_id, value) VALUES (14, 15, 14, 10, 95.6080255741);
INSERT INTO reading_data (reading_id, bin_id, bin_section_id, sensor_type_id, value) VALUES (14, 15, 14, 11, 103.425057592);
INSERT INTO reading_data (reading_id, bin_id, bin_section_id, sensor_type_id, value) VALUES (14, 17, 13, 10, 105.257864332);
INSERT INTO reading_data (reading_id, bin_id, bin_section_id, sensor_type_id, value) VALUES (14, 17, 13, 11, 121.600806198);
INSERT INTO reading_data (reading_id, bin_id, bin_section_id, sensor_type_id, value) VALUES (14, 17, 13, 12, 124.700803564);
INSERT INTO reading_data (reading_id, bin_id, bin_section_id, sensor_type_id, value) VALUES (14, 17, 13, 13, 0);
INSERT INTO reading_data (reading_id, bin_id, bin_section_id, sensor_type_id, value) VALUES (14, 17, 14, 10, 122.740916519);
INSERT INTO reading_data (reading_id, bin_id, bin_section_id, sensor_type_id, value) VALUES (14, 17, 14, 11, 80.3981988371);
INSERT INTO reading_data (reading_id, bin_id, bin_section_id, sensor_type_id, value) VALUES (14, 21, 13, 10, 93.8724969596);
INSERT INTO reading_data (reading_id, bin_id, bin_section_id, sensor_type_id, value) VALUES (14, 21, 13, 11, 112.06956898);
INSERT INTO reading_data (reading_id, bin_id, bin_section_id, sensor_type_id, value) VALUES (14, 21, 13, 12, 114.259842574);
INSERT INTO reading_data (reading_id, bin_id, bin_section_id, sensor_type_id, value) VALUES (14, 21, 13, 13, 0);
INSERT INTO reading_data (reading_id, bin_id, bin_section_id, sensor_type_id, value) VALUES (14, 21, 14, 10, 99.9824708658);
INSERT INTO reading_data (reading_id, bin_id, bin_section_id, sensor_type_id, value) VALUES (14, 21, 14, 11, 108.987801954);
INSERT INTO reading_data (reading_id, bin_id, bin_section_id, sensor_type_id, value) VALUES (14, 22, 13, 10, 95.4506427882);
INSERT INTO reading_data (reading_id, bin_id, bin_section_id, sensor_type_id, value) VALUES (14, 22, 13, 11, 115.421194826);
INSERT INTO reading_data (reading_id, bin_id, bin_section_id, sensor_type_id, value) VALUES (14, 22, 13, 12, 90.9775190394);
INSERT INTO reading_data (reading_id, bin_id, bin_section_id, sensor_type_id, value) VALUES (14, 22, 13, 13, 0);
INSERT INTO reading_data (reading_id, bin_id, bin_section_id, sensor_type_id, value) VALUES (14, 22, 14, 10, 80.1452415279);
INSERT INTO reading_data (reading_id, bin_id, bin_section_id, sensor_type_id, value) VALUES (14, 22, 14, 11, 111.932789885);
INSERT INTO reading_data (reading_id, bin_id, bin_section_id, sensor_type_id, value) VALUES (14, 23, 13, 10, 110.760766164);
INSERT INTO reading_data (reading_id, bin_id, bin_section_id, sensor_type_id, value) VALUES (14, 23, 13, 11, 94.4681570908);
INSERT INTO reading_data (reading_id, bin_id, bin_section_id, sensor_type_id, value) VALUES (14, 23, 13, 12, 107.940975431);
INSERT INTO reading_data (reading_id, bin_id, bin_section_id, sensor_type_id, value) VALUES (14, 23, 13, 13, 0);
INSERT INTO reading_data (reading_id, bin_id, bin_section_id, sensor_type_id, value) VALUES (14, 23, 14, 10, 93.7261999527);
INSERT INTO reading_data (reading_id, bin_id, bin_section_id, sensor_type_id, value) VALUES (14, 23, 14, 11, 125.027100018);
INSERT INTO reading_data (reading_id, bin_id, bin_section_id, sensor_type_id, value) VALUES (14, 24, 13, 10, 92.0104108553);
INSERT INTO reading_data (reading_id, bin_id, bin_section_id, sensor_type_id, value) VALUES (14, 24, 13, 11, 103.094683653);
INSERT INTO reading_data (reading_id, bin_id, bin_section_id, sensor_type_id, value) VALUES (14, 24, 13, 12, 127.738352722);
INSERT INTO reading_data (reading_id, bin_id, bin_section_id, sensor_type_id, value) VALUES (14, 24, 13, 13, 1);
INSERT INTO reading_data (reading_id, bin_id, bin_section_id, sensor_type_id, value) VALUES (14, 24, 14, 10, 98.8692414246);
INSERT INTO reading_data (reading_id, bin_id, bin_section_id, sensor_type_id, value) VALUES (14, 24, 14, 11, 94.9390634933);
INSERT INTO reading_data (reading_id, bin_id, bin_section_id, sensor_type_id, value) VALUES (14, 25, 13, 10, 114.437939677);
INSERT INTO reading_data (reading_id, bin_id, bin_section_id, sensor_type_id, value) VALUES (14, 25, 13, 11, 104.79175607);
INSERT INTO reading_data (reading_id, bin_id, bin_section_id, sensor_type_id, value) VALUES (14, 25, 13, 12, 100.307012586);
INSERT INTO reading_data (reading_id, bin_id, bin_section_id, sensor_type_id, value) VALUES (14, 25, 13, 13, 0);
INSERT INTO reading_data (reading_id, bin_id, bin_section_id, sensor_type_id, value) VALUES (14, 25, 14, 10, 107.199228578);
INSERT INTO reading_data (reading_id, bin_id, bin_section_id, sensor_type_id, value) VALUES (14, 25, 14, 11, 126.481828271);
INSERT INTO reading (id, datetime) VALUES (15, TIMESTAMP '2012-08-19 13:54:45');
INSERT INTO reading_data (reading_id, bin_id, bin_section_id, sensor_type_id, value) VALUES (15, 10, 10, 50, 129.510390319);
INSERT INTO reading_data (reading_id, bin_id, bin_section_id, sensor_type_id, value) VALUES (15, 10, 10, 51, 95.3183824859);
INSERT INTO reading_data (reading_id, bin_id, bin_section_id, sensor_type_id, value) VALUES (15, 10, 10, 40, 94.0663390897);
INSERT INTO reading_data (reading_id, bin_id, bin_section_id, sensor_type_id, value) VALUES (15, 19, 10, 50, 81.5972809876);
INSERT INTO reading_data (reading_id, bin_id, bin_section_id, sensor_type_id, value) VALUES (15, 19, 10, 51, 102.055344117);
INSERT INTO reading_data (reading_id, bin_id, bin_section_id, sensor_type_id, value) VALUES (15, 19, 10, 40, 85.7307087399);
INSERT INTO reading_data (reading_id, bin_id, bin_section_id, sensor_type_id, value) VALUES (15, 11, 11, 20, 93.2222276863);
INSERT INTO reading_data (reading_id, bin_id, bin_section_id, sensor_type_id, value) VALUES (15, 11, 11, 21, 123.085486618);
INSERT INTO reading_data (reading_id, bin_id, bin_section_id, sensor_type_id, value) VALUES (15, 11, 11, 10, 124.733010694);
INSERT INTO reading_data (reading_id, bin_id, bin_section_id, sensor_type_id, value) VALUES (15, 11, 11, 11, 88.4314625104);
INSERT INTO reading_data (reading_id, bin_id, bin_section_id, sensor_type_id, value) VALUES (15, 21, 11, 20, 125.057550371);
INSERT INTO reading_data (reading_id, bin_id, bin_section_id, sensor_type_id, value) VALUES (15, 21, 11, 21, 97.5400004918);
INSERT INTO reading_data (reading_id, bin_id, bin_section_id, sensor_type_id, value) VALUES (15, 21, 11, 10, 82.6814287193);
INSERT INTO reading_data (reading_id, bin_id, bin_section_id, sensor_type_id, value) VALUES (15, 21, 11, 11, 110.859510077);
INSERT INTO reading_data (reading_id, bin_id, bin_section_id, sensor_type_id, value) VALUES (15, 9, 14, 10, 110.420567537);
INSERT INTO reading_data (reading_id, bin_id, bin_section_id, sensor_type_id, value) VALUES (15, 9, 14, 11, 122.386411796);
INSERT INTO reading_data (reading_id, bin_id, bin_section_id, sensor_type_id, value) VALUES (15, 12, 13, 10, 107.201288397);
INSERT INTO reading_data (reading_id, bin_id, bin_section_id, sensor_type_id, value) VALUES (15, 12, 13, 11, 88.6635698814);
INSERT INTO reading_data (reading_id, bin_id, bin_section_id, sensor_type_id, value) VALUES (15, 12, 13, 12, 122.394235665);
INSERT INTO reading_data (reading_id, bin_id, bin_section_id, sensor_type_id, value) VALUES (15, 12, 13, 13, 1);
INSERT INTO reading_data (reading_id, bin_id, bin_section_id, sensor_type_id, value) VALUES (15, 12, 14, 10, 118.285329897);
INSERT INTO reading_data (reading_id, bin_id, bin_section_id, sensor_type_id, value) VALUES (15, 12, 14, 11, 106.910243453);
INSERT INTO reading_data (reading_id, bin_id, bin_section_id, sensor_type_id, value) VALUES (15, 13, 13, 10, 121.020954692);
INSERT INTO reading_data (reading_id, bin_id, bin_section_id, sensor_type_id, value) VALUES (15, 13, 13, 11, 92.5666115527);
INSERT INTO reading_data (reading_id, bin_id, bin_section_id, sensor_type_id, value) VALUES (15, 13, 13, 12, 116.958752176);
INSERT INTO reading_data (reading_id, bin_id, bin_section_id, sensor_type_id, value) VALUES (15, 13, 13, 13, 1);
INSERT INTO reading_data (reading_id, bin_id, bin_section_id, sensor_type_id, value) VALUES (15, 13, 14, 10, 94.5406921222);
INSERT INTO reading_data (reading_id, bin_id, bin_section_id, sensor_type_id, value) VALUES (15, 13, 14, 11, 98.939041463);
INSERT INTO reading_data (reading_id, bin_id, bin_section_id, sensor_type_id, value) VALUES (15, 14, 13, 10, 122.993794166);
INSERT INTO reading_data (reading_id, bin_id, bin_section_id, sensor_type_id, value) VALUES (15, 14, 13, 11, 120.401182335);
INSERT INTO reading_data (reading_id, bin_id, bin_section_id, sensor_type_id, value) VALUES (15, 14, 13, 12, 127.555100185);
INSERT INTO reading_data (reading_id, bin_id, bin_section_id, sensor_type_id, value) VALUES (15, 14, 13, 13, 1);
INSERT INTO reading_data (reading_id, bin_id, bin_section_id, sensor_type_id, value) VALUES (15, 14, 14, 10, 114.058736466);
INSERT INTO reading_data (reading_id, bin_id, bin_section_id, sensor_type_id, value) VALUES (15, 14, 14, 11, 125.953490586);
INSERT INTO reading_data (reading_id, bin_id, bin_section_id, sensor_type_id, value) VALUES (15, 15, 13, 10, 126.717940115);
INSERT INTO reading_data (reading_id, bin_id, bin_section_id, sensor_type_id, value) VALUES (15, 15, 13, 11, 112.453766068);
INSERT INTO reading_data (reading_id, bin_id, bin_section_id, sensor_type_id, value) VALUES (15, 15, 13, 12, 125.117851081);
INSERT INTO reading_data (reading_id, bin_id, bin_section_id, sensor_type_id, value) VALUES (15, 15, 13, 13, 1);
INSERT INTO reading_data (reading_id, bin_id, bin_section_id, sensor_type_id, value) VALUES (15, 15, 14, 10, 126.033929792);
INSERT INTO reading_data (reading_id, bin_id, bin_section_id, sensor_type_id, value) VALUES (15, 15, 14, 11, 124.830565709);
INSERT INTO reading_data (reading_id, bin_id, bin_section_id, sensor_type_id, value) VALUES (15, 17, 13, 10, 90.8131736291);
INSERT INTO reading_data (reading_id, bin_id, bin_section_id, sensor_type_id, value) VALUES (15, 17, 13, 11, 93.7183647789);
INSERT INTO reading_data (reading_id, bin_id, bin_section_id, sensor_type_id, value) VALUES (15, 17, 13, 12, 125.655301655);
INSERT INTO reading_data (reading_id, bin_id, bin_section_id, sensor_type_id, value) VALUES (15, 17, 13, 13, 1);
INSERT INTO reading_data (reading_id, bin_id, bin_section_id, sensor_type_id, value) VALUES (15, 17, 14, 10, 108.111036877);
INSERT INTO reading_data (reading_id, bin_id, bin_section_id, sensor_type_id, value) VALUES (15, 17, 14, 11, 86.4564663837);
INSERT INTO reading_data (reading_id, bin_id, bin_section_id, sensor_type_id, value) VALUES (15, 21, 13, 10, 106.017500154);
INSERT INTO reading_data (reading_id, bin_id, bin_section_id, sensor_type_id, value) VALUES (15, 21, 13, 11, 87.4019353422);
INSERT INTO reading_data (reading_id, bin_id, bin_section_id, sensor_type_id, value) VALUES (15, 21, 13, 12, 86.283155125);
INSERT INTO reading_data (reading_id, bin_id, bin_section_id, sensor_type_id, value) VALUES (15, 21, 13, 13, 0);
INSERT INTO reading_data (reading_id, bin_id, bin_section_id, sensor_type_id, value) VALUES (15, 21, 14, 10, 103.830379948);
INSERT INTO reading_data (reading_id, bin_id, bin_section_id, sensor_type_id, value) VALUES (15, 21, 14, 11, 126.667126103);
INSERT INTO reading_data (reading_id, bin_id, bin_section_id, sensor_type_id, value) VALUES (15, 22, 13, 10, 86.9119894321);
INSERT INTO reading_data (reading_id, bin_id, bin_section_id, sensor_type_id, value) VALUES (15, 22, 13, 11, 106.650004498);
INSERT INTO reading_data (reading_id, bin_id, bin_section_id, sensor_type_id, value) VALUES (15, 22, 13, 12, 96.2153709546);
INSERT INTO reading_data (reading_id, bin_id, bin_section_id, sensor_type_id, value) VALUES (15, 22, 13, 13, 0);
INSERT INTO reading_data (reading_id, bin_id, bin_section_id, sensor_type_id, value) VALUES (15, 22, 14, 10, 128.594789596);
INSERT INTO reading_data (reading_id, bin_id, bin_section_id, sensor_type_id, value) VALUES (15, 22, 14, 11, 87.9104954317);
INSERT INTO reading_data (reading_id, bin_id, bin_section_id, sensor_type_id, value) VALUES (15, 23, 13, 10, 95.1750048574);
INSERT INTO reading_data (reading_id, bin_id, bin_section_id, sensor_type_id, value) VALUES (15, 23, 13, 11, 84.7270923667);
INSERT INTO reading_data (reading_id, bin_id, bin_section_id, sensor_type_id, value) VALUES (15, 23, 13, 12, 85.5812748632);
INSERT INTO reading_data (reading_id, bin_id, bin_section_id, sensor_type_id, value) VALUES (15, 23, 13, 13, 0);
INSERT INTO reading_data (reading_id, bin_id, bin_section_id, sensor_type_id, value) VALUES (15, 23, 14, 10, 97.1765401799);
INSERT INTO reading_data (reading_id, bin_id, bin_section_id, sensor_type_id, value) VALUES (15, 23, 14, 11, 98.6552800148);
INSERT INTO reading_data (reading_id, bin_id, bin_section_id, sensor_type_id, value) VALUES (15, 24, 13, 10, 127.136461532);
INSERT INTO reading_data (reading_id, bin_id, bin_section_id, sensor_type_id, value) VALUES (15, 24, 13, 11, 98.0824091376);
INSERT INTO reading_data (reading_id, bin_id, bin_section_id, sensor_type_id, value) VALUES (15, 24, 13, 12, 113.059594782);
INSERT INTO reading_data (reading_id, bin_id, bin_section_id, sensor_type_id, value) VALUES (15, 24, 13, 13, 0);
INSERT INTO reading_data (reading_id, bin_id, bin_section_id, sensor_type_id, value) VALUES (15, 24, 14, 10, 88.9953610216);
INSERT INTO reading_data (reading_id, bin_id, bin_section_id, sensor_type_id, value) VALUES (15, 24, 14, 11, 97.5276713621);
INSERT INTO reading_data (reading_id, bin_id, bin_section_id, sensor_type_id, value) VALUES (15, 25, 13, 10, 127.398048092);
INSERT INTO reading_data (reading_id, bin_id, bin_section_id, sensor_type_id, value) VALUES (15, 25, 13, 11, 124.282982734);
INSERT INTO reading_data (reading_id, bin_id, bin_section_id, sensor_type_id, value) VALUES (15, 25, 13, 12, 92.9400070313);
INSERT INTO reading_data (reading_id, bin_id, bin_section_id, sensor_type_id, value) VALUES (15, 25, 13, 13, 1);
INSERT INTO reading_data (reading_id, bin_id, bin_section_id, sensor_type_id, value) VALUES (15, 25, 14, 10, 98.8617101126);
INSERT INTO reading_data (reading_id, bin_id, bin_section_id, sensor_type_id, value) VALUES (15, 25, 14, 11, 103.411993043);
INSERT INTO reading (id, datetime) VALUES (16, TIMESTAMP '2012-08-19 13:59:45');
INSERT INTO reading_data (reading_id, bin_id, bin_section_id, sensor_type_id, value) VALUES (16, 10, 10, 50, 94.9605151746);
INSERT INTO reading_data (reading_id, bin_id, bin_section_id, sensor_type_id, value) VALUES (16, 10, 10, 51, 97.5321932996);
INSERT INTO reading_data (reading_id, bin_id, bin_section_id, sensor_type_id, value) VALUES (16, 10, 10, 40, 122.550685941);
INSERT INTO reading_data (reading_id, bin_id, bin_section_id, sensor_type_id, value) VALUES (16, 19, 10, 50, 129.869917241);
INSERT INTO reading_data (reading_id, bin_id, bin_section_id, sensor_type_id, value) VALUES (16, 19, 10, 51, 98.1617586805);
INSERT INTO reading_data (reading_id, bin_id, bin_section_id, sensor_type_id, value) VALUES (16, 19, 10, 40, 88.3060073837);
INSERT INTO reading_data (reading_id, bin_id, bin_section_id, sensor_type_id, value) VALUES (16, 11, 11, 20, 81.7483692652);
INSERT INTO reading_data (reading_id, bin_id, bin_section_id, sensor_type_id, value) VALUES (16, 11, 11, 21, 115.752908086);
INSERT INTO reading_data (reading_id, bin_id, bin_section_id, sensor_type_id, value) VALUES (16, 11, 11, 10, 128.436991132);
INSERT INTO reading_data (reading_id, bin_id, bin_section_id, sensor_type_id, value) VALUES (16, 11, 11, 11, 109.921745236);
INSERT INTO reading_data (reading_id, bin_id, bin_section_id, sensor_type_id, value) VALUES (16, 21, 11, 20, 102.405597603);
INSERT INTO reading_data (reading_id, bin_id, bin_section_id, sensor_type_id, value) VALUES (16, 21, 11, 21, 93.7701870557);
INSERT INTO reading_data (reading_id, bin_id, bin_section_id, sensor_type_id, value) VALUES (16, 21, 11, 10, 87.3859969893);
INSERT INTO reading_data (reading_id, bin_id, bin_section_id, sensor_type_id, value) VALUES (16, 21, 11, 11, 118.010148595);
INSERT INTO reading_data (reading_id, bin_id, bin_section_id, sensor_type_id, value) VALUES (16, 9, 14, 10, 125.019759874);
INSERT INTO reading_data (reading_id, bin_id, bin_section_id, sensor_type_id, value) VALUES (16, 9, 14, 11, 95.9802590176);
INSERT INTO reading_data (reading_id, bin_id, bin_section_id, sensor_type_id, value) VALUES (16, 12, 13, 10, 92.7642190357);
INSERT INTO reading_data (reading_id, bin_id, bin_section_id, sensor_type_id, value) VALUES (16, 12, 13, 11, 100.917471839);
INSERT INTO reading_data (reading_id, bin_id, bin_section_id, sensor_type_id, value) VALUES (16, 12, 13, 12, 110.375158541);
INSERT INTO reading_data (reading_id, bin_id, bin_section_id, sensor_type_id, value) VALUES (16, 12, 13, 13, 0);
INSERT INTO reading_data (reading_id, bin_id, bin_section_id, sensor_type_id, value) VALUES (16, 12, 14, 10, 117.751259635);
INSERT INTO reading_data (reading_id, bin_id, bin_section_id, sensor_type_id, value) VALUES (16, 12, 14, 11, 128.483580367);
INSERT INTO reading_data (reading_id, bin_id, bin_section_id, sensor_type_id, value) VALUES (16, 13, 13, 10, 84.6829335275);
INSERT INTO reading_data (reading_id, bin_id, bin_section_id, sensor_type_id, value) VALUES (16, 13, 13, 11, 111.096791946);
INSERT INTO reading_data (reading_id, bin_id, bin_section_id, sensor_type_id, value) VALUES (16, 13, 13, 12, 107.52364775);
INSERT INTO reading_data (reading_id, bin_id, bin_section_id, sensor_type_id, value) VALUES (16, 13, 13, 13, 0);
INSERT INTO reading_data (reading_id, bin_id, bin_section_id, sensor_type_id, value) VALUES (16, 13, 14, 10, 107.733957343);
INSERT INTO reading_data (reading_id, bin_id, bin_section_id, sensor_type_id, value) VALUES (16, 13, 14, 11, 116.277909371);
INSERT INTO reading_data (reading_id, bin_id, bin_section_id, sensor_type_id, value) VALUES (16, 14, 13, 10, 122.655234332);
INSERT INTO reading_data (reading_id, bin_id, bin_section_id, sensor_type_id, value) VALUES (16, 14, 13, 11, 95.7323359923);
INSERT INTO reading_data (reading_id, bin_id, bin_section_id, sensor_type_id, value) VALUES (16, 14, 13, 12, 114.557482003);
INSERT INTO reading_data (reading_id, bin_id, bin_section_id, sensor_type_id, value) VALUES (16, 14, 13, 13, 0);
INSERT INTO reading_data (reading_id, bin_id, bin_section_id, sensor_type_id, value) VALUES (16, 14, 14, 10, 122.431082135);
INSERT INTO reading_data (reading_id, bin_id, bin_section_id, sensor_type_id, value) VALUES (16, 14, 14, 11, 100.583264776);
INSERT INTO reading_data (reading_id, bin_id, bin_section_id, sensor_type_id, value) VALUES (16, 15, 13, 10, 95.5856315375);
INSERT INTO reading_data (reading_id, bin_id, bin_section_id, sensor_type_id, value) VALUES (16, 15, 13, 11, 91.5189499009);
INSERT INTO reading_data (reading_id, bin_id, bin_section_id, sensor_type_id, value) VALUES (16, 15, 13, 12, 94.633332746);
INSERT INTO reading_data (reading_id, bin_id, bin_section_id, sensor_type_id, value) VALUES (16, 15, 13, 13, 0);
INSERT INTO reading_data (reading_id, bin_id, bin_section_id, sensor_type_id, value) VALUES (16, 15, 14, 10, 110.863107021);
INSERT INTO reading_data (reading_id, bin_id, bin_section_id, sensor_type_id, value) VALUES (16, 15, 14, 11, 113.02828898);
INSERT INTO reading_data (reading_id, bin_id, bin_section_id, sensor_type_id, value) VALUES (16, 17, 13, 10, 110.750088841);
INSERT INTO reading_data (reading_id, bin_id, bin_section_id, sensor_type_id, value) VALUES (16, 17, 13, 11, 122.530050805);
INSERT INTO reading_data (reading_id, bin_id, bin_section_id, sensor_type_id, value) VALUES (16, 17, 13, 12, 101.742718126);
INSERT INTO reading_data (reading_id, bin_id, bin_section_id, sensor_type_id, value) VALUES (16, 17, 13, 13, 1);
INSERT INTO reading_data (reading_id, bin_id, bin_section_id, sensor_type_id, value) VALUES (16, 17, 14, 10, 125.909610252);
INSERT INTO reading_data (reading_id, bin_id, bin_section_id, sensor_type_id, value) VALUES (16, 17, 14, 11, 85.0290351109);
INSERT INTO reading_data (reading_id, bin_id, bin_section_id, sensor_type_id, value) VALUES (16, 21, 13, 10, 116.869423295);
INSERT INTO reading_data (reading_id, bin_id, bin_section_id, sensor_type_id, value) VALUES (16, 21, 13, 11, 97.3798400992);
INSERT INTO reading_data (reading_id, bin_id, bin_section_id, sensor_type_id, value) VALUES (16, 21, 13, 12, 84.5198730056);
INSERT INTO reading_data (reading_id, bin_id, bin_section_id, sensor_type_id, value) VALUES (16, 21, 13, 13, 1);
INSERT INTO reading_data (reading_id, bin_id, bin_section_id, sensor_type_id, value) VALUES (16, 21, 14, 10, 84.7753625577);
INSERT INTO reading_data (reading_id, bin_id, bin_section_id, sensor_type_id, value) VALUES (16, 21, 14, 11, 98.6139019997);
INSERT INTO reading_data (reading_id, bin_id, bin_section_id, sensor_type_id, value) VALUES (16, 22, 13, 10, 123.431188881);
INSERT INTO reading_data (reading_id, bin_id, bin_section_id, sensor_type_id, value) VALUES (16, 22, 13, 11, 118.069278733);
INSERT INTO reading_data (reading_id, bin_id, bin_section_id, sensor_type_id, value) VALUES (16, 22, 13, 12, 108.136903864);
INSERT INTO reading_data (reading_id, bin_id, bin_section_id, sensor_type_id, value) VALUES (16, 22, 13, 13, 0);
INSERT INTO reading_data (reading_id, bin_id, bin_section_id, sensor_type_id, value) VALUES (16, 22, 14, 10, 94.7736743679);
INSERT INTO reading_data (reading_id, bin_id, bin_section_id, sensor_type_id, value) VALUES (16, 22, 14, 11, 86.64294223);
INSERT INTO reading_data (reading_id, bin_id, bin_section_id, sensor_type_id, value) VALUES (16, 23, 13, 10, 111.425608682);
INSERT INTO reading_data (reading_id, bin_id, bin_section_id, sensor_type_id, value) VALUES (16, 23, 13, 11, 122.545095431);
INSERT INTO reading_data (reading_id, bin_id, bin_section_id, sensor_type_id, value) VALUES (16, 23, 13, 12, 104.451975553);
INSERT INTO reading_data (reading_id, bin_id, bin_section_id, sensor_type_id, value) VALUES (16, 23, 13, 13, 1);
INSERT INTO reading_data (reading_id, bin_id, bin_section_id, sensor_type_id, value) VALUES (16, 23, 14, 10, 94.9792712514);
INSERT INTO reading_data (reading_id, bin_id, bin_section_id, sensor_type_id, value) VALUES (16, 23, 14, 11, 117.026040632);
INSERT INTO reading_data (reading_id, bin_id, bin_section_id, sensor_type_id, value) VALUES (16, 24, 13, 10, 123.650354376);
INSERT INTO reading_data (reading_id, bin_id, bin_section_id, sensor_type_id, value) VALUES (16, 24, 13, 11, 91.2283564831);
INSERT INTO reading_data (reading_id, bin_id, bin_section_id, sensor_type_id, value) VALUES (16, 24, 13, 12, 117.255253507);
INSERT INTO reading_data (reading_id, bin_id, bin_section_id, sensor_type_id, value) VALUES (16, 24, 13, 13, 1);
INSERT INTO reading_data (reading_id, bin_id, bin_section_id, sensor_type_id, value) VALUES (16, 24, 14, 10, 117.867212407);
INSERT INTO reading_data (reading_id, bin_id, bin_section_id, sensor_type_id, value) VALUES (16, 24, 14, 11, 88.5909494235);
INSERT INTO reading_data (reading_id, bin_id, bin_section_id, sensor_type_id, value) VALUES (16, 25, 13, 10, 89.7387611181);
INSERT INTO reading_data (reading_id, bin_id, bin_section_id, sensor_type_id, value) VALUES (16, 25, 13, 11, 90.908904402);
INSERT INTO reading_data (reading_id, bin_id, bin_section_id, sensor_type_id, value) VALUES (16, 25, 13, 12, 120.767946062);
INSERT INTO reading_data (reading_id, bin_id, bin_section_id, sensor_type_id, value) VALUES (16, 25, 13, 13, 0);
INSERT INTO reading_data (reading_id, bin_id, bin_section_id, sensor_type_id, value) VALUES (16, 25, 14, 10, 113.757882189);
INSERT INTO reading_data (reading_id, bin_id, bin_section_id, sensor_type_id, value) VALUES (16, 25, 14, 11, 97.4257485427);
INSERT INTO reading (id, datetime) VALUES (17, TIMESTAMP '2012-08-19 14:04:45');
INSERT INTO reading_data (reading_id, bin_id, bin_section_id, sensor_type_id, value) VALUES (17, 10, 10, 50, 89.3561221551);
INSERT INTO reading_data (reading_id, bin_id, bin_section_id, sensor_type_id, value) VALUES (17, 10, 10, 51, 89.9409361695);
INSERT INTO reading_data (reading_id, bin_id, bin_section_id, sensor_type_id, value) VALUES (17, 10, 10, 40, 126.116774026);
INSERT INTO reading_data (reading_id, bin_id, bin_section_id, sensor_type_id, value) VALUES (17, 19, 10, 50, 107.469027709);
INSERT INTO reading_data (reading_id, bin_id, bin_section_id, sensor_type_id, value) VALUES (17, 19, 10, 51, 100.535668755);
INSERT INTO reading_data (reading_id, bin_id, bin_section_id, sensor_type_id, value) VALUES (17, 19, 10, 40, 125.752674942);
INSERT INTO reading_data (reading_id, bin_id, bin_section_id, sensor_type_id, value) VALUES (17, 11, 11, 20, 93.7694334827);
INSERT INTO reading_data (reading_id, bin_id, bin_section_id, sensor_type_id, value) VALUES (17, 11, 11, 21, 100.307547699);
INSERT INTO reading_data (reading_id, bin_id, bin_section_id, sensor_type_id, value) VALUES (17, 11, 11, 10, 89.3091028383);
INSERT INTO reading_data (reading_id, bin_id, bin_section_id, sensor_type_id, value) VALUES (17, 11, 11, 11, 112.0595065);
INSERT INTO reading_data (reading_id, bin_id, bin_section_id, sensor_type_id, value) VALUES (17, 21, 11, 20, 85.8233944168);
INSERT INTO reading_data (reading_id, bin_id, bin_section_id, sensor_type_id, value) VALUES (17, 21, 11, 21, 115.232243972);
INSERT INTO reading_data (reading_id, bin_id, bin_section_id, sensor_type_id, value) VALUES (17, 21, 11, 10, 128.067971724);
INSERT INTO reading_data (reading_id, bin_id, bin_section_id, sensor_type_id, value) VALUES (17, 21, 11, 11, 119.443809435);
INSERT INTO reading_data (reading_id, bin_id, bin_section_id, sensor_type_id, value) VALUES (17, 9, 14, 10, 96.9844084614);
INSERT INTO reading_data (reading_id, bin_id, bin_section_id, sensor_type_id, value) VALUES (17, 9, 14, 11, 117.396297604);
INSERT INTO reading_data (reading_id, bin_id, bin_section_id, sensor_type_id, value) VALUES (17, 12, 13, 10, 84.199005584);
INSERT INTO reading_data (reading_id, bin_id, bin_section_id, sensor_type_id, value) VALUES (17, 12, 13, 11, 109.753290506);
INSERT INTO reading_data (reading_id, bin_id, bin_section_id, sensor_type_id, value) VALUES (17, 12, 13, 12, 128.495235762);
INSERT INTO reading_data (reading_id, bin_id, bin_section_id, sensor_type_id, value) VALUES (17, 12, 13, 13, 0);
INSERT INTO reading_data (reading_id, bin_id, bin_section_id, sensor_type_id, value) VALUES (17, 12, 14, 10, 113.72317796);
INSERT INTO reading_data (reading_id, bin_id, bin_section_id, sensor_type_id, value) VALUES (17, 12, 14, 11, 82.8908511086);
INSERT INTO reading_data (reading_id, bin_id, bin_section_id, sensor_type_id, value) VALUES (17, 13, 13, 10, 115.512240581);
INSERT INTO reading_data (reading_id, bin_id, bin_section_id, sensor_type_id, value) VALUES (17, 13, 13, 11, 100.77533715);
INSERT INTO reading_data (reading_id, bin_id, bin_section_id, sensor_type_id, value) VALUES (17, 13, 13, 12, 87.6789058478);
INSERT INTO reading_data (reading_id, bin_id, bin_section_id, sensor_type_id, value) VALUES (17, 13, 13, 13, 0);
INSERT INTO reading_data (reading_id, bin_id, bin_section_id, sensor_type_id, value) VALUES (17, 13, 14, 10, 84.1117641763);
INSERT INTO reading_data (reading_id, bin_id, bin_section_id, sensor_type_id, value) VALUES (17, 13, 14, 11, 98.5485815259);
INSERT INTO reading_data (reading_id, bin_id, bin_section_id, sensor_type_id, value) VALUES (17, 14, 13, 10, 93.4836639809);
INSERT INTO reading_data (reading_id, bin_id, bin_section_id, sensor_type_id, value) VALUES (17, 14, 13, 11, 119.564640166);
INSERT INTO reading_data (reading_id, bin_id, bin_section_id, sensor_type_id, value) VALUES (17, 14, 13, 12, 106.911115061);
INSERT INTO reading_data (reading_id, bin_id, bin_section_id, sensor_type_id, value) VALUES (17, 14, 13, 13, 1);
INSERT INTO reading_data (reading_id, bin_id, bin_section_id, sensor_type_id, value) VALUES (17, 14, 14, 10, 112.186635487);
INSERT INTO reading_data (reading_id, bin_id, bin_section_id, sensor_type_id, value) VALUES (17, 14, 14, 11, 125.62723387);
INSERT INTO reading_data (reading_id, bin_id, bin_section_id, sensor_type_id, value) VALUES (17, 15, 13, 10, 91.2313736177);
INSERT INTO reading_data (reading_id, bin_id, bin_section_id, sensor_type_id, value) VALUES (17, 15, 13, 11, 100.717536341);
INSERT INTO reading_data (reading_id, bin_id, bin_section_id, sensor_type_id, value) VALUES (17, 15, 13, 12, 103.96950098);
INSERT INTO reading_data (reading_id, bin_id, bin_section_id, sensor_type_id, value) VALUES (17, 15, 13, 13, 1);
INSERT INTO reading_data (reading_id, bin_id, bin_section_id, sensor_type_id, value) VALUES (17, 15, 14, 10, 91.6486126458);
INSERT INTO reading_data (reading_id, bin_id, bin_section_id, sensor_type_id, value) VALUES (17, 15, 14, 11, 97.515213699);
INSERT INTO reading_data (reading_id, bin_id, bin_section_id, sensor_type_id, value) VALUES (17, 17, 13, 10, 122.636745467);
INSERT INTO reading_data (reading_id, bin_id, bin_section_id, sensor_type_id, value) VALUES (17, 17, 13, 11, 102.062378429);
INSERT INTO reading_data (reading_id, bin_id, bin_section_id, sensor_type_id, value) VALUES (17, 17, 13, 12, 115.588838139);
INSERT INTO reading_data (reading_id, bin_id, bin_section_id, sensor_type_id, value) VALUES (17, 17, 13, 13, 0);
INSERT INTO reading_data (reading_id, bin_id, bin_section_id, sensor_type_id, value) VALUES (17, 17, 14, 10, 116.716400708);
INSERT INTO reading_data (reading_id, bin_id, bin_section_id, sensor_type_id, value) VALUES (17, 17, 14, 11, 85.3814158961);
INSERT INTO reading_data (reading_id, bin_id, bin_section_id, sensor_type_id, value) VALUES (17, 21, 13, 10, 97.4569291576);
INSERT INTO reading_data (reading_id, bin_id, bin_section_id, sensor_type_id, value) VALUES (17, 21, 13, 11, 95.1606366776);
INSERT INTO reading_data (reading_id, bin_id, bin_section_id, sensor_type_id, value) VALUES (17, 21, 13, 12, 96.8275211435);
INSERT INTO reading_data (reading_id, bin_id, bin_section_id, sensor_type_id, value) VALUES (17, 21, 13, 13, 1);
INSERT INTO reading_data (reading_id, bin_id, bin_section_id, sensor_type_id, value) VALUES (17, 21, 14, 10, 109.584781776);
INSERT INTO reading_data (reading_id, bin_id, bin_section_id, sensor_type_id, value) VALUES (17, 21, 14, 11, 86.5552677576);
INSERT INTO reading_data (reading_id, bin_id, bin_section_id, sensor_type_id, value) VALUES (17, 22, 13, 10, 122.317054894);
INSERT INTO reading_data (reading_id, bin_id, bin_section_id, sensor_type_id, value) VALUES (17, 22, 13, 11, 87.2068599566);
INSERT INTO reading_data (reading_id, bin_id, bin_section_id, sensor_type_id, value) VALUES (17, 22, 13, 12, 81.4512694384);
INSERT INTO reading_data (reading_id, bin_id, bin_section_id, sensor_type_id, value) VALUES (17, 22, 13, 13, 1);
INSERT INTO reading_data (reading_id, bin_id, bin_section_id, sensor_type_id, value) VALUES (17, 22, 14, 10, 103.287648911);
INSERT INTO reading_data (reading_id, bin_id, bin_section_id, sensor_type_id, value) VALUES (17, 22, 14, 11, 104.919910301);
INSERT INTO reading_data (reading_id, bin_id, bin_section_id, sensor_type_id, value) VALUES (17, 23, 13, 10, 113.305718156);
INSERT INTO reading_data (reading_id, bin_id, bin_section_id, sensor_type_id, value) VALUES (17, 23, 13, 11, 129.712743361);
INSERT INTO reading_data (reading_id, bin_id, bin_section_id, sensor_type_id, value) VALUES (17, 23, 13, 12, 124.276486535);
INSERT INTO reading_data (reading_id, bin_id, bin_section_id, sensor_type_id, value) VALUES (17, 23, 13, 13, 0);
INSERT INTO reading_data (reading_id, bin_id, bin_section_id, sensor_type_id, value) VALUES (17, 23, 14, 10, 117.720921066);
INSERT INTO reading_data (reading_id, bin_id, bin_section_id, sensor_type_id, value) VALUES (17, 23, 14, 11, 112.59125647);
INSERT INTO reading_data (reading_id, bin_id, bin_section_id, sensor_type_id, value) VALUES (17, 24, 13, 10, 128.384478899);
INSERT INTO reading_data (reading_id, bin_id, bin_section_id, sensor_type_id, value) VALUES (17, 24, 13, 11, 101.007380985);
INSERT INTO reading_data (reading_id, bin_id, bin_section_id, sensor_type_id, value) VALUES (17, 24, 13, 12, 128.368338732);
INSERT INTO reading_data (reading_id, bin_id, bin_section_id, sensor_type_id, value) VALUES (17, 24, 13, 13, 1);
INSERT INTO reading_data (reading_id, bin_id, bin_section_id, sensor_type_id, value) VALUES (17, 24, 14, 10, 116.51400732);
INSERT INTO reading_data (reading_id, bin_id, bin_section_id, sensor_type_id, value) VALUES (17, 24, 14, 11, 83.3433264836);
INSERT INTO reading_data (reading_id, bin_id, bin_section_id, sensor_type_id, value) VALUES (17, 25, 13, 10, 82.3151299219);
INSERT INTO reading_data (reading_id, bin_id, bin_section_id, sensor_type_id, value) VALUES (17, 25, 13, 11, 109.62352219);
INSERT INTO reading_data (reading_id, bin_id, bin_section_id, sensor_type_id, value) VALUES (17, 25, 13, 12, 129.102249667);
INSERT INTO reading_data (reading_id, bin_id, bin_section_id, sensor_type_id, value) VALUES (17, 25, 13, 13, 1);
INSERT INTO reading_data (reading_id, bin_id, bin_section_id, sensor_type_id, value) VALUES (17, 25, 14, 10, 98.402227645);
INSERT INTO reading_data (reading_id, bin_id, bin_section_id, sensor_type_id, value) VALUES (17, 25, 14, 11, 121.220277161);
INSERT INTO reading (id, datetime) VALUES (18, TIMESTAMP '2012-08-19 14:09:45');
INSERT INTO reading_data (reading_id, bin_id, bin_section_id, sensor_type_id, value) VALUES (18, 10, 10, 50, 129.905147901);
INSERT INTO reading_data (reading_id, bin_id, bin_section_id, sensor_type_id, value) VALUES (18, 10, 10, 51, 128.790535756);
INSERT INTO reading_data (reading_id, bin_id, bin_section_id, sensor_type_id, value) VALUES (18, 10, 10, 40, 109.90750345);
INSERT INTO reading_data (reading_id, bin_id, bin_section_id, sensor_type_id, value) VALUES (18, 19, 10, 50, 108.400428752);
INSERT INTO reading_data (reading_id, bin_id, bin_section_id, sensor_type_id, value) VALUES (18, 19, 10, 51, 89.9588391109);
INSERT INTO reading_data (reading_id, bin_id, bin_section_id, sensor_type_id, value) VALUES (18, 19, 10, 40, 92.9124015022);
INSERT INTO reading_data (reading_id, bin_id, bin_section_id, sensor_type_id, value) VALUES (18, 11, 11, 20, 81.5209372757);
INSERT INTO reading_data (reading_id, bin_id, bin_section_id, sensor_type_id, value) VALUES (18, 11, 11, 21, 118.358348306);
INSERT INTO reading_data (reading_id, bin_id, bin_section_id, sensor_type_id, value) VALUES (18, 11, 11, 10, 104.716290396);
INSERT INTO reading_data (reading_id, bin_id, bin_section_id, sensor_type_id, value) VALUES (18, 11, 11, 11, 105.872170758);
INSERT INTO reading_data (reading_id, bin_id, bin_section_id, sensor_type_id, value) VALUES (18, 21, 11, 20, 81.4528570755);
INSERT INTO reading_data (reading_id, bin_id, bin_section_id, sensor_type_id, value) VALUES (18, 21, 11, 21, 113.551481685);
INSERT INTO reading_data (reading_id, bin_id, bin_section_id, sensor_type_id, value) VALUES (18, 21, 11, 10, 124.070451708);
INSERT INTO reading_data (reading_id, bin_id, bin_section_id, sensor_type_id, value) VALUES (18, 21, 11, 11, 82.2043018763);
INSERT INTO reading_data (reading_id, bin_id, bin_section_id, sensor_type_id, value) VALUES (18, 9, 14, 10, 122.744789866);
INSERT INTO reading_data (reading_id, bin_id, bin_section_id, sensor_type_id, value) VALUES (18, 9, 14, 11, 115.824179848);
INSERT INTO reading_data (reading_id, bin_id, bin_section_id, sensor_type_id, value) VALUES (18, 12, 13, 10, 99.4055289761);
INSERT INTO reading_data (reading_id, bin_id, bin_section_id, sensor_type_id, value) VALUES (18, 12, 13, 11, 129.922436359);
INSERT INTO reading_data (reading_id, bin_id, bin_section_id, sensor_type_id, value) VALUES (18, 12, 13, 12, 86.6476231494);
INSERT INTO reading_data (reading_id, bin_id, bin_section_id, sensor_type_id, value) VALUES (18, 12, 13, 13, 0);
INSERT INTO reading_data (reading_id, bin_id, bin_section_id, sensor_type_id, value) VALUES (18, 12, 14, 10, 119.69739056);
INSERT INTO reading_data (reading_id, bin_id, bin_section_id, sensor_type_id, value) VALUES (18, 12, 14, 11, 91.4358622646);
INSERT INTO reading_data (reading_id, bin_id, bin_section_id, sensor_type_id, value) VALUES (18, 13, 13, 10, 94.824618902);
INSERT INTO reading_data (reading_id, bin_id, bin_section_id, sensor_type_id, value) VALUES (18, 13, 13, 11, 100.919971502);
INSERT INTO reading_data (reading_id, bin_id, bin_section_id, sensor_type_id, value) VALUES (18, 13, 13, 12, 80.9915645468);
INSERT INTO reading_data (reading_id, bin_id, bin_section_id, sensor_type_id, value) VALUES (18, 13, 13, 13, 0);
INSERT INTO reading_data (reading_id, bin_id, bin_section_id, sensor_type_id, value) VALUES (18, 13, 14, 10, 105.960133442);
INSERT INTO reading_data (reading_id, bin_id, bin_section_id, sensor_type_id, value) VALUES (18, 13, 14, 11, 92.1413784446);
INSERT INTO reading_data (reading_id, bin_id, bin_section_id, sensor_type_id, value) VALUES (18, 14, 13, 10, 96.1658913996);
INSERT INTO reading_data (reading_id, bin_id, bin_section_id, sensor_type_id, value) VALUES (18, 14, 13, 11, 89.6332004097);
INSERT INTO reading_data (reading_id, bin_id, bin_section_id, sensor_type_id, value) VALUES (18, 14, 13, 12, 82.8589363633);
INSERT INTO reading_data (reading_id, bin_id, bin_section_id, sensor_type_id, value) VALUES (18, 14, 13, 13, 0);
INSERT INTO reading_data (reading_id, bin_id, bin_section_id, sensor_type_id, value) VALUES (18, 14, 14, 10, 109.111152241);
INSERT INTO reading_data (reading_id, bin_id, bin_section_id, sensor_type_id, value) VALUES (18, 14, 14, 11, 111.738128382);
INSERT INTO reading_data (reading_id, bin_id, bin_section_id, sensor_type_id, value) VALUES (18, 15, 13, 10, 129.27767132);
INSERT INTO reading_data (reading_id, bin_id, bin_section_id, sensor_type_id, value) VALUES (18, 15, 13, 11, 83.9337818011);
INSERT INTO reading_data (reading_id, bin_id, bin_section_id, sensor_type_id, value) VALUES (18, 15, 13, 12, 109.42770798);
INSERT INTO reading_data (reading_id, bin_id, bin_section_id, sensor_type_id, value) VALUES (18, 15, 13, 13, 1);
INSERT INTO reading_data (reading_id, bin_id, bin_section_id, sensor_type_id, value) VALUES (18, 15, 14, 10, 113.641777079);
INSERT INTO reading_data (reading_id, bin_id, bin_section_id, sensor_type_id, value) VALUES (18, 15, 14, 11, 125.485406301);
INSERT INTO reading_data (reading_id, bin_id, bin_section_id, sensor_type_id, value) VALUES (18, 17, 13, 10, 92.1249887668);
INSERT INTO reading_data (reading_id, bin_id, bin_section_id, sensor_type_id, value) VALUES (18, 17, 13, 11, 123.158997676);
INSERT INTO reading_data (reading_id, bin_id, bin_section_id, sensor_type_id, value) VALUES (18, 17, 13, 12, 114.713468046);
INSERT INTO reading_data (reading_id, bin_id, bin_section_id, sensor_type_id, value) VALUES (18, 17, 13, 13, 1);
INSERT INTO reading_data (reading_id, bin_id, bin_section_id, sensor_type_id, value) VALUES (18, 17, 14, 10, 123.510735992);
INSERT INTO reading_data (reading_id, bin_id, bin_section_id, sensor_type_id, value) VALUES (18, 17, 14, 11, 107.315781822);
INSERT INTO reading_data (reading_id, bin_id, bin_section_id, sensor_type_id, value) VALUES (18, 21, 13, 10, 103.833886305);
INSERT INTO reading_data (reading_id, bin_id, bin_section_id, sensor_type_id, value) VALUES (18, 21, 13, 11, 124.911600576);
INSERT INTO reading_data (reading_id, bin_id, bin_section_id, sensor_type_id, value) VALUES (18, 21, 13, 12, 88.9499211412);
INSERT INTO reading_data (reading_id, bin_id, bin_section_id, sensor_type_id, value) VALUES (18, 21, 13, 13, 0);
INSERT INTO reading_data (reading_id, bin_id, bin_section_id, sensor_type_id, value) VALUES (18, 21, 14, 10, 80.8152304179);
INSERT INTO reading_data (reading_id, bin_id, bin_section_id, sensor_type_id, value) VALUES (18, 21, 14, 11, 118.410021683);
INSERT INTO reading_data (reading_id, bin_id, bin_section_id, sensor_type_id, value) VALUES (18, 22, 13, 10, 116.630537308);
INSERT INTO reading_data (reading_id, bin_id, bin_section_id, sensor_type_id, value) VALUES (18, 22, 13, 11, 109.141758425);
INSERT INTO reading_data (reading_id, bin_id, bin_section_id, sensor_type_id, value) VALUES (18, 22, 13, 12, 81.7217068364);
INSERT INTO reading_data (reading_id, bin_id, bin_section_id, sensor_type_id, value) VALUES (18, 22, 13, 13, 0);
INSERT INTO reading_data (reading_id, bin_id, bin_section_id, sensor_type_id, value) VALUES (18, 22, 14, 10, 108.885294637);
INSERT INTO reading_data (reading_id, bin_id, bin_section_id, sensor_type_id, value) VALUES (18, 22, 14, 11, 97.834907843);
INSERT INTO reading_data (reading_id, bin_id, bin_section_id, sensor_type_id, value) VALUES (18, 23, 13, 10, 86.5926254397);
INSERT INTO reading_data (reading_id, bin_id, bin_section_id, sensor_type_id, value) VALUES (18, 23, 13, 11, 121.343435402);
INSERT INTO reading_data (reading_id, bin_id, bin_section_id, sensor_type_id, value) VALUES (18, 23, 13, 12, 127.184059392);
INSERT INTO reading_data (reading_id, bin_id, bin_section_id, sensor_type_id, value) VALUES (18, 23, 13, 13, 0);
INSERT INTO reading_data (reading_id, bin_id, bin_section_id, sensor_type_id, value) VALUES (18, 23, 14, 10, 109.534051405);
INSERT INTO reading_data (reading_id, bin_id, bin_section_id, sensor_type_id, value) VALUES (18, 23, 14, 11, 91.5955737994);
INSERT INTO reading_data (reading_id, bin_id, bin_section_id, sensor_type_id, value) VALUES (18, 24, 13, 10, 85.8323104492);
INSERT INTO reading_data (reading_id, bin_id, bin_section_id, sensor_type_id, value) VALUES (18, 24, 13, 11, 110.734086547);
INSERT INTO reading_data (reading_id, bin_id, bin_section_id, sensor_type_id, value) VALUES (18, 24, 13, 12, 112.716947442);
INSERT INTO reading_data (reading_id, bin_id, bin_section_id, sensor_type_id, value) VALUES (18, 24, 13, 13, 1);
INSERT INTO reading_data (reading_id, bin_id, bin_section_id, sensor_type_id, value) VALUES (18, 24, 14, 10, 128.04399307);
INSERT INTO reading_data (reading_id, bin_id, bin_section_id, sensor_type_id, value) VALUES (18, 24, 14, 11, 91.9445313126);
INSERT INTO reading_data (reading_id, bin_id, bin_section_id, sensor_type_id, value) VALUES (18, 25, 13, 10, 96.4190034243);
INSERT INTO reading_data (reading_id, bin_id, bin_section_id, sensor_type_id, value) VALUES (18, 25, 13, 11, 118.55803969);
INSERT INTO reading_data (reading_id, bin_id, bin_section_id, sensor_type_id, value) VALUES (18, 25, 13, 12, 100.617068626);
INSERT INTO reading_data (reading_id, bin_id, bin_section_id, sensor_type_id, value) VALUES (18, 25, 13, 13, 0);
INSERT INTO reading_data (reading_id, bin_id, bin_section_id, sensor_type_id, value) VALUES (18, 25, 14, 10, 111.408022407);
INSERT INTO reading_data (reading_id, bin_id, bin_section_id, sensor_type_id, value) VALUES (18, 25, 14, 11, 101.682304691);
INSERT INTO reading (id, datetime) VALUES (19, TIMESTAMP '2012-08-19 14:14:45');
INSERT INTO reading_data (reading_id, bin_id, bin_section_id, sensor_type_id, value) VALUES (19, 10, 10, 50, 127.80229398);
INSERT INTO reading_data (reading_id, bin_id, bin_section_id, sensor_type_id, value) VALUES (19, 10, 10, 51, 101.141587051);
INSERT INTO reading_data (reading_id, bin_id, bin_section_id, sensor_type_id, value) VALUES (19, 10, 10, 40, 115.271642531);
INSERT INTO reading_data (reading_id, bin_id, bin_section_id, sensor_type_id, value) VALUES (19, 19, 10, 50, 105.29645146);
INSERT INTO reading_data (reading_id, bin_id, bin_section_id, sensor_type_id, value) VALUES (19, 19, 10, 51, 110.46331401);
INSERT INTO reading_data (reading_id, bin_id, bin_section_id, sensor_type_id, value) VALUES (19, 19, 10, 40, 121.330291021);
INSERT INTO reading_data (reading_id, bin_id, bin_section_id, sensor_type_id, value) VALUES (19, 11, 11, 20, 111.608710523);
INSERT INTO reading_data (reading_id, bin_id, bin_section_id, sensor_type_id, value) VALUES (19, 11, 11, 21, 96.4505279474);
INSERT INTO reading_data (reading_id, bin_id, bin_section_id, sensor_type_id, value) VALUES (19, 11, 11, 10, 112.778503076);
INSERT INTO reading_data (reading_id, bin_id, bin_section_id, sensor_type_id, value) VALUES (19, 11, 11, 11, 115.219082252);
INSERT INTO reading_data (reading_id, bin_id, bin_section_id, sensor_type_id, value) VALUES (19, 21, 11, 20, 104.142939082);
INSERT INTO reading_data (reading_id, bin_id, bin_section_id, sensor_type_id, value) VALUES (19, 21, 11, 21, 116.972068797);
INSERT INTO reading_data (reading_id, bin_id, bin_section_id, sensor_type_id, value) VALUES (19, 21, 11, 10, 89.4468858508);
INSERT INTO reading_data (reading_id, bin_id, bin_section_id, sensor_type_id, value) VALUES (19, 21, 11, 11, 124.630378492);
INSERT INTO reading_data (reading_id, bin_id, bin_section_id, sensor_type_id, value) VALUES (19, 9, 14, 10, 86.3412953818);
INSERT INTO reading_data (reading_id, bin_id, bin_section_id, sensor_type_id, value) VALUES (19, 9, 14, 11, 80.3789107236);
INSERT INTO reading_data (reading_id, bin_id, bin_section_id, sensor_type_id, value) VALUES (19, 12, 13, 10, 103.16317944);
INSERT INTO reading_data (reading_id, bin_id, bin_section_id, sensor_type_id, value) VALUES (19, 12, 13, 11, 123.975866664);
INSERT INTO reading_data (reading_id, bin_id, bin_section_id, sensor_type_id, value) VALUES (19, 12, 13, 12, 90.8905494228);
INSERT INTO reading_data (reading_id, bin_id, bin_section_id, sensor_type_id, value) VALUES (19, 12, 13, 13, 1);
INSERT INTO reading_data (reading_id, bin_id, bin_section_id, sensor_type_id, value) VALUES (19, 12, 14, 10, 89.6569486617);
INSERT INTO reading_data (reading_id, bin_id, bin_section_id, sensor_type_id, value) VALUES (19, 12, 14, 11, 101.980670409);
INSERT INTO reading_data (reading_id, bin_id, bin_section_id, sensor_type_id, value) VALUES (19, 13, 13, 10, 112.85039777);
INSERT INTO reading_data (reading_id, bin_id, bin_section_id, sensor_type_id, value) VALUES (19, 13, 13, 11, 99.392057294);
INSERT INTO reading_data (reading_id, bin_id, bin_section_id, sensor_type_id, value) VALUES (19, 13, 13, 12, 94.5476517042);
INSERT INTO reading_data (reading_id, bin_id, bin_section_id, sensor_type_id, value) VALUES (19, 13, 13, 13, 1);
INSERT INTO reading_data (reading_id, bin_id, bin_section_id, sensor_type_id, value) VALUES (19, 13, 14, 10, 100.623051827);
INSERT INTO reading_data (reading_id, bin_id, bin_section_id, sensor_type_id, value) VALUES (19, 13, 14, 11, 113.313983791);
INSERT INTO reading_data (reading_id, bin_id, bin_section_id, sensor_type_id, value) VALUES (19, 14, 13, 10, 111.301825641);
INSERT INTO reading_data (reading_id, bin_id, bin_section_id, sensor_type_id, value) VALUES (19, 14, 13, 11, 88.1417634628);
INSERT INTO reading_data (reading_id, bin_id, bin_section_id, sensor_type_id, value) VALUES (19, 14, 13, 12, 112.855531515);
INSERT INTO reading_data (reading_id, bin_id, bin_section_id, sensor_type_id, value) VALUES (19, 14, 13, 13, 1);
INSERT INTO reading_data (reading_id, bin_id, bin_section_id, sensor_type_id, value) VALUES (19, 14, 14, 10, 126.468997593);
INSERT INTO reading_data (reading_id, bin_id, bin_section_id, sensor_type_id, value) VALUES (19, 14, 14, 11, 95.885088079);
INSERT INTO reading_data (reading_id, bin_id, bin_section_id, sensor_type_id, value) VALUES (19, 15, 13, 10, 87.6465278808);
INSERT INTO reading_data (reading_id, bin_id, bin_section_id, sensor_type_id, value) VALUES (19, 15, 13, 11, 104.199402747);
INSERT INTO reading_data (reading_id, bin_id, bin_section_id, sensor_type_id, value) VALUES (19, 15, 13, 12, 99.5816107156);
INSERT INTO reading_data (reading_id, bin_id, bin_section_id, sensor_type_id, value) VALUES (19, 15, 13, 13, 1);
INSERT INTO reading_data (reading_id, bin_id, bin_section_id, sensor_type_id, value) VALUES (19, 15, 14, 10, 122.014489376);
INSERT INTO reading_data (reading_id, bin_id, bin_section_id, sensor_type_id, value) VALUES (19, 15, 14, 11, 95.5197682627);
INSERT INTO reading_data (reading_id, bin_id, bin_section_id, sensor_type_id, value) VALUES (19, 17, 13, 10, 93.6883888588);
INSERT INTO reading_data (reading_id, bin_id, bin_section_id, sensor_type_id, value) VALUES (19, 17, 13, 11, 99.7749166507);
INSERT INTO reading_data (reading_id, bin_id, bin_section_id, sensor_type_id, value) VALUES (19, 17, 13, 12, 83.8801578277);
INSERT INTO reading_data (reading_id, bin_id, bin_section_id, sensor_type_id, value) VALUES (19, 17, 13, 13, 0);
INSERT INTO reading_data (reading_id, bin_id, bin_section_id, sensor_type_id, value) VALUES (19, 17, 14, 10, 116.962622145);
INSERT INTO reading_data (reading_id, bin_id, bin_section_id, sensor_type_id, value) VALUES (19, 17, 14, 11, 99.1775664446);
INSERT INTO reading_data (reading_id, bin_id, bin_section_id, sensor_type_id, value) VALUES (19, 21, 13, 10, 110.750195704);
INSERT INTO reading_data (reading_id, bin_id, bin_section_id, sensor_type_id, value) VALUES (19, 21, 13, 11, 88.8802715997);
INSERT INTO reading_data (reading_id, bin_id, bin_section_id, sensor_type_id, value) VALUES (19, 21, 13, 12, 107.102736685);
INSERT INTO reading_data (reading_id, bin_id, bin_section_id, sensor_type_id, value) VALUES (19, 21, 13, 13, 1);
INSERT INTO reading_data (reading_id, bin_id, bin_section_id, sensor_type_id, value) VALUES (19, 21, 14, 10, 125.101708506);
INSERT INTO reading_data (reading_id, bin_id, bin_section_id, sensor_type_id, value) VALUES (19, 21, 14, 11, 129.045670997);
INSERT INTO reading_data (reading_id, bin_id, bin_section_id, sensor_type_id, value) VALUES (19, 22, 13, 10, 102.657331915);
INSERT INTO reading_data (reading_id, bin_id, bin_section_id, sensor_type_id, value) VALUES (19, 22, 13, 11, 84.6317975946);
INSERT INTO reading_data (reading_id, bin_id, bin_section_id, sensor_type_id, value) VALUES (19, 22, 13, 12, 127.211681988);
INSERT INTO reading_data (reading_id, bin_id, bin_section_id, sensor_type_id, value) VALUES (19, 22, 13, 13, 0);
INSERT INTO reading_data (reading_id, bin_id, bin_section_id, sensor_type_id, value) VALUES (19, 22, 14, 10, 91.065273911);
INSERT INTO reading_data (reading_id, bin_id, bin_section_id, sensor_type_id, value) VALUES (19, 22, 14, 11, 83.917221663);
INSERT INTO reading_data (reading_id, bin_id, bin_section_id, sensor_type_id, value) VALUES (19, 23, 13, 10, 100.595081234);
INSERT INTO reading_data (reading_id, bin_id, bin_section_id, sensor_type_id, value) VALUES (19, 23, 13, 11, 96.3839206211);
INSERT INTO reading_data (reading_id, bin_id, bin_section_id, sensor_type_id, value) VALUES (19, 23, 13, 12, 85.5555533436);
INSERT INTO reading_data (reading_id, bin_id, bin_section_id, sensor_type_id, value) VALUES (19, 23, 13, 13, 0);
INSERT INTO reading_data (reading_id, bin_id, bin_section_id, sensor_type_id, value) VALUES (19, 23, 14, 10, 104.343741247);
INSERT INTO reading_data (reading_id, bin_id, bin_section_id, sensor_type_id, value) VALUES (19, 23, 14, 11, 96.5867672825);
INSERT INTO reading_data (reading_id, bin_id, bin_section_id, sensor_type_id, value) VALUES (19, 24, 13, 10, 116.095193884);
INSERT INTO reading_data (reading_id, bin_id, bin_section_id, sensor_type_id, value) VALUES (19, 24, 13, 11, 128.271851421);
INSERT INTO reading_data (reading_id, bin_id, bin_section_id, sensor_type_id, value) VALUES (19, 24, 13, 12, 118.255003659);
INSERT INTO reading_data (reading_id, bin_id, bin_section_id, sensor_type_id, value) VALUES (19, 24, 13, 13, 1);
INSERT INTO reading_data (reading_id, bin_id, bin_section_id, sensor_type_id, value) VALUES (19, 24, 14, 10, 112.140463124);
INSERT INTO reading_data (reading_id, bin_id, bin_section_id, sensor_type_id, value) VALUES (19, 24, 14, 11, 84.4700966834);
INSERT INTO reading_data (reading_id, bin_id, bin_section_id, sensor_type_id, value) VALUES (19, 25, 13, 10, 97.1377917679);
INSERT INTO reading_data (reading_id, bin_id, bin_section_id, sensor_type_id, value) VALUES (19, 25, 13, 11, 128.74711014);
INSERT INTO reading_data (reading_id, bin_id, bin_section_id, sensor_type_id, value) VALUES (19, 25, 13, 12, 129.803115907);
INSERT INTO reading_data (reading_id, bin_id, bin_section_id, sensor_type_id, value) VALUES (19, 25, 13, 13, 1);
INSERT INTO reading_data (reading_id, bin_id, bin_section_id, sensor_type_id, value) VALUES (19, 25, 14, 10, 88.7575352781);
INSERT INTO reading_data (reading_id, bin_id, bin_section_id, sensor_type_id, value) VALUES (19, 25, 14, 11, 124.892103823);
INSERT INTO reading (id, datetime) VALUES (20, TIMESTAMP '2012-08-19 14:19:45');
INSERT INTO reading_data (reading_id, bin_id, bin_section_id, sensor_type_id, value) VALUES (20, 10, 10, 50, 112.095464337);
INSERT INTO reading_data (reading_id, bin_id, bin_section_id, sensor_type_id, value) VALUES (20, 10, 10, 51, 102.165073028);
INSERT INTO reading_data (reading_id, bin_id, bin_section_id, sensor_type_id, value) VALUES (20, 10, 10, 40, 81.0654615714);
INSERT INTO reading_data (reading_id, bin_id, bin_section_id, sensor_type_id, value) VALUES (20, 19, 10, 50, 92.3641304264);
INSERT INTO reading_data (reading_id, bin_id, bin_section_id, sensor_type_id, value) VALUES (20, 19, 10, 51, 128.949402773);
INSERT INTO reading_data (reading_id, bin_id, bin_section_id, sensor_type_id, value) VALUES (20, 19, 10, 40, 101.751435105);
INSERT INTO reading_data (reading_id, bin_id, bin_section_id, sensor_type_id, value) VALUES (20, 11, 11, 20, 109.420993399);
INSERT INTO reading_data (reading_id, bin_id, bin_section_id, sensor_type_id, value) VALUES (20, 11, 11, 21, 101.397015732);
INSERT INTO reading_data (reading_id, bin_id, bin_section_id, sensor_type_id, value) VALUES (20, 11, 11, 10, 113.414219137);
INSERT INTO reading_data (reading_id, bin_id, bin_section_id, sensor_type_id, value) VALUES (20, 11, 11, 11, 124.817636548);
INSERT INTO reading_data (reading_id, bin_id, bin_section_id, sensor_type_id, value) VALUES (20, 21, 11, 20, 121.489346813);
INSERT INTO reading_data (reading_id, bin_id, bin_section_id, sensor_type_id, value) VALUES (20, 21, 11, 21, 94.2383141077);
INSERT INTO reading_data (reading_id, bin_id, bin_section_id, sensor_type_id, value) VALUES (20, 21, 11, 10, 125.559196601);
INSERT INTO reading_data (reading_id, bin_id, bin_section_id, sensor_type_id, value) VALUES (20, 21, 11, 11, 125.899609856);
INSERT INTO reading_data (reading_id, bin_id, bin_section_id, sensor_type_id, value) VALUES (20, 9, 14, 10, 85.1276979489);
INSERT INTO reading_data (reading_id, bin_id, bin_section_id, sensor_type_id, value) VALUES (20, 9, 14, 11, 89.2781894231);
INSERT INTO reading_data (reading_id, bin_id, bin_section_id, sensor_type_id, value) VALUES (20, 12, 13, 10, 81.0762304847);
INSERT INTO reading_data (reading_id, bin_id, bin_section_id, sensor_type_id, value) VALUES (20, 12, 13, 11, 122.836132645);
INSERT INTO reading_data (reading_id, bin_id, bin_section_id, sensor_type_id, value) VALUES (20, 12, 13, 12, 87.7192041472);
INSERT INTO reading_data (reading_id, bin_id, bin_section_id, sensor_type_id, value) VALUES (20, 12, 13, 13, 1);
INSERT INTO reading_data (reading_id, bin_id, bin_section_id, sensor_type_id, value) VALUES (20, 12, 14, 10, 101.234250361);
INSERT INTO reading_data (reading_id, bin_id, bin_section_id, sensor_type_id, value) VALUES (20, 12, 14, 11, 82.7457716799);
INSERT INTO reading_data (reading_id, bin_id, bin_section_id, sensor_type_id, value) VALUES (20, 13, 13, 10, 95.8311385896);
INSERT INTO reading_data (reading_id, bin_id, bin_section_id, sensor_type_id, value) VALUES (20, 13, 13, 11, 123.724889363);
INSERT INTO reading_data (reading_id, bin_id, bin_section_id, sensor_type_id, value) VALUES (20, 13, 13, 12, 118.323444843);
INSERT INTO reading_data (reading_id, bin_id, bin_section_id, sensor_type_id, value) VALUES (20, 13, 13, 13, 1);
INSERT INTO reading_data (reading_id, bin_id, bin_section_id, sensor_type_id, value) VALUES (20, 13, 14, 10, 88.5952738169);
INSERT INTO reading_data (reading_id, bin_id, bin_section_id, sensor_type_id, value) VALUES (20, 13, 14, 11, 126.839024997);
INSERT INTO reading_data (reading_id, bin_id, bin_section_id, sensor_type_id, value) VALUES (20, 14, 13, 10, 97.0987392367);
INSERT INTO reading_data (reading_id, bin_id, bin_section_id, sensor_type_id, value) VALUES (20, 14, 13, 11, 117.382162225);
INSERT INTO reading_data (reading_id, bin_id, bin_section_id, sensor_type_id, value) VALUES (20, 14, 13, 12, 89.0961604225);
INSERT INTO reading_data (reading_id, bin_id, bin_section_id, sensor_type_id, value) VALUES (20, 14, 13, 13, 0);
INSERT INTO reading_data (reading_id, bin_id, bin_section_id, sensor_type_id, value) VALUES (20, 14, 14, 10, 116.425996517);
INSERT INTO reading_data (reading_id, bin_id, bin_section_id, sensor_type_id, value) VALUES (20, 14, 14, 11, 83.4047966715);
INSERT INTO reading_data (reading_id, bin_id, bin_section_id, sensor_type_id, value) VALUES (20, 15, 13, 10, 85.6500919377);
INSERT INTO reading_data (reading_id, bin_id, bin_section_id, sensor_type_id, value) VALUES (20, 15, 13, 11, 110.271582881);
INSERT INTO reading_data (reading_id, bin_id, bin_section_id, sensor_type_id, value) VALUES (20, 15, 13, 12, 98.8227327309);
INSERT INTO reading_data (reading_id, bin_id, bin_section_id, sensor_type_id, value) VALUES (20, 15, 13, 13, 0);
INSERT INTO reading_data (reading_id, bin_id, bin_section_id, sensor_type_id, value) VALUES (20, 15, 14, 10, 124.752391304);
INSERT INTO reading_data (reading_id, bin_id, bin_section_id, sensor_type_id, value) VALUES (20, 15, 14, 11, 125.227512025);
INSERT INTO reading_data (reading_id, bin_id, bin_section_id, sensor_type_id, value) VALUES (20, 17, 13, 10, 128.160636987);
INSERT INTO reading_data (reading_id, bin_id, bin_section_id, sensor_type_id, value) VALUES (20, 17, 13, 11, 107.674547688);
INSERT INTO reading_data (reading_id, bin_id, bin_section_id, sensor_type_id, value) VALUES (20, 17, 13, 12, 128.300082868);
INSERT INTO reading_data (reading_id, bin_id, bin_section_id, sensor_type_id, value) VALUES (20, 17, 13, 13, 0);
INSERT INTO reading_data (reading_id, bin_id, bin_section_id, sensor_type_id, value) VALUES (20, 17, 14, 10, 81.4777507551);
INSERT INTO reading_data (reading_id, bin_id, bin_section_id, sensor_type_id, value) VALUES (20, 17, 14, 11, 81.5370583242);
INSERT INTO reading_data (reading_id, bin_id, bin_section_id, sensor_type_id, value) VALUES (20, 21, 13, 10, 129.449680035);
INSERT INTO reading_data (reading_id, bin_id, bin_section_id, sensor_type_id, value) VALUES (20, 21, 13, 11, 125.694799489);
INSERT INTO reading_data (reading_id, bin_id, bin_section_id, sensor_type_id, value) VALUES (20, 21, 13, 12, 102.38480161);
INSERT INTO reading_data (reading_id, bin_id, bin_section_id, sensor_type_id, value) VALUES (20, 21, 13, 13, 1);
INSERT INTO reading_data (reading_id, bin_id, bin_section_id, sensor_type_id, value) VALUES (20, 21, 14, 10, 107.839750225);
INSERT INTO reading_data (reading_id, bin_id, bin_section_id, sensor_type_id, value) VALUES (20, 21, 14, 11, 93.6747773399);
INSERT INTO reading_data (reading_id, bin_id, bin_section_id, sensor_type_id, value) VALUES (20, 22, 13, 10, 91.7831454443);
INSERT INTO reading_data (reading_id, bin_id, bin_section_id, sensor_type_id, value) VALUES (20, 22, 13, 11, 88.4980684283);
INSERT INTO reading_data (reading_id, bin_id, bin_section_id, sensor_type_id, value) VALUES (20, 22, 13, 12, 123.176754824);
INSERT INTO reading_data (reading_id, bin_id, bin_section_id, sensor_type_id, value) VALUES (20, 22, 13, 13, 0);
INSERT INTO reading_data (reading_id, bin_id, bin_section_id, sensor_type_id, value) VALUES (20, 22, 14, 10, 96.6471101103);
INSERT INTO reading_data (reading_id, bin_id, bin_section_id, sensor_type_id, value) VALUES (20, 22, 14, 11, 100.619034069);
INSERT INTO reading_data (reading_id, bin_id, bin_section_id, sensor_type_id, value) VALUES (20, 23, 13, 10, 112.009994769);
INSERT INTO reading_data (reading_id, bin_id, bin_section_id, sensor_type_id, value) VALUES (20, 23, 13, 11, 116.859564564);
INSERT INTO reading_data (reading_id, bin_id, bin_section_id, sensor_type_id, value) VALUES (20, 23, 13, 12, 104.704683661);
INSERT INTO reading_data (reading_id, bin_id, bin_section_id, sensor_type_id, value) VALUES (20, 23, 13, 13, 0);
INSERT INTO reading_data (reading_id, bin_id, bin_section_id, sensor_type_id, value) VALUES (20, 23, 14, 10, 94.039451446);
INSERT INTO reading_data (reading_id, bin_id, bin_section_id, sensor_type_id, value) VALUES (20, 23, 14, 11, 109.725016265);
INSERT INTO reading_data (reading_id, bin_id, bin_section_id, sensor_type_id, value) VALUES (20, 24, 13, 10, 91.1653002406);
INSERT INTO reading_data (reading_id, bin_id, bin_section_id, sensor_type_id, value) VALUES (20, 24, 13, 11, 123.614211805);
INSERT INTO reading_data (reading_id, bin_id, bin_section_id, sensor_type_id, value) VALUES (20, 24, 13, 12, 105.333304601);
INSERT INTO reading_data (reading_id, bin_id, bin_section_id, sensor_type_id, value) VALUES (20, 24, 13, 13, 1);
INSERT INTO reading_data (reading_id, bin_id, bin_section_id, sensor_type_id, value) VALUES (20, 24, 14, 10, 128.702711492);
INSERT INTO reading_data (reading_id, bin_id, bin_section_id, sensor_type_id, value) VALUES (20, 24, 14, 11, 85.2257062698);
INSERT INTO reading_data (reading_id, bin_id, bin_section_id, sensor_type_id, value) VALUES (20, 25, 13, 10, 126.549323093);
INSERT INTO reading_data (reading_id, bin_id, bin_section_id, sensor_type_id, value) VALUES (20, 25, 13, 11, 86.998107117);
INSERT INTO reading_data (reading_id, bin_id, bin_section_id, sensor_type_id, value) VALUES (20, 25, 13, 12, 115.213195593);
INSERT INTO reading_data (reading_id, bin_id, bin_section_id, sensor_type_id, value) VALUES (20, 25, 13, 13, 1);
INSERT INTO reading_data (reading_id, bin_id, bin_section_id, sensor_type_id, value) VALUES (20, 25, 14, 10, 120.28599845);
INSERT INTO reading_data (reading_id, bin_id, bin_section_id, sensor_type_id, value) VALUES (20, 25, 14, 11, 88.660461115);
INSERT INTO reading (id, datetime) VALUES (21, TIMESTAMP '2012-08-19 14:24:45');
INSERT INTO reading_data (reading_id, bin_id, bin_section_id, sensor_type_id, value) VALUES (21, 10, 10, 50, 123.132153447);
INSERT INTO reading_data (reading_id, bin_id, bin_section_id, sensor_type_id, value) VALUES (21, 10, 10, 51, 112.896108433);
INSERT INTO reading_data (reading_id, bin_id, bin_section_id, sensor_type_id, value) VALUES (21, 10, 10, 40, 122.945849317);
INSERT INTO reading_data (reading_id, bin_id, bin_section_id, sensor_type_id, value) VALUES (21, 19, 10, 50, 96.3282746248);
INSERT INTO reading_data (reading_id, bin_id, bin_section_id, sensor_type_id, value) VALUES (21, 19, 10, 51, 92.2284404046);
INSERT INTO reading_data (reading_id, bin_id, bin_section_id, sensor_type_id, value) VALUES (21, 19, 10, 40, 120.514620734);
INSERT INTO reading_data (reading_id, bin_id, bin_section_id, sensor_type_id, value) VALUES (21, 11, 11, 20, 115.093435628);
INSERT INTO reading_data (reading_id, bin_id, bin_section_id, sensor_type_id, value) VALUES (21, 11, 11, 21, 114.386371076);
INSERT INTO reading_data (reading_id, bin_id, bin_section_id, sensor_type_id, value) VALUES (21, 11, 11, 10, 106.474884511);
INSERT INTO reading_data (reading_id, bin_id, bin_section_id, sensor_type_id, value) VALUES (21, 11, 11, 11, 126.201229813);
INSERT INTO reading_data (reading_id, bin_id, bin_section_id, sensor_type_id, value) VALUES (21, 21, 11, 20, 117.755738704);
INSERT INTO reading_data (reading_id, bin_id, bin_section_id, sensor_type_id, value) VALUES (21, 21, 11, 21, 103.994612591);
INSERT INTO reading_data (reading_id, bin_id, bin_section_id, sensor_type_id, value) VALUES (21, 21, 11, 10, 109.291817957);
INSERT INTO reading_data (reading_id, bin_id, bin_section_id, sensor_type_id, value) VALUES (21, 21, 11, 11, 81.2288217515);
INSERT INTO reading_data (reading_id, bin_id, bin_section_id, sensor_type_id, value) VALUES (21, 9, 14, 10, 120.256364726);
INSERT INTO reading_data (reading_id, bin_id, bin_section_id, sensor_type_id, value) VALUES (21, 9, 14, 11, 95.3074427458);
INSERT INTO reading_data (reading_id, bin_id, bin_section_id, sensor_type_id, value) VALUES (21, 12, 13, 10, 109.452766385);
INSERT INTO reading_data (reading_id, bin_id, bin_section_id, sensor_type_id, value) VALUES (21, 12, 13, 11, 128.032490629);
INSERT INTO reading_data (reading_id, bin_id, bin_section_id, sensor_type_id, value) VALUES (21, 12, 13, 12, 95.3284007233);
INSERT INTO reading_data (reading_id, bin_id, bin_section_id, sensor_type_id, value) VALUES (21, 12, 13, 13, 0);
INSERT INTO reading_data (reading_id, bin_id, bin_section_id, sensor_type_id, value) VALUES (21, 12, 14, 10, 93.0616303343);
INSERT INTO reading_data (reading_id, bin_id, bin_section_id, sensor_type_id, value) VALUES (21, 12, 14, 11, 104.543430286);
INSERT INTO reading_data (reading_id, bin_id, bin_section_id, sensor_type_id, value) VALUES (21, 13, 13, 10, 128.045565256);
INSERT INTO reading_data (reading_id, bin_id, bin_section_id, sensor_type_id, value) VALUES (21, 13, 13, 11, 86.8122793691);
INSERT INTO reading_data (reading_id, bin_id, bin_section_id, sensor_type_id, value) VALUES (21, 13, 13, 12, 91.3121422915);
INSERT INTO reading_data (reading_id, bin_id, bin_section_id, sensor_type_id, value) VALUES (21, 13, 13, 13, 1);
INSERT INTO reading_data (reading_id, bin_id, bin_section_id, sensor_type_id, value) VALUES (21, 13, 14, 10, 113.23407772);
INSERT INTO reading_data (reading_id, bin_id, bin_section_id, sensor_type_id, value) VALUES (21, 13, 14, 11, 95.0568128281);
INSERT INTO reading_data (reading_id, bin_id, bin_section_id, sensor_type_id, value) VALUES (21, 14, 13, 10, 110.002428003);
INSERT INTO reading_data (reading_id, bin_id, bin_section_id, sensor_type_id, value) VALUES (21, 14, 13, 11, 127.165870997);
INSERT INTO reading_data (reading_id, bin_id, bin_section_id, sensor_type_id, value) VALUES (21, 14, 13, 12, 117.042540447);
INSERT INTO reading_data (reading_id, bin_id, bin_section_id, sensor_type_id, value) VALUES (21, 14, 13, 13, 1);
INSERT INTO reading_data (reading_id, bin_id, bin_section_id, sensor_type_id, value) VALUES (21, 14, 14, 10, 91.7286753643);
INSERT INTO reading_data (reading_id, bin_id, bin_section_id, sensor_type_id, value) VALUES (21, 14, 14, 11, 88.986468397);
INSERT INTO reading_data (reading_id, bin_id, bin_section_id, sensor_type_id, value) VALUES (21, 15, 13, 10, 95.5559716727);
INSERT INTO reading_data (reading_id, bin_id, bin_section_id, sensor_type_id, value) VALUES (21, 15, 13, 11, 91.2467164864);
INSERT INTO reading_data (reading_id, bin_id, bin_section_id, sensor_type_id, value) VALUES (21, 15, 13, 12, 99.9263974601);
INSERT INTO reading_data (reading_id, bin_id, bin_section_id, sensor_type_id, value) VALUES (21, 15, 13, 13, 1);
INSERT INTO reading_data (reading_id, bin_id, bin_section_id, sensor_type_id, value) VALUES (21, 15, 14, 10, 95.1546434418);
INSERT INTO reading_data (reading_id, bin_id, bin_section_id, sensor_type_id, value) VALUES (21, 15, 14, 11, 104.385947438);
INSERT INTO reading_data (reading_id, bin_id, bin_section_id, sensor_type_id, value) VALUES (21, 17, 13, 10, 108.249371209);
INSERT INTO reading_data (reading_id, bin_id, bin_section_id, sensor_type_id, value) VALUES (21, 17, 13, 11, 124.198086453);
INSERT INTO reading_data (reading_id, bin_id, bin_section_id, sensor_type_id, value) VALUES (21, 17, 13, 12, 119.494891982);
INSERT INTO reading_data (reading_id, bin_id, bin_section_id, sensor_type_id, value) VALUES (21, 17, 13, 13, 1);
INSERT INTO reading_data (reading_id, bin_id, bin_section_id, sensor_type_id, value) VALUES (21, 17, 14, 10, 100.613850156);
INSERT INTO reading_data (reading_id, bin_id, bin_section_id, sensor_type_id, value) VALUES (21, 17, 14, 11, 97.7607553354);
INSERT INTO reading_data (reading_id, bin_id, bin_section_id, sensor_type_id, value) VALUES (21, 21, 13, 10, 83.2690026981);
INSERT INTO reading_data (reading_id, bin_id, bin_section_id, sensor_type_id, value) VALUES (21, 21, 13, 11, 110.79062836);
INSERT INTO reading_data (reading_id, bin_id, bin_section_id, sensor_type_id, value) VALUES (21, 21, 13, 12, 97.5945857911);
INSERT INTO reading_data (reading_id, bin_id, bin_section_id, sensor_type_id, value) VALUES (21, 21, 13, 13, 0);
INSERT INTO reading_data (reading_id, bin_id, bin_section_id, sensor_type_id, value) VALUES (21, 21, 14, 10, 126.169191188);
INSERT INTO reading_data (reading_id, bin_id, bin_section_id, sensor_type_id, value) VALUES (21, 21, 14, 11, 106.69875234);
INSERT INTO reading_data (reading_id, bin_id, bin_section_id, sensor_type_id, value) VALUES (21, 22, 13, 10, 113.918954632);
INSERT INTO reading_data (reading_id, bin_id, bin_section_id, sensor_type_id, value) VALUES (21, 22, 13, 11, 95.9197738644);
INSERT INTO reading_data (reading_id, bin_id, bin_section_id, sensor_type_id, value) VALUES (21, 22, 13, 12, 127.444241603);
INSERT INTO reading_data (reading_id, bin_id, bin_section_id, sensor_type_id, value) VALUES (21, 22, 13, 13, 1);
INSERT INTO reading_data (reading_id, bin_id, bin_section_id, sensor_type_id, value) VALUES (21, 22, 14, 10, 82.810640704);
INSERT INTO reading_data (reading_id, bin_id, bin_section_id, sensor_type_id, value) VALUES (21, 22, 14, 11, 115.860280611);
INSERT INTO reading_data (reading_id, bin_id, bin_section_id, sensor_type_id, value) VALUES (21, 23, 13, 10, 86.862661135);
INSERT INTO reading_data (reading_id, bin_id, bin_section_id, sensor_type_id, value) VALUES (21, 23, 13, 11, 97.9919549398);
INSERT INTO reading_data (reading_id, bin_id, bin_section_id, sensor_type_id, value) VALUES (21, 23, 13, 12, 93.0422506829);
INSERT INTO reading_data (reading_id, bin_id, bin_section_id, sensor_type_id, value) VALUES (21, 23, 13, 13, 0);
INSERT INTO reading_data (reading_id, bin_id, bin_section_id, sensor_type_id, value) VALUES (21, 23, 14, 10, 96.0322068474);
INSERT INTO reading_data (reading_id, bin_id, bin_section_id, sensor_type_id, value) VALUES (21, 23, 14, 11, 123.623857151);
INSERT INTO reading_data (reading_id, bin_id, bin_section_id, sensor_type_id, value) VALUES (21, 24, 13, 10, 93.9957894039);
INSERT INTO reading_data (reading_id, bin_id, bin_section_id, sensor_type_id, value) VALUES (21, 24, 13, 11, 128.105282177);
INSERT INTO reading_data (reading_id, bin_id, bin_section_id, sensor_type_id, value) VALUES (21, 24, 13, 12, 99.9875474718);
INSERT INTO reading_data (reading_id, bin_id, bin_section_id, sensor_type_id, value) VALUES (21, 24, 13, 13, 1);
INSERT INTO reading_data (reading_id, bin_id, bin_section_id, sensor_type_id, value) VALUES (21, 24, 14, 10, 126.698892284);
INSERT INTO reading_data (reading_id, bin_id, bin_section_id, sensor_type_id, value) VALUES (21, 24, 14, 11, 82.0567843656);
INSERT INTO reading_data (reading_id, bin_id, bin_section_id, sensor_type_id, value) VALUES (21, 25, 13, 10, 87.8544685422);
INSERT INTO reading_data (reading_id, bin_id, bin_section_id, sensor_type_id, value) VALUES (21, 25, 13, 11, 104.321039223);
INSERT INTO reading_data (reading_id, bin_id, bin_section_id, sensor_type_id, value) VALUES (21, 25, 13, 12, 117.81686721);
INSERT INTO reading_data (reading_id, bin_id, bin_section_id, sensor_type_id, value) VALUES (21, 25, 13, 13, 1);
INSERT INTO reading_data (reading_id, bin_id, bin_section_id, sensor_type_id, value) VALUES (21, 25, 14, 10, 129.293301529);
INSERT INTO reading_data (reading_id, bin_id, bin_section_id, sensor_type_id, value) VALUES (21, 25, 14, 11, 102.577739884);
INSERT INTO reading (id, datetime) VALUES (22, TIMESTAMP '2012-08-19 14:29:45');
INSERT INTO reading_data (reading_id, bin_id, bin_section_id, sensor_type_id, value) VALUES (22, 10, 10, 50, 100.974418922);
INSERT INTO reading_data (reading_id, bin_id, bin_section_id, sensor_type_id, value) VALUES (22, 10, 10, 51, 106.604089961);
INSERT INTO reading_data (reading_id, bin_id, bin_section_id, sensor_type_id, value) VALUES (22, 10, 10, 40, 89.2699534604);
INSERT INTO reading_data (reading_id, bin_id, bin_section_id, sensor_type_id, value) VALUES (22, 19, 10, 50, 109.69840252);
INSERT INTO reading_data (reading_id, bin_id, bin_section_id, sensor_type_id, value) VALUES (22, 19, 10, 51, 110.516344277);
INSERT INTO reading_data (reading_id, bin_id, bin_section_id, sensor_type_id, value) VALUES (22, 19, 10, 40, 117.318734057);
INSERT INTO reading_data (reading_id, bin_id, bin_section_id, sensor_type_id, value) VALUES (22, 11, 11, 20, 110.951765066);
INSERT INTO reading_data (reading_id, bin_id, bin_section_id, sensor_type_id, value) VALUES (22, 11, 11, 21, 119.541961203);
INSERT INTO reading_data (reading_id, bin_id, bin_section_id, sensor_type_id, value) VALUES (22, 11, 11, 10, 94.31515387);
INSERT INTO reading_data (reading_id, bin_id, bin_section_id, sensor_type_id, value) VALUES (22, 11, 11, 11, 125.551842898);
INSERT INTO reading_data (reading_id, bin_id, bin_section_id, sensor_type_id, value) VALUES (22, 21, 11, 20, 96.5928604031);
INSERT INTO reading_data (reading_id, bin_id, bin_section_id, sensor_type_id, value) VALUES (22, 21, 11, 21, 87.1741605726);
INSERT INTO reading_data (reading_id, bin_id, bin_section_id, sensor_type_id, value) VALUES (22, 21, 11, 10, 126.117669096);
INSERT INTO reading_data (reading_id, bin_id, bin_section_id, sensor_type_id, value) VALUES (22, 21, 11, 11, 108.885068772);
INSERT INTO reading_data (reading_id, bin_id, bin_section_id, sensor_type_id, value) VALUES (22, 9, 14, 10, 113.94884763);
INSERT INTO reading_data (reading_id, bin_id, bin_section_id, sensor_type_id, value) VALUES (22, 9, 14, 11, 97.8471667739);
INSERT INTO reading_data (reading_id, bin_id, bin_section_id, sensor_type_id, value) VALUES (22, 12, 13, 10, 110.941585697);
INSERT INTO reading_data (reading_id, bin_id, bin_section_id, sensor_type_id, value) VALUES (22, 12, 13, 11, 114.383432601);
INSERT INTO reading_data (reading_id, bin_id, bin_section_id, sensor_type_id, value) VALUES (22, 12, 13, 12, 123.734756355);
INSERT INTO reading_data (reading_id, bin_id, bin_section_id, sensor_type_id, value) VALUES (22, 12, 13, 13, 1);
INSERT INTO reading_data (reading_id, bin_id, bin_section_id, sensor_type_id, value) VALUES (22, 12, 14, 10, 111.276361697);
INSERT INTO reading_data (reading_id, bin_id, bin_section_id, sensor_type_id, value) VALUES (22, 12, 14, 11, 116.435195684);
INSERT INTO reading_data (reading_id, bin_id, bin_section_id, sensor_type_id, value) VALUES (22, 13, 13, 10, 127.004693698);
INSERT INTO reading_data (reading_id, bin_id, bin_section_id, sensor_type_id, value) VALUES (22, 13, 13, 11, 82.6930245242);
INSERT INTO reading_data (reading_id, bin_id, bin_section_id, sensor_type_id, value) VALUES (22, 13, 13, 12, 98.2678217046);
INSERT INTO reading_data (reading_id, bin_id, bin_section_id, sensor_type_id, value) VALUES (22, 13, 13, 13, 0);
INSERT INTO reading_data (reading_id, bin_id, bin_section_id, sensor_type_id, value) VALUES (22, 13, 14, 10, 128.908223945);
INSERT INTO reading_data (reading_id, bin_id, bin_section_id, sensor_type_id, value) VALUES (22, 13, 14, 11, 83.5308645799);
INSERT INTO reading_data (reading_id, bin_id, bin_section_id, sensor_type_id, value) VALUES (22, 14, 13, 10, 96.6652651346);
INSERT INTO reading_data (reading_id, bin_id, bin_section_id, sensor_type_id, value) VALUES (22, 14, 13, 11, 123.162735312);
INSERT INTO reading_data (reading_id, bin_id, bin_section_id, sensor_type_id, value) VALUES (22, 14, 13, 12, 96.6834368535);
INSERT INTO reading_data (reading_id, bin_id, bin_section_id, sensor_type_id, value) VALUES (22, 14, 13, 13, 1);
INSERT INTO reading_data (reading_id, bin_id, bin_section_id, sensor_type_id, value) VALUES (22, 14, 14, 10, 126.92765321);
INSERT INTO reading_data (reading_id, bin_id, bin_section_id, sensor_type_id, value) VALUES (22, 14, 14, 11, 91.4781286633);
INSERT INTO reading_data (reading_id, bin_id, bin_section_id, sensor_type_id, value) VALUES (22, 15, 13, 10, 87.8377547222);
INSERT INTO reading_data (reading_id, bin_id, bin_section_id, sensor_type_id, value) VALUES (22, 15, 13, 11, 81.0041908746);
INSERT INTO reading_data (reading_id, bin_id, bin_section_id, sensor_type_id, value) VALUES (22, 15, 13, 12, 129.555532824);
INSERT INTO reading_data (reading_id, bin_id, bin_section_id, sensor_type_id, value) VALUES (22, 15, 13, 13, 0);
INSERT INTO reading_data (reading_id, bin_id, bin_section_id, sensor_type_id, value) VALUES (22, 15, 14, 10, 90.5686418492);
INSERT INTO reading_data (reading_id, bin_id, bin_section_id, sensor_type_id, value) VALUES (22, 15, 14, 11, 117.587659416);
INSERT INTO reading_data (reading_id, bin_id, bin_section_id, sensor_type_id, value) VALUES (22, 17, 13, 10, 127.701905371);
INSERT INTO reading_data (reading_id, bin_id, bin_section_id, sensor_type_id, value) VALUES (22, 17, 13, 11, 105.5015303);
INSERT INTO reading_data (reading_id, bin_id, bin_section_id, sensor_type_id, value) VALUES (22, 17, 13, 12, 93.851456029);
INSERT INTO reading_data (reading_id, bin_id, bin_section_id, sensor_type_id, value) VALUES (22, 17, 13, 13, 0);
INSERT INTO reading_data (reading_id, bin_id, bin_section_id, sensor_type_id, value) VALUES (22, 17, 14, 10, 111.308930497);
INSERT INTO reading_data (reading_id, bin_id, bin_section_id, sensor_type_id, value) VALUES (22, 17, 14, 11, 116.965728171);
INSERT INTO reading_data (reading_id, bin_id, bin_section_id, sensor_type_id, value) VALUES (22, 21, 13, 10, 104.83319818);
INSERT INTO reading_data (reading_id, bin_id, bin_section_id, sensor_type_id, value) VALUES (22, 21, 13, 11, 86.6003622195);
INSERT INTO reading_data (reading_id, bin_id, bin_section_id, sensor_type_id, value) VALUES (22, 21, 13, 12, 85.3192055476);
INSERT INTO reading_data (reading_id, bin_id, bin_section_id, sensor_type_id, value) VALUES (22, 21, 13, 13, 0);
INSERT INTO reading_data (reading_id, bin_id, bin_section_id, sensor_type_id, value) VALUES (22, 21, 14, 10, 97.4123701216);
INSERT INTO reading_data (reading_id, bin_id, bin_section_id, sensor_type_id, value) VALUES (22, 21, 14, 11, 108.654491584);
INSERT INTO reading_data (reading_id, bin_id, bin_section_id, sensor_type_id, value) VALUES (22, 22, 13, 10, 117.018848225);
INSERT INTO reading_data (reading_id, bin_id, bin_section_id, sensor_type_id, value) VALUES (22, 22, 13, 11, 121.821070529);
INSERT INTO reading_data (reading_id, bin_id, bin_section_id, sensor_type_id, value) VALUES (22, 22, 13, 12, 121.074653984);
INSERT INTO reading_data (reading_id, bin_id, bin_section_id, sensor_type_id, value) VALUES (22, 22, 13, 13, 0);
INSERT INTO reading_data (reading_id, bin_id, bin_section_id, sensor_type_id, value) VALUES (22, 22, 14, 10, 83.2037610034);
INSERT INTO reading_data (reading_id, bin_id, bin_section_id, sensor_type_id, value) VALUES (22, 22, 14, 11, 113.842174389);
INSERT INTO reading_data (reading_id, bin_id, bin_section_id, sensor_type_id, value) VALUES (22, 23, 13, 10, 120.661533721);
INSERT INTO reading_data (reading_id, bin_id, bin_section_id, sensor_type_id, value) VALUES (22, 23, 13, 11, 92.4750218513);
INSERT INTO reading_data (reading_id, bin_id, bin_section_id, sensor_type_id, value) VALUES (22, 23, 13, 12, 100.950740496);
INSERT INTO reading_data (reading_id, bin_id, bin_section_id, sensor_type_id, value) VALUES (22, 23, 13, 13, 0);
INSERT INTO reading_data (reading_id, bin_id, bin_section_id, sensor_type_id, value) VALUES (22, 23, 14, 10, 128.232236598);
INSERT INTO reading_data (reading_id, bin_id, bin_section_id, sensor_type_id, value) VALUES (22, 23, 14, 11, 81.0859362075);
INSERT INTO reading_data (reading_id, bin_id, bin_section_id, sensor_type_id, value) VALUES (22, 24, 13, 10, 82.236780928);
INSERT INTO reading_data (reading_id, bin_id, bin_section_id, sensor_type_id, value) VALUES (22, 24, 13, 11, 106.18128418);
INSERT INTO reading_data (reading_id, bin_id, bin_section_id, sensor_type_id, value) VALUES (22, 24, 13, 12, 94.4423056861);
INSERT INTO reading_data (reading_id, bin_id, bin_section_id, sensor_type_id, value) VALUES (22, 24, 13, 13, 0);
INSERT INTO reading_data (reading_id, bin_id, bin_section_id, sensor_type_id, value) VALUES (22, 24, 14, 10, 103.31334696);
INSERT INTO reading_data (reading_id, bin_id, bin_section_id, sensor_type_id, value) VALUES (22, 24, 14, 11, 93.2896792327);
INSERT INTO reading_data (reading_id, bin_id, bin_section_id, sensor_type_id, value) VALUES (22, 25, 13, 10, 112.939917833);
INSERT INTO reading_data (reading_id, bin_id, bin_section_id, sensor_type_id, value) VALUES (22, 25, 13, 11, 86.1962630012);
INSERT INTO reading_data (reading_id, bin_id, bin_section_id, sensor_type_id, value) VALUES (22, 25, 13, 12, 83.8526281038);
INSERT INTO reading_data (reading_id, bin_id, bin_section_id, sensor_type_id, value) VALUES (22, 25, 13, 13, 1);
INSERT INTO reading_data (reading_id, bin_id, bin_section_id, sensor_type_id, value) VALUES (22, 25, 14, 10, 115.316292571);
INSERT INTO reading_data (reading_id, bin_id, bin_section_id, sensor_type_id, value) VALUES (22, 25, 14, 11, 83.8468504977);
INSERT INTO reading (id, datetime) VALUES (23, TIMESTAMP '2012-08-19 14:34:45');
INSERT INTO reading_data (reading_id, bin_id, bin_section_id, sensor_type_id, value) VALUES (23, 10, 10, 50, 92.7696353361);
INSERT INTO reading_data (reading_id, bin_id, bin_section_id, sensor_type_id, value) VALUES (23, 10, 10, 51, 80.8011474376);
INSERT INTO reading_data (reading_id, bin_id, bin_section_id, sensor_type_id, value) VALUES (23, 10, 10, 40, 129.355793837);
INSERT INTO reading_data (reading_id, bin_id, bin_section_id, sensor_type_id, value) VALUES (23, 19, 10, 50, 93.5437879557);
INSERT INTO reading_data (reading_id, bin_id, bin_section_id, sensor_type_id, value) VALUES (23, 19, 10, 51, 110.251954415);
INSERT INTO reading_data (reading_id, bin_id, bin_section_id, sensor_type_id, value) VALUES (23, 19, 10, 40, 109.442491444);
INSERT INTO reading_data (reading_id, bin_id, bin_section_id, sensor_type_id, value) VALUES (23, 11, 11, 20, 82.8775434178);
INSERT INTO reading_data (reading_id, bin_id, bin_section_id, sensor_type_id, value) VALUES (23, 11, 11, 21, 108.730369958);
INSERT INTO reading_data (reading_id, bin_id, bin_section_id, sensor_type_id, value) VALUES (23, 11, 11, 10, 92.360841001);
INSERT INTO reading_data (reading_id, bin_id, bin_section_id, sensor_type_id, value) VALUES (23, 11, 11, 11, 110.843647313);
INSERT INTO reading_data (reading_id, bin_id, bin_section_id, sensor_type_id, value) VALUES (23, 21, 11, 20, 129.138523062);
INSERT INTO reading_data (reading_id, bin_id, bin_section_id, sensor_type_id, value) VALUES (23, 21, 11, 21, 89.1211452377);
INSERT INTO reading_data (reading_id, bin_id, bin_section_id, sensor_type_id, value) VALUES (23, 21, 11, 10, 126.082066884);
INSERT INTO reading_data (reading_id, bin_id, bin_section_id, sensor_type_id, value) VALUES (23, 21, 11, 11, 98.8663823746);
INSERT INTO reading_data (reading_id, bin_id, bin_section_id, sensor_type_id, value) VALUES (23, 9, 14, 10, 124.02893652);
INSERT INTO reading_data (reading_id, bin_id, bin_section_id, sensor_type_id, value) VALUES (23, 9, 14, 11, 104.177873995);
INSERT INTO reading_data (reading_id, bin_id, bin_section_id, sensor_type_id, value) VALUES (23, 12, 13, 10, 116.882349932);
INSERT INTO reading_data (reading_id, bin_id, bin_section_id, sensor_type_id, value) VALUES (23, 12, 13, 11, 102.077169509);
INSERT INTO reading_data (reading_id, bin_id, bin_section_id, sensor_type_id, value) VALUES (23, 12, 13, 12, 123.084571449);
INSERT INTO reading_data (reading_id, bin_id, bin_section_id, sensor_type_id, value) VALUES (23, 12, 13, 13, 0);
INSERT INTO reading_data (reading_id, bin_id, bin_section_id, sensor_type_id, value) VALUES (23, 12, 14, 10, 97.8781126272);
INSERT INTO reading_data (reading_id, bin_id, bin_section_id, sensor_type_id, value) VALUES (23, 12, 14, 11, 104.672760528);
INSERT INTO reading_data (reading_id, bin_id, bin_section_id, sensor_type_id, value) VALUES (23, 13, 13, 10, 125.838613121);
INSERT INTO reading_data (reading_id, bin_id, bin_section_id, sensor_type_id, value) VALUES (23, 13, 13, 11, 83.9313632369);
INSERT INTO reading_data (reading_id, bin_id, bin_section_id, sensor_type_id, value) VALUES (23, 13, 13, 12, 80.265134074);
INSERT INTO reading_data (reading_id, bin_id, bin_section_id, sensor_type_id, value) VALUES (23, 13, 13, 13, 1);
INSERT INTO reading_data (reading_id, bin_id, bin_section_id, sensor_type_id, value) VALUES (23, 13, 14, 10, 128.773005407);
INSERT INTO reading_data (reading_id, bin_id, bin_section_id, sensor_type_id, value) VALUES (23, 13, 14, 11, 125.264341566);
INSERT INTO reading_data (reading_id, bin_id, bin_section_id, sensor_type_id, value) VALUES (23, 14, 13, 10, 107.037878422);
INSERT INTO reading_data (reading_id, bin_id, bin_section_id, sensor_type_id, value) VALUES (23, 14, 13, 11, 104.185468928);
INSERT INTO reading_data (reading_id, bin_id, bin_section_id, sensor_type_id, value) VALUES (23, 14, 13, 12, 86.2962971989);
INSERT INTO reading_data (reading_id, bin_id, bin_section_id, sensor_type_id, value) VALUES (23, 14, 13, 13, 1);
INSERT INTO reading_data (reading_id, bin_id, bin_section_id, sensor_type_id, value) VALUES (23, 14, 14, 10, 115.569488199);
INSERT INTO reading_data (reading_id, bin_id, bin_section_id, sensor_type_id, value) VALUES (23, 14, 14, 11, 96.2826861284);
INSERT INTO reading_data (reading_id, bin_id, bin_section_id, sensor_type_id, value) VALUES (23, 15, 13, 10, 122.262454519);
INSERT INTO reading_data (reading_id, bin_id, bin_section_id, sensor_type_id, value) VALUES (23, 15, 13, 11, 82.4769261825);
INSERT INTO reading_data (reading_id, bin_id, bin_section_id, sensor_type_id, value) VALUES (23, 15, 13, 12, 129.510089539);
INSERT INTO reading_data (reading_id, bin_id, bin_section_id, sensor_type_id, value) VALUES (23, 15, 13, 13, 1);
INSERT INTO reading_data (reading_id, bin_id, bin_section_id, sensor_type_id, value) VALUES (23, 15, 14, 10, 128.069090306);
INSERT INTO reading_data (reading_id, bin_id, bin_section_id, sensor_type_id, value) VALUES (23, 15, 14, 11, 127.903176293);
INSERT INTO reading_data (reading_id, bin_id, bin_section_id, sensor_type_id, value) VALUES (23, 17, 13, 10, 118.168332979);
INSERT INTO reading_data (reading_id, bin_id, bin_section_id, sensor_type_id, value) VALUES (23, 17, 13, 11, 129.969164828);
INSERT INTO reading_data (reading_id, bin_id, bin_section_id, sensor_type_id, value) VALUES (23, 17, 13, 12, 106.677865999);
INSERT INTO reading_data (reading_id, bin_id, bin_section_id, sensor_type_id, value) VALUES (23, 17, 13, 13, 0);
INSERT INTO reading_data (reading_id, bin_id, bin_section_id, sensor_type_id, value) VALUES (23, 17, 14, 10, 100.56300409);
INSERT INTO reading_data (reading_id, bin_id, bin_section_id, sensor_type_id, value) VALUES (23, 17, 14, 11, 117.302328165);
INSERT INTO reading_data (reading_id, bin_id, bin_section_id, sensor_type_id, value) VALUES (23, 21, 13, 10, 101.682383812);
INSERT INTO reading_data (reading_id, bin_id, bin_section_id, sensor_type_id, value) VALUES (23, 21, 13, 11, 108.043227947);
INSERT INTO reading_data (reading_id, bin_id, bin_section_id, sensor_type_id, value) VALUES (23, 21, 13, 12, 118.07858108);
INSERT INTO reading_data (reading_id, bin_id, bin_section_id, sensor_type_id, value) VALUES (23, 21, 13, 13, 1);
INSERT INTO reading_data (reading_id, bin_id, bin_section_id, sensor_type_id, value) VALUES (23, 21, 14, 10, 107.954763462);
INSERT INTO reading_data (reading_id, bin_id, bin_section_id, sensor_type_id, value) VALUES (23, 21, 14, 11, 118.497521874);
INSERT INTO reading_data (reading_id, bin_id, bin_section_id, sensor_type_id, value) VALUES (23, 22, 13, 10, 92.6709695753);
INSERT INTO reading_data (reading_id, bin_id, bin_section_id, sensor_type_id, value) VALUES (23, 22, 13, 11, 102.891338902);
INSERT INTO reading_data (reading_id, bin_id, bin_section_id, sensor_type_id, value) VALUES (23, 22, 13, 12, 81.3085706871);
INSERT INTO reading_data (reading_id, bin_id, bin_section_id, sensor_type_id, value) VALUES (23, 22, 13, 13, 0);
INSERT INTO reading_data (reading_id, bin_id, bin_section_id, sensor_type_id, value) VALUES (23, 22, 14, 10, 124.933782525);
INSERT INTO reading_data (reading_id, bin_id, bin_section_id, sensor_type_id, value) VALUES (23, 22, 14, 11, 126.8592873);
INSERT INTO reading_data (reading_id, bin_id, bin_section_id, sensor_type_id, value) VALUES (23, 23, 13, 10, 110.159090156);
INSERT INTO reading_data (reading_id, bin_id, bin_section_id, sensor_type_id, value) VALUES (23, 23, 13, 11, 122.961063484);
INSERT INTO reading_data (reading_id, bin_id, bin_section_id, sensor_type_id, value) VALUES (23, 23, 13, 12, 88.5543726427);
INSERT INTO reading_data (reading_id, bin_id, bin_section_id, sensor_type_id, value) VALUES (23, 23, 13, 13, 1);
INSERT INTO reading_data (reading_id, bin_id, bin_section_id, sensor_type_id, value) VALUES (23, 23, 14, 10, 106.38708106);
INSERT INTO reading_data (reading_id, bin_id, bin_section_id, sensor_type_id, value) VALUES (23, 23, 14, 11, 86.5271749173);
INSERT INTO reading_data (reading_id, bin_id, bin_section_id, sensor_type_id, value) VALUES (23, 24, 13, 10, 114.202069902);
INSERT INTO reading_data (reading_id, bin_id, bin_section_id, sensor_type_id, value) VALUES (23, 24, 13, 11, 114.349416496);
INSERT INTO reading_data (reading_id, bin_id, bin_section_id, sensor_type_id, value) VALUES (23, 24, 13, 12, 123.994390504);
INSERT INTO reading_data (reading_id, bin_id, bin_section_id, sensor_type_id, value) VALUES (23, 24, 13, 13, 1);
INSERT INTO reading_data (reading_id, bin_id, bin_section_id, sensor_type_id, value) VALUES (23, 24, 14, 10, 80.8995978723);
INSERT INTO reading_data (reading_id, bin_id, bin_section_id, sensor_type_id, value) VALUES (23, 24, 14, 11, 105.883367658);
INSERT INTO reading_data (reading_id, bin_id, bin_section_id, sensor_type_id, value) VALUES (23, 25, 13, 10, 121.093314499);
INSERT INTO reading_data (reading_id, bin_id, bin_section_id, sensor_type_id, value) VALUES (23, 25, 13, 11, 102.945481369);
INSERT INTO reading_data (reading_id, bin_id, bin_section_id, sensor_type_id, value) VALUES (23, 25, 13, 12, 117.707516315);
INSERT INTO reading_data (reading_id, bin_id, bin_section_id, sensor_type_id, value) VALUES (23, 25, 13, 13, 1);
INSERT INTO reading_data (reading_id, bin_id, bin_section_id, sensor_type_id, value) VALUES (23, 25, 14, 10, 101.792860183);
INSERT INTO reading_data (reading_id, bin_id, bin_section_id, sensor_type_id, value) VALUES (23, 25, 14, 11, 127.46126271);
INSERT INTO reading (id, datetime) VALUES (24, TIMESTAMP '2012-08-19 14:39:45');
INSERT INTO reading_data (reading_id, bin_id, bin_section_id, sensor_type_id, value) VALUES (24, 10, 10, 50, 111.789559262);
INSERT INTO reading_data (reading_id, bin_id, bin_section_id, sensor_type_id, value) VALUES (24, 10, 10, 51, 91.3101615211);
INSERT INTO reading_data (reading_id, bin_id, bin_section_id, sensor_type_id, value) VALUES (24, 10, 10, 40, 127.507380941);
INSERT INTO reading_data (reading_id, bin_id, bin_section_id, sensor_type_id, value) VALUES (24, 19, 10, 50, 110.352646906);
INSERT INTO reading_data (reading_id, bin_id, bin_section_id, sensor_type_id, value) VALUES (24, 19, 10, 51, 82.6659707582);
INSERT INTO reading_data (reading_id, bin_id, bin_section_id, sensor_type_id, value) VALUES (24, 19, 10, 40, 109.195115652);
INSERT INTO reading_data (reading_id, bin_id, bin_section_id, sensor_type_id, value) VALUES (24, 11, 11, 20, 110.400068533);
INSERT INTO reading_data (reading_id, bin_id, bin_section_id, sensor_type_id, value) VALUES (24, 11, 11, 21, 114.711065796);
INSERT INTO reading_data (reading_id, bin_id, bin_section_id, sensor_type_id, value) VALUES (24, 11, 11, 10, 89.4851643796);
INSERT INTO reading_data (reading_id, bin_id, bin_section_id, sensor_type_id, value) VALUES (24, 11, 11, 11, 81.8584821614);
INSERT INTO reading_data (reading_id, bin_id, bin_section_id, sensor_type_id, value) VALUES (24, 21, 11, 20, 123.141500092);
INSERT INTO reading_data (reading_id, bin_id, bin_section_id, sensor_type_id, value) VALUES (24, 21, 11, 21, 107.348855283);
INSERT INTO reading_data (reading_id, bin_id, bin_section_id, sensor_type_id, value) VALUES (24, 21, 11, 10, 123.444836373);
INSERT INTO reading_data (reading_id, bin_id, bin_section_id, sensor_type_id, value) VALUES (24, 21, 11, 11, 98.2130115565);
INSERT INTO reading_data (reading_id, bin_id, bin_section_id, sensor_type_id, value) VALUES (24, 9, 14, 10, 108.922111334);
INSERT INTO reading_data (reading_id, bin_id, bin_section_id, sensor_type_id, value) VALUES (24, 9, 14, 11, 93.576659112);
INSERT INTO reading_data (reading_id, bin_id, bin_section_id, sensor_type_id, value) VALUES (24, 12, 13, 10, 101.481686067);
INSERT INTO reading_data (reading_id, bin_id, bin_section_id, sensor_type_id, value) VALUES (24, 12, 13, 11, 119.516888072);
INSERT INTO reading_data (reading_id, bin_id, bin_section_id, sensor_type_id, value) VALUES (24, 12, 13, 12, 108.555005755);
INSERT INTO reading_data (reading_id, bin_id, bin_section_id, sensor_type_id, value) VALUES (24, 12, 13, 13, 0);
INSERT INTO reading_data (reading_id, bin_id, bin_section_id, sensor_type_id, value) VALUES (24, 12, 14, 10, 116.17725696);
INSERT INTO reading_data (reading_id, bin_id, bin_section_id, sensor_type_id, value) VALUES (24, 12, 14, 11, 106.813083605);
INSERT INTO reading_data (reading_id, bin_id, bin_section_id, sensor_type_id, value) VALUES (24, 13, 13, 10, 123.287942298);
INSERT INTO reading_data (reading_id, bin_id, bin_section_id, sensor_type_id, value) VALUES (24, 13, 13, 11, 119.230656049);
INSERT INTO reading_data (reading_id, bin_id, bin_section_id, sensor_type_id, value) VALUES (24, 13, 13, 12, 120.473354041);
INSERT INTO reading_data (reading_id, bin_id, bin_section_id, sensor_type_id, value) VALUES (24, 13, 13, 13, 1);
INSERT INTO reading_data (reading_id, bin_id, bin_section_id, sensor_type_id, value) VALUES (24, 13, 14, 10, 97.7386488491);
INSERT INTO reading_data (reading_id, bin_id, bin_section_id, sensor_type_id, value) VALUES (24, 13, 14, 11, 117.190236219);
INSERT INTO reading_data (reading_id, bin_id, bin_section_id, sensor_type_id, value) VALUES (24, 14, 13, 10, 111.289974992);
INSERT INTO reading_data (reading_id, bin_id, bin_section_id, sensor_type_id, value) VALUES (24, 14, 13, 11, 104.947823602);
INSERT INTO reading_data (reading_id, bin_id, bin_section_id, sensor_type_id, value) VALUES (24, 14, 13, 12, 121.878827382);
INSERT INTO reading_data (reading_id, bin_id, bin_section_id, sensor_type_id, value) VALUES (24, 14, 13, 13, 1);
INSERT INTO reading_data (reading_id, bin_id, bin_section_id, sensor_type_id, value) VALUES (24, 14, 14, 10, 116.325973732);
INSERT INTO reading_data (reading_id, bin_id, bin_section_id, sensor_type_id, value) VALUES (24, 14, 14, 11, 96.8655651003);
INSERT INTO reading_data (reading_id, bin_id, bin_section_id, sensor_type_id, value) VALUES (24, 15, 13, 10, 90.8846429176);
INSERT INTO reading_data (reading_id, bin_id, bin_section_id, sensor_type_id, value) VALUES (24, 15, 13, 11, 109.474286385);
INSERT INTO reading_data (reading_id, bin_id, bin_section_id, sensor_type_id, value) VALUES (24, 15, 13, 12, 124.321720144);
INSERT INTO reading_data (reading_id, bin_id, bin_section_id, sensor_type_id, value) VALUES (24, 15, 13, 13, 0);
INSERT INTO reading_data (reading_id, bin_id, bin_section_id, sensor_type_id, value) VALUES (24, 15, 14, 10, 85.804626136);
INSERT INTO reading_data (reading_id, bin_id, bin_section_id, sensor_type_id, value) VALUES (24, 15, 14, 11, 94.9331044727);
INSERT INTO reading_data (reading_id, bin_id, bin_section_id, sensor_type_id, value) VALUES (24, 17, 13, 10, 98.2834200161);
INSERT INTO reading_data (reading_id, bin_id, bin_section_id, sensor_type_id, value) VALUES (24, 17, 13, 11, 104.119206748);
INSERT INTO reading_data (reading_id, bin_id, bin_section_id, sensor_type_id, value) VALUES (24, 17, 13, 12, 86.0941628729);
INSERT INTO reading_data (reading_id, bin_id, bin_section_id, sensor_type_id, value) VALUES (24, 17, 13, 13, 1);
INSERT INTO reading_data (reading_id, bin_id, bin_section_id, sensor_type_id, value) VALUES (24, 17, 14, 10, 90.8307542261);
INSERT INTO reading_data (reading_id, bin_id, bin_section_id, sensor_type_id, value) VALUES (24, 17, 14, 11, 82.5779592495);
INSERT INTO reading_data (reading_id, bin_id, bin_section_id, sensor_type_id, value) VALUES (24, 21, 13, 10, 90.2270779135);
INSERT INTO reading_data (reading_id, bin_id, bin_section_id, sensor_type_id, value) VALUES (24, 21, 13, 11, 84.8000930902);
INSERT INTO reading_data (reading_id, bin_id, bin_section_id, sensor_type_id, value) VALUES (24, 21, 13, 12, 85.8659972162);
INSERT INTO reading_data (reading_id, bin_id, bin_section_id, sensor_type_id, value) VALUES (24, 21, 13, 13, 0);
INSERT INTO reading_data (reading_id, bin_id, bin_section_id, sensor_type_id, value) VALUES (24, 21, 14, 10, 95.6033928);
INSERT INTO reading_data (reading_id, bin_id, bin_section_id, sensor_type_id, value) VALUES (24, 21, 14, 11, 113.843246901);
INSERT INTO reading_data (reading_id, bin_id, bin_section_id, sensor_type_id, value) VALUES (24, 22, 13, 10, 88.0904605711);
INSERT INTO reading_data (reading_id, bin_id, bin_section_id, sensor_type_id, value) VALUES (24, 22, 13, 11, 116.938282766);
INSERT INTO reading_data (reading_id, bin_id, bin_section_id, sensor_type_id, value) VALUES (24, 22, 13, 12, 109.864274562);
INSERT INTO reading_data (reading_id, bin_id, bin_section_id, sensor_type_id, value) VALUES (24, 22, 13, 13, 1);
INSERT INTO reading_data (reading_id, bin_id, bin_section_id, sensor_type_id, value) VALUES (24, 22, 14, 10, 92.1418441949);
INSERT INTO reading_data (reading_id, bin_id, bin_section_id, sensor_type_id, value) VALUES (24, 22, 14, 11, 116.094320235);
INSERT INTO reading_data (reading_id, bin_id, bin_section_id, sensor_type_id, value) VALUES (24, 23, 13, 10, 98.4356546986);
INSERT INTO reading_data (reading_id, bin_id, bin_section_id, sensor_type_id, value) VALUES (24, 23, 13, 11, 128.426798755);
INSERT INTO reading_data (reading_id, bin_id, bin_section_id, sensor_type_id, value) VALUES (24, 23, 13, 12, 103.506861631);
INSERT INTO reading_data (reading_id, bin_id, bin_section_id, sensor_type_id, value) VALUES (24, 23, 13, 13, 1);
INSERT INTO reading_data (reading_id, bin_id, bin_section_id, sensor_type_id, value) VALUES (24, 23, 14, 10, 123.576203949);
INSERT INTO reading_data (reading_id, bin_id, bin_section_id, sensor_type_id, value) VALUES (24, 23, 14, 11, 112.506290014);
INSERT INTO reading_data (reading_id, bin_id, bin_section_id, sensor_type_id, value) VALUES (24, 24, 13, 10, 88.8778992911);
INSERT INTO reading_data (reading_id, bin_id, bin_section_id, sensor_type_id, value) VALUES (24, 24, 13, 11, 109.442581935);
INSERT INTO reading_data (reading_id, bin_id, bin_section_id, sensor_type_id, value) VALUES (24, 24, 13, 12, 99.9711023922);
INSERT INTO reading_data (reading_id, bin_id, bin_section_id, sensor_type_id, value) VALUES (24, 24, 13, 13, 0);
INSERT INTO reading_data (reading_id, bin_id, bin_section_id, sensor_type_id, value) VALUES (24, 24, 14, 10, 102.133283782);
INSERT INTO reading_data (reading_id, bin_id, bin_section_id, sensor_type_id, value) VALUES (24, 24, 14, 11, 100.020041176);
INSERT INTO reading_data (reading_id, bin_id, bin_section_id, sensor_type_id, value) VALUES (24, 25, 13, 10, 114.043815606);
INSERT INTO reading_data (reading_id, bin_id, bin_section_id, sensor_type_id, value) VALUES (24, 25, 13, 11, 87.6347338662);
INSERT INTO reading_data (reading_id, bin_id, bin_section_id, sensor_type_id, value) VALUES (24, 25, 13, 12, 129.161098193);
INSERT INTO reading_data (reading_id, bin_id, bin_section_id, sensor_type_id, value) VALUES (24, 25, 13, 13, 1);
INSERT INTO reading_data (reading_id, bin_id, bin_section_id, sensor_type_id, value) VALUES (24, 25, 14, 10, 92.6208368244);
INSERT INTO reading_data (reading_id, bin_id, bin_section_id, sensor_type_id, value) VALUES (24, 25, 14, 11, 115.189839781);
INSERT INTO reading (id, datetime) VALUES (25, TIMESTAMP '2012-08-19 14:44:45');
INSERT INTO reading_data (reading_id, bin_id, bin_section_id, sensor_type_id, value) VALUES (25, 10, 10, 50, 97.4167813374);
INSERT INTO reading_data (reading_id, bin_id, bin_section_id, sensor_type_id, value) VALUES (25, 10, 10, 51, 103.850203286);
INSERT INTO reading_data (reading_id, bin_id, bin_section_id, sensor_type_id, value) VALUES (25, 10, 10, 40, 97.2072266321);
INSERT INTO reading_data (reading_id, bin_id, bin_section_id, sensor_type_id, value) VALUES (25, 19, 10, 50, 84.8515794278);
INSERT INTO reading_data (reading_id, bin_id, bin_section_id, sensor_type_id, value) VALUES (25, 19, 10, 51, 113.424164601);
INSERT INTO reading_data (reading_id, bin_id, bin_section_id, sensor_type_id, value) VALUES (25, 19, 10, 40, 126.241441242);
INSERT INTO reading_data (reading_id, bin_id, bin_section_id, sensor_type_id, value) VALUES (25, 11, 11, 20, 106.484302651);
INSERT INTO reading_data (reading_id, bin_id, bin_section_id, sensor_type_id, value) VALUES (25, 11, 11, 21, 87.4134449735);
INSERT INTO reading_data (reading_id, bin_id, bin_section_id, sensor_type_id, value) VALUES (25, 11, 11, 10, 120.528858623);
INSERT INTO reading_data (reading_id, bin_id, bin_section_id, sensor_type_id, value) VALUES (25, 11, 11, 11, 120.658846756);
INSERT INTO reading_data (reading_id, bin_id, bin_section_id, sensor_type_id, value) VALUES (25, 21, 11, 20, 90.5519711528);
INSERT INTO reading_data (reading_id, bin_id, bin_section_id, sensor_type_id, value) VALUES (25, 21, 11, 21, 109.993849644);
INSERT INTO reading_data (reading_id, bin_id, bin_section_id, sensor_type_id, value) VALUES (25, 21, 11, 10, 103.052931098);
INSERT INTO reading_data (reading_id, bin_id, bin_section_id, sensor_type_id, value) VALUES (25, 21, 11, 11, 114.040051088);
INSERT INTO reading_data (reading_id, bin_id, bin_section_id, sensor_type_id, value) VALUES (25, 9, 14, 10, 110.716548648);
INSERT INTO reading_data (reading_id, bin_id, bin_section_id, sensor_type_id, value) VALUES (25, 9, 14, 11, 103.300853595);
INSERT INTO reading_data (reading_id, bin_id, bin_section_id, sensor_type_id, value) VALUES (25, 12, 13, 10, 114.638786028);
INSERT INTO reading_data (reading_id, bin_id, bin_section_id, sensor_type_id, value) VALUES (25, 12, 13, 11, 101.910280665);
INSERT INTO reading_data (reading_id, bin_id, bin_section_id, sensor_type_id, value) VALUES (25, 12, 13, 12, 122.093376018);
INSERT INTO reading_data (reading_id, bin_id, bin_section_id, sensor_type_id, value) VALUES (25, 12, 13, 13, 0);
INSERT INTO reading_data (reading_id, bin_id, bin_section_id, sensor_type_id, value) VALUES (25, 12, 14, 10, 88.4164346365);
INSERT INTO reading_data (reading_id, bin_id, bin_section_id, sensor_type_id, value) VALUES (25, 12, 14, 11, 94.1788219283);
INSERT INTO reading_data (reading_id, bin_id, bin_section_id, sensor_type_id, value) VALUES (25, 13, 13, 10, 116.294198833);
INSERT INTO reading_data (reading_id, bin_id, bin_section_id, sensor_type_id, value) VALUES (25, 13, 13, 11, 98.2827822033);
INSERT INTO reading_data (reading_id, bin_id, bin_section_id, sensor_type_id, value) VALUES (25, 13, 13, 12, 88.7709705161);
INSERT INTO reading_data (reading_id, bin_id, bin_section_id, sensor_type_id, value) VALUES (25, 13, 13, 13, 0);
INSERT INTO reading_data (reading_id, bin_id, bin_section_id, sensor_type_id, value) VALUES (25, 13, 14, 10, 93.144760382);
INSERT INTO reading_data (reading_id, bin_id, bin_section_id, sensor_type_id, value) VALUES (25, 13, 14, 11, 102.976965622);
INSERT INTO reading_data (reading_id, bin_id, bin_section_id, sensor_type_id, value) VALUES (25, 14, 13, 10, 116.618382097);
INSERT INTO reading_data (reading_id, bin_id, bin_section_id, sensor_type_id, value) VALUES (25, 14, 13, 11, 126.701485311);
INSERT INTO reading_data (reading_id, bin_id, bin_section_id, sensor_type_id, value) VALUES (25, 14, 13, 12, 89.6530105076);
INSERT INTO reading_data (reading_id, bin_id, bin_section_id, sensor_type_id, value) VALUES (25, 14, 13, 13, 0);
INSERT INTO reading_data (reading_id, bin_id, bin_section_id, sensor_type_id, value) VALUES (25, 14, 14, 10, 95.9065904372);
INSERT INTO reading_data (reading_id, bin_id, bin_section_id, sensor_type_id, value) VALUES (25, 14, 14, 11, 129.314135887);
INSERT INTO reading_data (reading_id, bin_id, bin_section_id, sensor_type_id, value) VALUES (25, 15, 13, 10, 82.4064228717);
INSERT INTO reading_data (reading_id, bin_id, bin_section_id, sensor_type_id, value) VALUES (25, 15, 13, 11, 108.142930113);
INSERT INTO reading_data (reading_id, bin_id, bin_section_id, sensor_type_id, value) VALUES (25, 15, 13, 12, 128.094614393);
INSERT INTO reading_data (reading_id, bin_id, bin_section_id, sensor_type_id, value) VALUES (25, 15, 13, 13, 0);
INSERT INTO reading_data (reading_id, bin_id, bin_section_id, sensor_type_id, value) VALUES (25, 15, 14, 10, 103.107276957);
INSERT INTO reading_data (reading_id, bin_id, bin_section_id, sensor_type_id, value) VALUES (25, 15, 14, 11, 114.694603916);
INSERT INTO reading_data (reading_id, bin_id, bin_section_id, sensor_type_id, value) VALUES (25, 17, 13, 10, 113.558852596);
INSERT INTO reading_data (reading_id, bin_id, bin_section_id, sensor_type_id, value) VALUES (25, 17, 13, 11, 91.0988560763);
INSERT INTO reading_data (reading_id, bin_id, bin_section_id, sensor_type_id, value) VALUES (25, 17, 13, 12, 107.693213492);
INSERT INTO reading_data (reading_id, bin_id, bin_section_id, sensor_type_id, value) VALUES (25, 17, 13, 13, 1);
INSERT INTO reading_data (reading_id, bin_id, bin_section_id, sensor_type_id, value) VALUES (25, 17, 14, 10, 81.9589345984);
INSERT INTO reading_data (reading_id, bin_id, bin_section_id, sensor_type_id, value) VALUES (25, 17, 14, 11, 108.678775224);
INSERT INTO reading_data (reading_id, bin_id, bin_section_id, sensor_type_id, value) VALUES (25, 21, 13, 10, 121.140856328);
INSERT INTO reading_data (reading_id, bin_id, bin_section_id, sensor_type_id, value) VALUES (25, 21, 13, 11, 90.9430353662);
INSERT INTO reading_data (reading_id, bin_id, bin_section_id, sensor_type_id, value) VALUES (25, 21, 13, 12, 113.533442306);
INSERT INTO reading_data (reading_id, bin_id, bin_section_id, sensor_type_id, value) VALUES (25, 21, 13, 13, 1);
INSERT INTO reading_data (reading_id, bin_id, bin_section_id, sensor_type_id, value) VALUES (25, 21, 14, 10, 120.301259547);
INSERT INTO reading_data (reading_id, bin_id, bin_section_id, sensor_type_id, value) VALUES (25, 21, 14, 11, 118.314297527);
INSERT INTO reading_data (reading_id, bin_id, bin_section_id, sensor_type_id, value) VALUES (25, 22, 13, 10, 80.3748367071);
INSERT INTO reading_data (reading_id, bin_id, bin_section_id, sensor_type_id, value) VALUES (25, 22, 13, 11, 91.0421288706);
INSERT INTO reading_data (reading_id, bin_id, bin_section_id, sensor_type_id, value) VALUES (25, 22, 13, 12, 122.289977915);
INSERT INTO reading_data (reading_id, bin_id, bin_section_id, sensor_type_id, value) VALUES (25, 22, 13, 13, 1);
INSERT INTO reading_data (reading_id, bin_id, bin_section_id, sensor_type_id, value) VALUES (25, 22, 14, 10, 104.413392478);
INSERT INTO reading_data (reading_id, bin_id, bin_section_id, sensor_type_id, value) VALUES (25, 22, 14, 11, 93.0032260645);
INSERT INTO reading_data (reading_id, bin_id, bin_section_id, sensor_type_id, value) VALUES (25, 23, 13, 10, 86.3413246206);
INSERT INTO reading_data (reading_id, bin_id, bin_section_id, sensor_type_id, value) VALUES (25, 23, 13, 11, 97.765173943);
INSERT INTO reading_data (reading_id, bin_id, bin_section_id, sensor_type_id, value) VALUES (25, 23, 13, 12, 114.708749022);
INSERT INTO reading_data (reading_id, bin_id, bin_section_id, sensor_type_id, value) VALUES (25, 23, 13, 13, 0);
INSERT INTO reading_data (reading_id, bin_id, bin_section_id, sensor_type_id, value) VALUES (25, 23, 14, 10, 101.43061415);
INSERT INTO reading_data (reading_id, bin_id, bin_section_id, sensor_type_id, value) VALUES (25, 23, 14, 11, 94.1745386471);
INSERT INTO reading_data (reading_id, bin_id, bin_section_id, sensor_type_id, value) VALUES (25, 24, 13, 10, 115.089693339);
INSERT INTO reading_data (reading_id, bin_id, bin_section_id, sensor_type_id, value) VALUES (25, 24, 13, 11, 94.6948481768);
INSERT INTO reading_data (reading_id, bin_id, bin_section_id, sensor_type_id, value) VALUES (25, 24, 13, 12, 114.158996076);
INSERT INTO reading_data (reading_id, bin_id, bin_section_id, sensor_type_id, value) VALUES (25, 24, 13, 13, 0);
INSERT INTO reading_data (reading_id, bin_id, bin_section_id, sensor_type_id, value) VALUES (25, 24, 14, 10, 82.3743058488);
INSERT INTO reading_data (reading_id, bin_id, bin_section_id, sensor_type_id, value) VALUES (25, 24, 14, 11, 119.429730629);
INSERT INTO reading_data (reading_id, bin_id, bin_section_id, sensor_type_id, value) VALUES (25, 25, 13, 10, 85.3335542804);
INSERT INTO reading_data (reading_id, bin_id, bin_section_id, sensor_type_id, value) VALUES (25, 25, 13, 11, 112.374295069);
INSERT INTO reading_data (reading_id, bin_id, bin_section_id, sensor_type_id, value) VALUES (25, 25, 13, 12, 125.705959951);
INSERT INTO reading_data (reading_id, bin_id, bin_section_id, sensor_type_id, value) VALUES (25, 25, 13, 13, 1);
INSERT INTO reading_data (reading_id, bin_id, bin_section_id, sensor_type_id, value) VALUES (25, 25, 14, 10, 102.466833788);
INSERT INTO reading_data (reading_id, bin_id, bin_section_id, sensor_type_id, value) VALUES (25, 25, 14, 11, 116.671468676);
INSERT INTO reading (id, datetime) VALUES (26, TIMESTAMP '2012-08-19 14:49:45');
INSERT INTO reading_data (reading_id, bin_id, bin_section_id, sensor_type_id, value) VALUES (26, 10, 10, 50, 124.005181368);
INSERT INTO reading_data (reading_id, bin_id, bin_section_id, sensor_type_id, value) VALUES (26, 10, 10, 51, 82.1871422339);
INSERT INTO reading_data (reading_id, bin_id, bin_section_id, sensor_type_id, value) VALUES (26, 10, 10, 40, 118.965575326);
INSERT INTO reading_data (reading_id, bin_id, bin_section_id, sensor_type_id, value) VALUES (26, 19, 10, 50, 107.430838789);
INSERT INTO reading_data (reading_id, bin_id, bin_section_id, sensor_type_id, value) VALUES (26, 19, 10, 51, 102.763087792);
INSERT INTO reading_data (reading_id, bin_id, bin_section_id, sensor_type_id, value) VALUES (26, 19, 10, 40, 89.489248288);
INSERT INTO reading_data (reading_id, bin_id, bin_section_id, sensor_type_id, value) VALUES (26, 11, 11, 20, 124.406327382);
INSERT INTO reading_data (reading_id, bin_id, bin_section_id, sensor_type_id, value) VALUES (26, 11, 11, 21, 127.19895503);
INSERT INTO reading_data (reading_id, bin_id, bin_section_id, sensor_type_id, value) VALUES (26, 11, 11, 10, 81.0908203191);
INSERT INTO reading_data (reading_id, bin_id, bin_section_id, sensor_type_id, value) VALUES (26, 11, 11, 11, 110.708152726);
INSERT INTO reading_data (reading_id, bin_id, bin_section_id, sensor_type_id, value) VALUES (26, 21, 11, 20, 95.8203790417);
INSERT INTO reading_data (reading_id, bin_id, bin_section_id, sensor_type_id, value) VALUES (26, 21, 11, 21, 85.6896896265);
INSERT INTO reading_data (reading_id, bin_id, bin_section_id, sensor_type_id, value) VALUES (26, 21, 11, 10, 129.84969926);
INSERT INTO reading_data (reading_id, bin_id, bin_section_id, sensor_type_id, value) VALUES (26, 21, 11, 11, 98.5973820583);
INSERT INTO reading_data (reading_id, bin_id, bin_section_id, sensor_type_id, value) VALUES (26, 9, 14, 10, 104.810954546);
INSERT INTO reading_data (reading_id, bin_id, bin_section_id, sensor_type_id, value) VALUES (26, 9, 14, 11, 109.562833808);
INSERT INTO reading_data (reading_id, bin_id, bin_section_id, sensor_type_id, value) VALUES (26, 12, 13, 10, 96.0530528444);
INSERT INTO reading_data (reading_id, bin_id, bin_section_id, sensor_type_id, value) VALUES (26, 12, 13, 11, 101.155860703);
INSERT INTO reading_data (reading_id, bin_id, bin_section_id, sensor_type_id, value) VALUES (26, 12, 13, 12, 109.960135655);
INSERT INTO reading_data (reading_id, bin_id, bin_section_id, sensor_type_id, value) VALUES (26, 12, 13, 13, 0);
INSERT INTO reading_data (reading_id, bin_id, bin_section_id, sensor_type_id, value) VALUES (26, 12, 14, 10, 93.0181810488);
INSERT INTO reading_data (reading_id, bin_id, bin_section_id, sensor_type_id, value) VALUES (26, 12, 14, 11, 112.770338522);
INSERT INTO reading_data (reading_id, bin_id, bin_section_id, sensor_type_id, value) VALUES (26, 13, 13, 10, 124.849971556);
INSERT INTO reading_data (reading_id, bin_id, bin_section_id, sensor_type_id, value) VALUES (26, 13, 13, 11, 104.870752718);
INSERT INTO reading_data (reading_id, bin_id, bin_section_id, sensor_type_id, value) VALUES (26, 13, 13, 12, 97.9912631408);
INSERT INTO reading_data (reading_id, bin_id, bin_section_id, sensor_type_id, value) VALUES (26, 13, 13, 13, 1);
INSERT INTO reading_data (reading_id, bin_id, bin_section_id, sensor_type_id, value) VALUES (26, 13, 14, 10, 128.757800614);
INSERT INTO reading_data (reading_id, bin_id, bin_section_id, sensor_type_id, value) VALUES (26, 13, 14, 11, 123.547671366);
INSERT INTO reading_data (reading_id, bin_id, bin_section_id, sensor_type_id, value) VALUES (26, 14, 13, 10, 121.434692607);
INSERT INTO reading_data (reading_id, bin_id, bin_section_id, sensor_type_id, value) VALUES (26, 14, 13, 11, 88.2839262204);
INSERT INTO reading_data (reading_id, bin_id, bin_section_id, sensor_type_id, value) VALUES (26, 14, 13, 12, 86.8625877278);
INSERT INTO reading_data (reading_id, bin_id, bin_section_id, sensor_type_id, value) VALUES (26, 14, 13, 13, 0);
INSERT INTO reading_data (reading_id, bin_id, bin_section_id, sensor_type_id, value) VALUES (26, 14, 14, 10, 106.007803525);
INSERT INTO reading_data (reading_id, bin_id, bin_section_id, sensor_type_id, value) VALUES (26, 14, 14, 11, 99.9810423945);
INSERT INTO reading_data (reading_id, bin_id, bin_section_id, sensor_type_id, value) VALUES (26, 15, 13, 10, 112.547334821);
INSERT INTO reading_data (reading_id, bin_id, bin_section_id, sensor_type_id, value) VALUES (26, 15, 13, 11, 89.793050714);
INSERT INTO reading_data (reading_id, bin_id, bin_section_id, sensor_type_id, value) VALUES (26, 15, 13, 12, 126.146903876);
INSERT INTO reading_data (reading_id, bin_id, bin_section_id, sensor_type_id, value) VALUES (26, 15, 13, 13, 0);
INSERT INTO reading_data (reading_id, bin_id, bin_section_id, sensor_type_id, value) VALUES (26, 15, 14, 10, 118.031166377);
INSERT INTO reading_data (reading_id, bin_id, bin_section_id, sensor_type_id, value) VALUES (26, 15, 14, 11, 80.6182994991);
INSERT INTO reading_data (reading_id, bin_id, bin_section_id, sensor_type_id, value) VALUES (26, 17, 13, 10, 84.7730742379);
INSERT INTO reading_data (reading_id, bin_id, bin_section_id, sensor_type_id, value) VALUES (26, 17, 13, 11, 126.801541844);
INSERT INTO reading_data (reading_id, bin_id, bin_section_id, sensor_type_id, value) VALUES (26, 17, 13, 12, 83.4673585145);
INSERT INTO reading_data (reading_id, bin_id, bin_section_id, sensor_type_id, value) VALUES (26, 17, 13, 13, 0);
INSERT INTO reading_data (reading_id, bin_id, bin_section_id, sensor_type_id, value) VALUES (26, 17, 14, 10, 86.4104784663);
INSERT INTO reading_data (reading_id, bin_id, bin_section_id, sensor_type_id, value) VALUES (26, 17, 14, 11, 98.1013510304);
INSERT INTO reading_data (reading_id, bin_id, bin_section_id, sensor_type_id, value) VALUES (26, 21, 13, 10, 127.222808851);
INSERT INTO reading_data (reading_id, bin_id, bin_section_id, sensor_type_id, value) VALUES (26, 21, 13, 11, 116.479149245);
INSERT INTO reading_data (reading_id, bin_id, bin_section_id, sensor_type_id, value) VALUES (26, 21, 13, 12, 87.8958861036);
INSERT INTO reading_data (reading_id, bin_id, bin_section_id, sensor_type_id, value) VALUES (26, 21, 13, 13, 1);
INSERT INTO reading_data (reading_id, bin_id, bin_section_id, sensor_type_id, value) VALUES (26, 21, 14, 10, 107.232533092);
INSERT INTO reading_data (reading_id, bin_id, bin_section_id, sensor_type_id, value) VALUES (26, 21, 14, 11, 127.589403341);
INSERT INTO reading_data (reading_id, bin_id, bin_section_id, sensor_type_id, value) VALUES (26, 22, 13, 10, 129.55365214);
INSERT INTO reading_data (reading_id, bin_id, bin_section_id, sensor_type_id, value) VALUES (26, 22, 13, 11, 111.171520969);
INSERT INTO reading_data (reading_id, bin_id, bin_section_id, sensor_type_id, value) VALUES (26, 22, 13, 12, 95.0743994147);
INSERT INTO reading_data (reading_id, bin_id, bin_section_id, sensor_type_id, value) VALUES (26, 22, 13, 13, 0);
INSERT INTO reading_data (reading_id, bin_id, bin_section_id, sensor_type_id, value) VALUES (26, 22, 14, 10, 111.058986084);
INSERT INTO reading_data (reading_id, bin_id, bin_section_id, sensor_type_id, value) VALUES (26, 22, 14, 11, 112.033881554);
INSERT INTO reading_data (reading_id, bin_id, bin_section_id, sensor_type_id, value) VALUES (26, 23, 13, 10, 93.6412382512);
INSERT INTO reading_data (reading_id, bin_id, bin_section_id, sensor_type_id, value) VALUES (26, 23, 13, 11, 122.55834086);
INSERT INTO reading_data (reading_id, bin_id, bin_section_id, sensor_type_id, value) VALUES (26, 23, 13, 12, 123.578735805);
INSERT INTO reading_data (reading_id, bin_id, bin_section_id, sensor_type_id, value) VALUES (26, 23, 13, 13, 1);
INSERT INTO reading_data (reading_id, bin_id, bin_section_id, sensor_type_id, value) VALUES (26, 23, 14, 10, 112.559206746);
INSERT INTO reading_data (reading_id, bin_id, bin_section_id, sensor_type_id, value) VALUES (26, 23, 14, 11, 115.242425995);
INSERT INTO reading_data (reading_id, bin_id, bin_section_id, sensor_type_id, value) VALUES (26, 24, 13, 10, 119.577422568);
INSERT INTO reading_data (reading_id, bin_id, bin_section_id, sensor_type_id, value) VALUES (26, 24, 13, 11, 112.506506638);
INSERT INTO reading_data (reading_id, bin_id, bin_section_id, sensor_type_id, value) VALUES (26, 24, 13, 12, 105.91921851);
INSERT INTO reading_data (reading_id, bin_id, bin_section_id, sensor_type_id, value) VALUES (26, 24, 13, 13, 1);
INSERT INTO reading_data (reading_id, bin_id, bin_section_id, sensor_type_id, value) VALUES (26, 24, 14, 10, 117.820358901);
INSERT INTO reading_data (reading_id, bin_id, bin_section_id, sensor_type_id, value) VALUES (26, 24, 14, 11, 83.8692853412);
INSERT INTO reading_data (reading_id, bin_id, bin_section_id, sensor_type_id, value) VALUES (26, 25, 13, 10, 128.733101023);
INSERT INTO reading_data (reading_id, bin_id, bin_section_id, sensor_type_id, value) VALUES (26, 25, 13, 11, 109.447411257);
INSERT INTO reading_data (reading_id, bin_id, bin_section_id, sensor_type_id, value) VALUES (26, 25, 13, 12, 119.36372414);
INSERT INTO reading_data (reading_id, bin_id, bin_section_id, sensor_type_id, value) VALUES (26, 25, 13, 13, 1);
INSERT INTO reading_data (reading_id, bin_id, bin_section_id, sensor_type_id, value) VALUES (26, 25, 14, 10, 92.0500224301);
INSERT INTO reading_data (reading_id, bin_id, bin_section_id, sensor_type_id, value) VALUES (26, 25, 14, 11, 116.236101078);
INSERT INTO reading (id, datetime) VALUES (27, TIMESTAMP '2012-08-19 14:54:45');
INSERT INTO reading_data (reading_id, bin_id, bin_section_id, sensor_type_id, value) VALUES (27, 10, 10, 50, 121.103918749);
INSERT INTO reading_data (reading_id, bin_id, bin_section_id, sensor_type_id, value) VALUES (27, 10, 10, 51, 89.9835393057);
INSERT INTO reading_data (reading_id, bin_id, bin_section_id, sensor_type_id, value) VALUES (27, 10, 10, 40, 115.18919485);
INSERT INTO reading_data (reading_id, bin_id, bin_section_id, sensor_type_id, value) VALUES (27, 19, 10, 50, 116.823853002);
INSERT INTO reading_data (reading_id, bin_id, bin_section_id, sensor_type_id, value) VALUES (27, 19, 10, 51, 117.045996643);
INSERT INTO reading_data (reading_id, bin_id, bin_section_id, sensor_type_id, value) VALUES (27, 19, 10, 40, 102.321111303);
INSERT INTO reading_data (reading_id, bin_id, bin_section_id, sensor_type_id, value) VALUES (27, 11, 11, 20, 106.831052953);
INSERT INTO reading_data (reading_id, bin_id, bin_section_id, sensor_type_id, value) VALUES (27, 11, 11, 21, 115.52687369);
INSERT INTO reading_data (reading_id, bin_id, bin_section_id, sensor_type_id, value) VALUES (27, 11, 11, 10, 87.0431137123);
INSERT INTO reading_data (reading_id, bin_id, bin_section_id, sensor_type_id, value) VALUES (27, 11, 11, 11, 111.510609769);
INSERT INTO reading_data (reading_id, bin_id, bin_section_id, sensor_type_id, value) VALUES (27, 21, 11, 20, 81.1109984902);
INSERT INTO reading_data (reading_id, bin_id, bin_section_id, sensor_type_id, value) VALUES (27, 21, 11, 21, 114.759209508);
INSERT INTO reading_data (reading_id, bin_id, bin_section_id, sensor_type_id, value) VALUES (27, 21, 11, 10, 86.7874353319);
INSERT INTO reading_data (reading_id, bin_id, bin_section_id, sensor_type_id, value) VALUES (27, 21, 11, 11, 97.3509008502);
INSERT INTO reading_data (reading_id, bin_id, bin_section_id, sensor_type_id, value) VALUES (27, 9, 14, 10, 118.886872665);
INSERT INTO reading_data (reading_id, bin_id, bin_section_id, sensor_type_id, value) VALUES (27, 9, 14, 11, 106.573377229);
INSERT INTO reading_data (reading_id, bin_id, bin_section_id, sensor_type_id, value) VALUES (27, 12, 13, 10, 129.273022208);
INSERT INTO reading_data (reading_id, bin_id, bin_section_id, sensor_type_id, value) VALUES (27, 12, 13, 11, 107.381029371);
INSERT INTO reading_data (reading_id, bin_id, bin_section_id, sensor_type_id, value) VALUES (27, 12, 13, 12, 88.5137808628);
INSERT INTO reading_data (reading_id, bin_id, bin_section_id, sensor_type_id, value) VALUES (27, 12, 13, 13, 0);
INSERT INTO reading_data (reading_id, bin_id, bin_section_id, sensor_type_id, value) VALUES (27, 12, 14, 10, 104.462942688);
INSERT INTO reading_data (reading_id, bin_id, bin_section_id, sensor_type_id, value) VALUES (27, 12, 14, 11, 99.8079250281);
INSERT INTO reading_data (reading_id, bin_id, bin_section_id, sensor_type_id, value) VALUES (27, 13, 13, 10, 85.3667449756);
INSERT INTO reading_data (reading_id, bin_id, bin_section_id, sensor_type_id, value) VALUES (27, 13, 13, 11, 113.059074841);
INSERT INTO reading_data (reading_id, bin_id, bin_section_id, sensor_type_id, value) VALUES (27, 13, 13, 12, 111.210399412);
INSERT INTO reading_data (reading_id, bin_id, bin_section_id, sensor_type_id, value) VALUES (27, 13, 13, 13, 0);
INSERT INTO reading_data (reading_id, bin_id, bin_section_id, sensor_type_id, value) VALUES (27, 13, 14, 10, 95.9214666823);
INSERT INTO reading_data (reading_id, bin_id, bin_section_id, sensor_type_id, value) VALUES (27, 13, 14, 11, 82.9256907059);
INSERT INTO reading_data (reading_id, bin_id, bin_section_id, sensor_type_id, value) VALUES (27, 14, 13, 10, 121.204153838);
INSERT INTO reading_data (reading_id, bin_id, bin_section_id, sensor_type_id, value) VALUES (27, 14, 13, 11, 122.457780454);
INSERT INTO reading_data (reading_id, bin_id, bin_section_id, sensor_type_id, value) VALUES (27, 14, 13, 12, 84.480280145);
INSERT INTO reading_data (reading_id, bin_id, bin_section_id, sensor_type_id, value) VALUES (27, 14, 13, 13, 1);
INSERT INTO reading_data (reading_id, bin_id, bin_section_id, sensor_type_id, value) VALUES (27, 14, 14, 10, 101.77166954);
INSERT INTO reading_data (reading_id, bin_id, bin_section_id, sensor_type_id, value) VALUES (27, 14, 14, 11, 116.367242735);
INSERT INTO reading_data (reading_id, bin_id, bin_section_id, sensor_type_id, value) VALUES (27, 15, 13, 10, 90.7385668607);
INSERT INTO reading_data (reading_id, bin_id, bin_section_id, sensor_type_id, value) VALUES (27, 15, 13, 11, 83.9676710267);
INSERT INTO reading_data (reading_id, bin_id, bin_section_id, sensor_type_id, value) VALUES (27, 15, 13, 12, 117.120620625);
INSERT INTO reading_data (reading_id, bin_id, bin_section_id, sensor_type_id, value) VALUES (27, 15, 13, 13, 1);
INSERT INTO reading_data (reading_id, bin_id, bin_section_id, sensor_type_id, value) VALUES (27, 15, 14, 10, 112.943234448);
INSERT INTO reading_data (reading_id, bin_id, bin_section_id, sensor_type_id, value) VALUES (27, 15, 14, 11, 112.258926942);
INSERT INTO reading_data (reading_id, bin_id, bin_section_id, sensor_type_id, value) VALUES (27, 17, 13, 10, 96.6993730845);
INSERT INTO reading_data (reading_id, bin_id, bin_section_id, sensor_type_id, value) VALUES (27, 17, 13, 11, 83.9767665295);
INSERT INTO reading_data (reading_id, bin_id, bin_section_id, sensor_type_id, value) VALUES (27, 17, 13, 12, 101.210848458);
INSERT INTO reading_data (reading_id, bin_id, bin_section_id, sensor_type_id, value) VALUES (27, 17, 13, 13, 0);
INSERT INTO reading_data (reading_id, bin_id, bin_section_id, sensor_type_id, value) VALUES (27, 17, 14, 10, 84.9877764279);
INSERT INTO reading_data (reading_id, bin_id, bin_section_id, sensor_type_id, value) VALUES (27, 17, 14, 11, 102.68166263);
INSERT INTO reading_data (reading_id, bin_id, bin_section_id, sensor_type_id, value) VALUES (27, 21, 13, 10, 96.693354655);
INSERT INTO reading_data (reading_id, bin_id, bin_section_id, sensor_type_id, value) VALUES (27, 21, 13, 11, 92.9233111732);
INSERT INTO reading_data (reading_id, bin_id, bin_section_id, sensor_type_id, value) VALUES (27, 21, 13, 12, 93.5202016063);
INSERT INTO reading_data (reading_id, bin_id, bin_section_id, sensor_type_id, value) VALUES (27, 21, 13, 13, 0);
INSERT INTO reading_data (reading_id, bin_id, bin_section_id, sensor_type_id, value) VALUES (27, 21, 14, 10, 107.457941139);
INSERT INTO reading_data (reading_id, bin_id, bin_section_id, sensor_type_id, value) VALUES (27, 21, 14, 11, 106.732241311);
INSERT INTO reading_data (reading_id, bin_id, bin_section_id, sensor_type_id, value) VALUES (27, 22, 13, 10, 100.126501494);
INSERT INTO reading_data (reading_id, bin_id, bin_section_id, sensor_type_id, value) VALUES (27, 22, 13, 11, 86.9071738757);
INSERT INTO reading_data (reading_id, bin_id, bin_section_id, sensor_type_id, value) VALUES (27, 22, 13, 12, 112.322248837);
INSERT INTO reading_data (reading_id, bin_id, bin_section_id, sensor_type_id, value) VALUES (27, 22, 13, 13, 0);
INSERT INTO reading_data (reading_id, bin_id, bin_section_id, sensor_type_id, value) VALUES (27, 22, 14, 10, 98.546438236);
INSERT INTO reading_data (reading_id, bin_id, bin_section_id, sensor_type_id, value) VALUES (27, 22, 14, 11, 82.3024195449);
INSERT INTO reading_data (reading_id, bin_id, bin_section_id, sensor_type_id, value) VALUES (27, 23, 13, 10, 105.923590312);
INSERT INTO reading_data (reading_id, bin_id, bin_section_id, sensor_type_id, value) VALUES (27, 23, 13, 11, 109.682653928);
INSERT INTO reading_data (reading_id, bin_id, bin_section_id, sensor_type_id, value) VALUES (27, 23, 13, 12, 89.537233804);
INSERT INTO reading_data (reading_id, bin_id, bin_section_id, sensor_type_id, value) VALUES (27, 23, 13, 13, 1);
INSERT INTO reading_data (reading_id, bin_id, bin_section_id, sensor_type_id, value) VALUES (27, 23, 14, 10, 95.4795841138);
INSERT INTO reading_data (reading_id, bin_id, bin_section_id, sensor_type_id, value) VALUES (27, 23, 14, 11, 126.008748005);
INSERT INTO reading_data (reading_id, bin_id, bin_section_id, sensor_type_id, value) VALUES (27, 24, 13, 10, 113.773227365);
INSERT INTO reading_data (reading_id, bin_id, bin_section_id, sensor_type_id, value) VALUES (27, 24, 13, 11, 96.6644290089);
INSERT INTO reading_data (reading_id, bin_id, bin_section_id, sensor_type_id, value) VALUES (27, 24, 13, 12, 115.78844844);
INSERT INTO reading_data (reading_id, bin_id, bin_section_id, sensor_type_id, value) VALUES (27, 24, 13, 13, 0);
INSERT INTO reading_data (reading_id, bin_id, bin_section_id, sensor_type_id, value) VALUES (27, 24, 14, 10, 113.909223219);
INSERT INTO reading_data (reading_id, bin_id, bin_section_id, sensor_type_id, value) VALUES (27, 24, 14, 11, 110.679041731);
INSERT INTO reading_data (reading_id, bin_id, bin_section_id, sensor_type_id, value) VALUES (27, 25, 13, 10, 103.528118787);
INSERT INTO reading_data (reading_id, bin_id, bin_section_id, sensor_type_id, value) VALUES (27, 25, 13, 11, 100.08744342);
INSERT INTO reading_data (reading_id, bin_id, bin_section_id, sensor_type_id, value) VALUES (27, 25, 13, 12, 90.5757308478);
INSERT INTO reading_data (reading_id, bin_id, bin_section_id, sensor_type_id, value) VALUES (27, 25, 13, 13, 1);
INSERT INTO reading_data (reading_id, bin_id, bin_section_id, sensor_type_id, value) VALUES (27, 25, 14, 10, 81.3502774408);
INSERT INTO reading_data (reading_id, bin_id, bin_section_id, sensor_type_id, value) VALUES (27, 25, 14, 11, 89.142801349);
INSERT INTO reading (id, datetime) VALUES (28, TIMESTAMP '2012-08-19 14:59:45');
INSERT INTO reading_data (reading_id, bin_id, bin_section_id, sensor_type_id, value) VALUES (28, 10, 10, 50, 104.394405773);
INSERT INTO reading_data (reading_id, bin_id, bin_section_id, sensor_type_id, value) VALUES (28, 10, 10, 51, 96.8339978438);
INSERT INTO reading_data (reading_id, bin_id, bin_section_id, sensor_type_id, value) VALUES (28, 10, 10, 40, 95.1579885127);
INSERT INTO reading_data (reading_id, bin_id, bin_section_id, sensor_type_id, value) VALUES (28, 19, 10, 50, 118.111356158);
INSERT INTO reading_data (reading_id, bin_id, bin_section_id, sensor_type_id, value) VALUES (28, 19, 10, 51, 111.19541294);
INSERT INTO reading_data (reading_id, bin_id, bin_section_id, sensor_type_id, value) VALUES (28, 19, 10, 40, 129.027805605);
INSERT INTO reading_data (reading_id, bin_id, bin_section_id, sensor_type_id, value) VALUES (28, 11, 11, 20, 92.7173993025);
INSERT INTO reading_data (reading_id, bin_id, bin_section_id, sensor_type_id, value) VALUES (28, 11, 11, 21, 86.4453707525);
INSERT INTO reading_data (reading_id, bin_id, bin_section_id, sensor_type_id, value) VALUES (28, 11, 11, 10, 109.673085022);
INSERT INTO reading_data (reading_id, bin_id, bin_section_id, sensor_type_id, value) VALUES (28, 11, 11, 11, 127.804964213);
INSERT INTO reading_data (reading_id, bin_id, bin_section_id, sensor_type_id, value) VALUES (28, 21, 11, 20, 84.9343504183);
INSERT INTO reading_data (reading_id, bin_id, bin_section_id, sensor_type_id, value) VALUES (28, 21, 11, 21, 119.161216891);
INSERT INTO reading_data (reading_id, bin_id, bin_section_id, sensor_type_id, value) VALUES (28, 21, 11, 10, 101.171266525);
INSERT INTO reading_data (reading_id, bin_id, bin_section_id, sensor_type_id, value) VALUES (28, 21, 11, 11, 99.4431898903);
INSERT INTO reading_data (reading_id, bin_id, bin_section_id, sensor_type_id, value) VALUES (28, 9, 14, 10, 121.746447982);
INSERT INTO reading_data (reading_id, bin_id, bin_section_id, sensor_type_id, value) VALUES (28, 9, 14, 11, 95.7530374554);
INSERT INTO reading_data (reading_id, bin_id, bin_section_id, sensor_type_id, value) VALUES (28, 12, 13, 10, 128.811152729);
INSERT INTO reading_data (reading_id, bin_id, bin_section_id, sensor_type_id, value) VALUES (28, 12, 13, 11, 123.84865091);
INSERT INTO reading_data (reading_id, bin_id, bin_section_id, sensor_type_id, value) VALUES (28, 12, 13, 12, 121.929130686);
INSERT INTO reading_data (reading_id, bin_id, bin_section_id, sensor_type_id, value) VALUES (28, 12, 13, 13, 1);
INSERT INTO reading_data (reading_id, bin_id, bin_section_id, sensor_type_id, value) VALUES (28, 12, 14, 10, 120.14018432);
INSERT INTO reading_data (reading_id, bin_id, bin_section_id, sensor_type_id, value) VALUES (28, 12, 14, 11, 101.497209676);
INSERT INTO reading_data (reading_id, bin_id, bin_section_id, sensor_type_id, value) VALUES (28, 13, 13, 10, 84.4607652089);
INSERT INTO reading_data (reading_id, bin_id, bin_section_id, sensor_type_id, value) VALUES (28, 13, 13, 11, 113.735706743);
INSERT INTO reading_data (reading_id, bin_id, bin_section_id, sensor_type_id, value) VALUES (28, 13, 13, 12, 111.964712105);
INSERT INTO reading_data (reading_id, bin_id, bin_section_id, sensor_type_id, value) VALUES (28, 13, 13, 13, 1);
INSERT INTO reading_data (reading_id, bin_id, bin_section_id, sensor_type_id, value) VALUES (28, 13, 14, 10, 90.387050688);
INSERT INTO reading_data (reading_id, bin_id, bin_section_id, sensor_type_id, value) VALUES (28, 13, 14, 11, 96.4768546142);
INSERT INTO reading_data (reading_id, bin_id, bin_section_id, sensor_type_id, value) VALUES (28, 14, 13, 10, 99.2056982051);
INSERT INTO reading_data (reading_id, bin_id, bin_section_id, sensor_type_id, value) VALUES (28, 14, 13, 11, 129.699741604);
INSERT INTO reading_data (reading_id, bin_id, bin_section_id, sensor_type_id, value) VALUES (28, 14, 13, 12, 129.935258538);
INSERT INTO reading_data (reading_id, bin_id, bin_section_id, sensor_type_id, value) VALUES (28, 14, 13, 13, 0);
INSERT INTO reading_data (reading_id, bin_id, bin_section_id, sensor_type_id, value) VALUES (28, 14, 14, 10, 86.5276771529);
INSERT INTO reading_data (reading_id, bin_id, bin_section_id, sensor_type_id, value) VALUES (28, 14, 14, 11, 109.557209322);
INSERT INTO reading_data (reading_id, bin_id, bin_section_id, sensor_type_id, value) VALUES (28, 15, 13, 10, 129.706460624);
INSERT INTO reading_data (reading_id, bin_id, bin_section_id, sensor_type_id, value) VALUES (28, 15, 13, 11, 125.71724742);
INSERT INTO reading_data (reading_id, bin_id, bin_section_id, sensor_type_id, value) VALUES (28, 15, 13, 12, 110.587725773);
INSERT INTO reading_data (reading_id, bin_id, bin_section_id, sensor_type_id, value) VALUES (28, 15, 13, 13, 0);
INSERT INTO reading_data (reading_id, bin_id, bin_section_id, sensor_type_id, value) VALUES (28, 15, 14, 10, 112.233542392);
INSERT INTO reading_data (reading_id, bin_id, bin_section_id, sensor_type_id, value) VALUES (28, 15, 14, 11, 90.7970651076);
INSERT INTO reading_data (reading_id, bin_id, bin_section_id, sensor_type_id, value) VALUES (28, 17, 13, 10, 109.564612312);
INSERT INTO reading_data (reading_id, bin_id, bin_section_id, sensor_type_id, value) VALUES (28, 17, 13, 11, 101.381849395);
INSERT INTO reading_data (reading_id, bin_id, bin_section_id, sensor_type_id, value) VALUES (28, 17, 13, 12, 120.070972881);
INSERT INTO reading_data (reading_id, bin_id, bin_section_id, sensor_type_id, value) VALUES (28, 17, 13, 13, 1);
INSERT INTO reading_data (reading_id, bin_id, bin_section_id, sensor_type_id, value) VALUES (28, 17, 14, 10, 80.6136690059);
INSERT INTO reading_data (reading_id, bin_id, bin_section_id, sensor_type_id, value) VALUES (28, 17, 14, 11, 83.947355464);
INSERT INTO reading_data (reading_id, bin_id, bin_section_id, sensor_type_id, value) VALUES (28, 21, 13, 10, 112.646813235);
INSERT INTO reading_data (reading_id, bin_id, bin_section_id, sensor_type_id, value) VALUES (28, 21, 13, 11, 87.6063165121);
INSERT INTO reading_data (reading_id, bin_id, bin_section_id, sensor_type_id, value) VALUES (28, 21, 13, 12, 104.389283417);
INSERT INTO reading_data (reading_id, bin_id, bin_section_id, sensor_type_id, value) VALUES (28, 21, 13, 13, 0);
INSERT INTO reading_data (reading_id, bin_id, bin_section_id, sensor_type_id, value) VALUES (28, 21, 14, 10, 123.180442869);
INSERT INTO reading_data (reading_id, bin_id, bin_section_id, sensor_type_id, value) VALUES (28, 21, 14, 11, 122.212284182);
INSERT INTO reading_data (reading_id, bin_id, bin_section_id, sensor_type_id, value) VALUES (28, 22, 13, 10, 80.8027030004);
INSERT INTO reading_data (reading_id, bin_id, bin_section_id, sensor_type_id, value) VALUES (28, 22, 13, 11, 82.561656394);
INSERT INTO reading_data (reading_id, bin_id, bin_section_id, sensor_type_id, value) VALUES (28, 22, 13, 12, 104.862779398);
INSERT INTO reading_data (reading_id, bin_id, bin_section_id, sensor_type_id, value) VALUES (28, 22, 13, 13, 1);
INSERT INTO reading_data (reading_id, bin_id, bin_section_id, sensor_type_id, value) VALUES (28, 22, 14, 10, 97.3924700317);
INSERT INTO reading_data (reading_id, bin_id, bin_section_id, sensor_type_id, value) VALUES (28, 22, 14, 11, 98.3472508653);
INSERT INTO reading_data (reading_id, bin_id, bin_section_id, sensor_type_id, value) VALUES (28, 23, 13, 10, 126.273127694);
INSERT INTO reading_data (reading_id, bin_id, bin_section_id, sensor_type_id, value) VALUES (28, 23, 13, 11, 99.3110629873);
INSERT INTO reading_data (reading_id, bin_id, bin_section_id, sensor_type_id, value) VALUES (28, 23, 13, 12, 105.946126963);
INSERT INTO reading_data (reading_id, bin_id, bin_section_id, sensor_type_id, value) VALUES (28, 23, 13, 13, 0);
INSERT INTO reading_data (reading_id, bin_id, bin_section_id, sensor_type_id, value) VALUES (28, 23, 14, 10, 83.5837682209);
INSERT INTO reading_data (reading_id, bin_id, bin_section_id, sensor_type_id, value) VALUES (28, 23, 14, 11, 87.2909989896);
INSERT INTO reading_data (reading_id, bin_id, bin_section_id, sensor_type_id, value) VALUES (28, 24, 13, 10, 124.383911119);
INSERT INTO reading_data (reading_id, bin_id, bin_section_id, sensor_type_id, value) VALUES (28, 24, 13, 11, 85.2322802506);
INSERT INTO reading_data (reading_id, bin_id, bin_section_id, sensor_type_id, value) VALUES (28, 24, 13, 12, 102.18766149);
INSERT INTO reading_data (reading_id, bin_id, bin_section_id, sensor_type_id, value) VALUES (28, 24, 13, 13, 0);
INSERT INTO reading_data (reading_id, bin_id, bin_section_id, sensor_type_id, value) VALUES (28, 24, 14, 10, 85.8040873062);
INSERT INTO reading_data (reading_id, bin_id, bin_section_id, sensor_type_id, value) VALUES (28, 24, 14, 11, 104.466492442);
INSERT INTO reading_data (reading_id, bin_id, bin_section_id, sensor_type_id, value) VALUES (28, 25, 13, 10, 85.6931622929);
INSERT INTO reading_data (reading_id, bin_id, bin_section_id, sensor_type_id, value) VALUES (28, 25, 13, 11, 81.790732209);
INSERT INTO reading_data (reading_id, bin_id, bin_section_id, sensor_type_id, value) VALUES (28, 25, 13, 12, 119.560484932);
INSERT INTO reading_data (reading_id, bin_id, bin_section_id, sensor_type_id, value) VALUES (28, 25, 13, 13, 0);
INSERT INTO reading_data (reading_id, bin_id, bin_section_id, sensor_type_id, value) VALUES (28, 25, 14, 10, 124.686850622);
INSERT INTO reading_data (reading_id, bin_id, bin_section_id, sensor_type_id, value) VALUES (28, 25, 14, 11, 104.423770968);
INSERT INTO reading (id, datetime) VALUES (29, TIMESTAMP '2012-08-19 15:04:45');
INSERT INTO reading_data (reading_id, bin_id, bin_section_id, sensor_type_id, value) VALUES (29, 10, 10, 50, 115.381887374);
INSERT INTO reading_data (reading_id, bin_id, bin_section_id, sensor_type_id, value) VALUES (29, 10, 10, 51, 87.5274564042);
INSERT INTO reading_data (reading_id, bin_id, bin_section_id, sensor_type_id, value) VALUES (29, 10, 10, 40, 113.830043927);
INSERT INTO reading_data (reading_id, bin_id, bin_section_id, sensor_type_id, value) VALUES (29, 19, 10, 50, 112.315674684);
INSERT INTO reading_data (reading_id, bin_id, bin_section_id, sensor_type_id, value) VALUES (29, 19, 10, 51, 106.314558764);
INSERT INTO reading_data (reading_id, bin_id, bin_section_id, sensor_type_id, value) VALUES (29, 19, 10, 40, 112.29271494);
INSERT INTO reading_data (reading_id, bin_id, bin_section_id, sensor_type_id, value) VALUES (29, 11, 11, 20, 126.416871679);
INSERT INTO reading_data (reading_id, bin_id, bin_section_id, sensor_type_id, value) VALUES (29, 11, 11, 21, 122.64246168);
INSERT INTO reading_data (reading_id, bin_id, bin_section_id, sensor_type_id, value) VALUES (29, 11, 11, 10, 82.0402469471);
INSERT INTO reading_data (reading_id, bin_id, bin_section_id, sensor_type_id, value) VALUES (29, 11, 11, 11, 101.85082635);
INSERT INTO reading_data (reading_id, bin_id, bin_section_id, sensor_type_id, value) VALUES (29, 21, 11, 20, 105.42501141);
INSERT INTO reading_data (reading_id, bin_id, bin_section_id, sensor_type_id, value) VALUES (29, 21, 11, 21, 93.0347804445);
INSERT INTO reading_data (reading_id, bin_id, bin_section_id, sensor_type_id, value) VALUES (29, 21, 11, 10, 97.6852510838);
INSERT INTO reading_data (reading_id, bin_id, bin_section_id, sensor_type_id, value) VALUES (29, 21, 11, 11, 83.3340960833);
INSERT INTO reading_data (reading_id, bin_id, bin_section_id, sensor_type_id, value) VALUES (29, 9, 14, 10, 102.714360531);
INSERT INTO reading_data (reading_id, bin_id, bin_section_id, sensor_type_id, value) VALUES (29, 9, 14, 11, 117.855701184);
INSERT INTO reading_data (reading_id, bin_id, bin_section_id, sensor_type_id, value) VALUES (29, 12, 13, 10, 97.9308438785);
INSERT INTO reading_data (reading_id, bin_id, bin_section_id, sensor_type_id, value) VALUES (29, 12, 13, 11, 90.887409745);
INSERT INTO reading_data (reading_id, bin_id, bin_section_id, sensor_type_id, value) VALUES (29, 12, 13, 12, 99.0683700135);
INSERT INTO reading_data (reading_id, bin_id, bin_section_id, sensor_type_id, value) VALUES (29, 12, 13, 13, 1);
INSERT INTO reading_data (reading_id, bin_id, bin_section_id, sensor_type_id, value) VALUES (29, 12, 14, 10, 115.915321406);
INSERT INTO reading_data (reading_id, bin_id, bin_section_id, sensor_type_id, value) VALUES (29, 12, 14, 11, 102.451073321);
INSERT INTO reading_data (reading_id, bin_id, bin_section_id, sensor_type_id, value) VALUES (29, 13, 13, 10, 127.327320966);
INSERT INTO reading_data (reading_id, bin_id, bin_section_id, sensor_type_id, value) VALUES (29, 13, 13, 11, 93.6305047984);
INSERT INTO reading_data (reading_id, bin_id, bin_section_id, sensor_type_id, value) VALUES (29, 13, 13, 12, 111.853482538);
INSERT INTO reading_data (reading_id, bin_id, bin_section_id, sensor_type_id, value) VALUES (29, 13, 13, 13, 0);
INSERT INTO reading_data (reading_id, bin_id, bin_section_id, sensor_type_id, value) VALUES (29, 13, 14, 10, 108.028896515);
INSERT INTO reading_data (reading_id, bin_id, bin_section_id, sensor_type_id, value) VALUES (29, 13, 14, 11, 83.183674199);
INSERT INTO reading_data (reading_id, bin_id, bin_section_id, sensor_type_id, value) VALUES (29, 14, 13, 10, 95.6923556024);
INSERT INTO reading_data (reading_id, bin_id, bin_section_id, sensor_type_id, value) VALUES (29, 14, 13, 11, 128.418786813);
INSERT INTO reading_data (reading_id, bin_id, bin_section_id, sensor_type_id, value) VALUES (29, 14, 13, 12, 87.7232038934);
INSERT INTO reading_data (reading_id, bin_id, bin_section_id, sensor_type_id, value) VALUES (29, 14, 13, 13, 0);
INSERT INTO reading_data (reading_id, bin_id, bin_section_id, sensor_type_id, value) VALUES (29, 14, 14, 10, 119.056765916);
INSERT INTO reading_data (reading_id, bin_id, bin_section_id, sensor_type_id, value) VALUES (29, 14, 14, 11, 93.6082128888);
INSERT INTO reading_data (reading_id, bin_id, bin_section_id, sensor_type_id, value) VALUES (29, 15, 13, 10, 111.641319796);
INSERT INTO reading_data (reading_id, bin_id, bin_section_id, sensor_type_id, value) VALUES (29, 15, 13, 11, 95.6927394607);
INSERT INTO reading_data (reading_id, bin_id, bin_section_id, sensor_type_id, value) VALUES (29, 15, 13, 12, 101.701923044);
INSERT INTO reading_data (reading_id, bin_id, bin_section_id, sensor_type_id, value) VALUES (29, 15, 13, 13, 0);
INSERT INTO reading_data (reading_id, bin_id, bin_section_id, sensor_type_id, value) VALUES (29, 15, 14, 10, 82.5511520246);
INSERT INTO reading_data (reading_id, bin_id, bin_section_id, sensor_type_id, value) VALUES (29, 15, 14, 11, 123.868644441);
INSERT INTO reading_data (reading_id, bin_id, bin_section_id, sensor_type_id, value) VALUES (29, 17, 13, 10, 111.731022335);
INSERT INTO reading_data (reading_id, bin_id, bin_section_id, sensor_type_id, value) VALUES (29, 17, 13, 11, 105.5023645);
INSERT INTO reading_data (reading_id, bin_id, bin_section_id, sensor_type_id, value) VALUES (29, 17, 13, 12, 100.519427978);
INSERT INTO reading_data (reading_id, bin_id, bin_section_id, sensor_type_id, value) VALUES (29, 17, 13, 13, 0);
INSERT INTO reading_data (reading_id, bin_id, bin_section_id, sensor_type_id, value) VALUES (29, 17, 14, 10, 128.02949218);
INSERT INTO reading_data (reading_id, bin_id, bin_section_id, sensor_type_id, value) VALUES (29, 17, 14, 11, 123.565355502);
INSERT INTO reading_data (reading_id, bin_id, bin_section_id, sensor_type_id, value) VALUES (29, 21, 13, 10, 80.1046892742);
INSERT INTO reading_data (reading_id, bin_id, bin_section_id, sensor_type_id, value) VALUES (29, 21, 13, 11, 96.0700248821);
INSERT INTO reading_data (reading_id, bin_id, bin_section_id, sensor_type_id, value) VALUES (29, 21, 13, 12, 86.8077900096);
INSERT INTO reading_data (reading_id, bin_id, bin_section_id, sensor_type_id, value) VALUES (29, 21, 13, 13, 1);
INSERT INTO reading_data (reading_id, bin_id, bin_section_id, sensor_type_id, value) VALUES (29, 21, 14, 10, 115.864167567);
INSERT INTO reading_data (reading_id, bin_id, bin_section_id, sensor_type_id, value) VALUES (29, 21, 14, 11, 80.777418943);
INSERT INTO reading_data (reading_id, bin_id, bin_section_id, sensor_type_id, value) VALUES (29, 22, 13, 10, 96.366573141);
INSERT INTO reading_data (reading_id, bin_id, bin_section_id, sensor_type_id, value) VALUES (29, 22, 13, 11, 96.5419246314);
INSERT INTO reading_data (reading_id, bin_id, bin_section_id, sensor_type_id, value) VALUES (29, 22, 13, 12, 103.054478043);
INSERT INTO reading_data (reading_id, bin_id, bin_section_id, sensor_type_id, value) VALUES (29, 22, 13, 13, 0);
INSERT INTO reading_data (reading_id, bin_id, bin_section_id, sensor_type_id, value) VALUES (29, 22, 14, 10, 89.3292366861);
INSERT INTO reading_data (reading_id, bin_id, bin_section_id, sensor_type_id, value) VALUES (29, 22, 14, 11, 117.638856991);
INSERT INTO reading_data (reading_id, bin_id, bin_section_id, sensor_type_id, value) VALUES (29, 23, 13, 10, 93.467245391);
INSERT INTO reading_data (reading_id, bin_id, bin_section_id, sensor_type_id, value) VALUES (29, 23, 13, 11, 112.093792439);
INSERT INTO reading_data (reading_id, bin_id, bin_section_id, sensor_type_id, value) VALUES (29, 23, 13, 12, 105.931733648);
INSERT INTO reading_data (reading_id, bin_id, bin_section_id, sensor_type_id, value) VALUES (29, 23, 13, 13, 0);
INSERT INTO reading_data (reading_id, bin_id, bin_section_id, sensor_type_id, value) VALUES (29, 23, 14, 10, 116.799283399);
INSERT INTO reading_data (reading_id, bin_id, bin_section_id, sensor_type_id, value) VALUES (29, 23, 14, 11, 90.6103330443);
INSERT INTO reading_data (reading_id, bin_id, bin_section_id, sensor_type_id, value) VALUES (29, 24, 13, 10, 110.024188027);
INSERT INTO reading_data (reading_id, bin_id, bin_section_id, sensor_type_id, value) VALUES (29, 24, 13, 11, 121.55863393);
INSERT INTO reading_data (reading_id, bin_id, bin_section_id, sensor_type_id, value) VALUES (29, 24, 13, 12, 95.156666468);
INSERT INTO reading_data (reading_id, bin_id, bin_section_id, sensor_type_id, value) VALUES (29, 24, 13, 13, 1);
INSERT INTO reading_data (reading_id, bin_id, bin_section_id, sensor_type_id, value) VALUES (29, 24, 14, 10, 90.4739034674);
INSERT INTO reading_data (reading_id, bin_id, bin_section_id, sensor_type_id, value) VALUES (29, 24, 14, 11, 113.606851521);
INSERT INTO reading_data (reading_id, bin_id, bin_section_id, sensor_type_id, value) VALUES (29, 25, 13, 10, 84.7493971315);
INSERT INTO reading_data (reading_id, bin_id, bin_section_id, sensor_type_id, value) VALUES (29, 25, 13, 11, 123.170345132);
INSERT INTO reading_data (reading_id, bin_id, bin_section_id, sensor_type_id, value) VALUES (29, 25, 13, 12, 100.126072644);
INSERT INTO reading_data (reading_id, bin_id, bin_section_id, sensor_type_id, value) VALUES (29, 25, 13, 13, 1);
INSERT INTO reading_data (reading_id, bin_id, bin_section_id, sensor_type_id, value) VALUES (29, 25, 14, 10, 86.6839612195);
INSERT INTO reading_data (reading_id, bin_id, bin_section_id, sensor_type_id, value) VALUES (29, 25, 14, 11, 106.832630262);
INSERT INTO reading (id, datetime) VALUES (30, TIMESTAMP '2012-08-19 15:09:45');
INSERT INTO reading_data (reading_id, bin_id, bin_section_id, sensor_type_id, value) VALUES (30, 10, 10, 50, 129.038959414);
INSERT INTO reading_data (reading_id, bin_id, bin_section_id, sensor_type_id, value) VALUES (30, 10, 10, 51, 125.103315075);
INSERT INTO reading_data (reading_id, bin_id, bin_section_id, sensor_type_id, value) VALUES (30, 10, 10, 40, 112.469689884);
INSERT INTO reading_data (reading_id, bin_id, bin_section_id, sensor_type_id, value) VALUES (30, 19, 10, 50, 83.533714452);
INSERT INTO reading_data (reading_id, bin_id, bin_section_id, sensor_type_id, value) VALUES (30, 19, 10, 51, 83.0050536512);
INSERT INTO reading_data (reading_id, bin_id, bin_section_id, sensor_type_id, value) VALUES (30, 19, 10, 40, 84.9608689161);
INSERT INTO reading_data (reading_id, bin_id, bin_section_id, sensor_type_id, value) VALUES (30, 11, 11, 20, 88.8314412838);
INSERT INTO reading_data (reading_id, bin_id, bin_section_id, sensor_type_id, value) VALUES (30, 11, 11, 21, 105.975021521);
INSERT INTO reading_data (reading_id, bin_id, bin_section_id, sensor_type_id, value) VALUES (30, 11, 11, 10, 103.015786496);
INSERT INTO reading_data (reading_id, bin_id, bin_section_id, sensor_type_id, value) VALUES (30, 11, 11, 11, 102.300447207);
INSERT INTO reading_data (reading_id, bin_id, bin_section_id, sensor_type_id, value) VALUES (30, 21, 11, 20, 117.94598585);
INSERT INTO reading_data (reading_id, bin_id, bin_section_id, sensor_type_id, value) VALUES (30, 21, 11, 21, 100.433924589);
INSERT INTO reading_data (reading_id, bin_id, bin_section_id, sensor_type_id, value) VALUES (30, 21, 11, 10, 101.100069259);
INSERT INTO reading_data (reading_id, bin_id, bin_section_id, sensor_type_id, value) VALUES (30, 21, 11, 11, 93.3392995203);
INSERT INTO reading_data (reading_id, bin_id, bin_section_id, sensor_type_id, value) VALUES (30, 9, 14, 10, 120.685855169);
INSERT INTO reading_data (reading_id, bin_id, bin_section_id, sensor_type_id, value) VALUES (30, 9, 14, 11, 104.524664472);
INSERT INTO reading_data (reading_id, bin_id, bin_section_id, sensor_type_id, value) VALUES (30, 12, 13, 10, 81.778864559);
INSERT INTO reading_data (reading_id, bin_id, bin_section_id, sensor_type_id, value) VALUES (30, 12, 13, 11, 126.249786779);
INSERT INTO reading_data (reading_id, bin_id, bin_section_id, sensor_type_id, value) VALUES (30, 12, 13, 12, 91.9310674695);
INSERT INTO reading_data (reading_id, bin_id, bin_section_id, sensor_type_id, value) VALUES (30, 12, 13, 13, 1);
INSERT INTO reading_data (reading_id, bin_id, bin_section_id, sensor_type_id, value) VALUES (30, 12, 14, 10, 122.580480629);
INSERT INTO reading_data (reading_id, bin_id, bin_section_id, sensor_type_id, value) VALUES (30, 12, 14, 11, 80.5624931914);
INSERT INTO reading_data (reading_id, bin_id, bin_section_id, sensor_type_id, value) VALUES (30, 13, 13, 10, 97.2208992144);
INSERT INTO reading_data (reading_id, bin_id, bin_section_id, sensor_type_id, value) VALUES (30, 13, 13, 11, 128.388364544);
INSERT INTO reading_data (reading_id, bin_id, bin_section_id, sensor_type_id, value) VALUES (30, 13, 13, 12, 116.24574341);
INSERT INTO reading_data (reading_id, bin_id, bin_section_id, sensor_type_id, value) VALUES (30, 13, 13, 13, 1);
INSERT INTO reading_data (reading_id, bin_id, bin_section_id, sensor_type_id, value) VALUES (30, 13, 14, 10, 127.326841948);
INSERT INTO reading_data (reading_id, bin_id, bin_section_id, sensor_type_id, value) VALUES (30, 13, 14, 11, 110.610750015);
INSERT INTO reading_data (reading_id, bin_id, bin_section_id, sensor_type_id, value) VALUES (30, 14, 13, 10, 117.565232403);
INSERT INTO reading_data (reading_id, bin_id, bin_section_id, sensor_type_id, value) VALUES (30, 14, 13, 11, 80.8161538256);
INSERT INTO reading_data (reading_id, bin_id, bin_section_id, sensor_type_id, value) VALUES (30, 14, 13, 12, 121.085285288);
INSERT INTO reading_data (reading_id, bin_id, bin_section_id, sensor_type_id, value) VALUES (30, 14, 13, 13, 0);
INSERT INTO reading_data (reading_id, bin_id, bin_section_id, sensor_type_id, value) VALUES (30, 14, 14, 10, 94.5276604347);
INSERT INTO reading_data (reading_id, bin_id, bin_section_id, sensor_type_id, value) VALUES (30, 14, 14, 11, 101.66239377);
INSERT INTO reading_data (reading_id, bin_id, bin_section_id, sensor_type_id, value) VALUES (30, 15, 13, 10, 127.102361269);
INSERT INTO reading_data (reading_id, bin_id, bin_section_id, sensor_type_id, value) VALUES (30, 15, 13, 11, 111.125091408);
INSERT INTO reading_data (reading_id, bin_id, bin_section_id, sensor_type_id, value) VALUES (30, 15, 13, 12, 93.5348120758);
INSERT INTO reading_data (reading_id, bin_id, bin_section_id, sensor_type_id, value) VALUES (30, 15, 13, 13, 1);
INSERT INTO reading_data (reading_id, bin_id, bin_section_id, sensor_type_id, value) VALUES (30, 15, 14, 10, 120.805483113);
INSERT INTO reading_data (reading_id, bin_id, bin_section_id, sensor_type_id, value) VALUES (30, 15, 14, 11, 84.1099983307);
INSERT INTO reading_data (reading_id, bin_id, bin_section_id, sensor_type_id, value) VALUES (30, 17, 13, 10, 129.546683714);
INSERT INTO reading_data (reading_id, bin_id, bin_section_id, sensor_type_id, value) VALUES (30, 17, 13, 11, 107.841337353);
INSERT INTO reading_data (reading_id, bin_id, bin_section_id, sensor_type_id, value) VALUES (30, 17, 13, 12, 97.4548008907);
INSERT INTO reading_data (reading_id, bin_id, bin_section_id, sensor_type_id, value) VALUES (30, 17, 13, 13, 0);
INSERT INTO reading_data (reading_id, bin_id, bin_section_id, sensor_type_id, value) VALUES (30, 17, 14, 10, 105.939716698);
INSERT INTO reading_data (reading_id, bin_id, bin_section_id, sensor_type_id, value) VALUES (30, 17, 14, 11, 124.185425805);
INSERT INTO reading_data (reading_id, bin_id, bin_section_id, sensor_type_id, value) VALUES (30, 21, 13, 10, 105.315529307);
INSERT INTO reading_data (reading_id, bin_id, bin_section_id, sensor_type_id, value) VALUES (30, 21, 13, 11, 112.307258373);
INSERT INTO reading_data (reading_id, bin_id, bin_section_id, sensor_type_id, value) VALUES (30, 21, 13, 12, 125.982099877);
INSERT INTO reading_data (reading_id, bin_id, bin_section_id, sensor_type_id, value) VALUES (30, 21, 13, 13, 1);
INSERT INTO reading_data (reading_id, bin_id, bin_section_id, sensor_type_id, value) VALUES (30, 21, 14, 10, 114.431942052);
INSERT INTO reading_data (reading_id, bin_id, bin_section_id, sensor_type_id, value) VALUES (30, 21, 14, 11, 110.013516296);
INSERT INTO reading_data (reading_id, bin_id, bin_section_id, sensor_type_id, value) VALUES (30, 22, 13, 10, 117.950599594);
INSERT INTO reading_data (reading_id, bin_id, bin_section_id, sensor_type_id, value) VALUES (30, 22, 13, 11, 91.5955022078);
INSERT INTO reading_data (reading_id, bin_id, bin_section_id, sensor_type_id, value) VALUES (30, 22, 13, 12, 124.301778946);
INSERT INTO reading_data (reading_id, bin_id, bin_section_id, sensor_type_id, value) VALUES (30, 22, 13, 13, 1);
INSERT INTO reading_data (reading_id, bin_id, bin_section_id, sensor_type_id, value) VALUES (30, 22, 14, 10, 96.3796130905);
INSERT INTO reading_data (reading_id, bin_id, bin_section_id, sensor_type_id, value) VALUES (30, 22, 14, 11, 122.757837749);
INSERT INTO reading_data (reading_id, bin_id, bin_section_id, sensor_type_id, value) VALUES (30, 23, 13, 10, 108.474334164);
INSERT INTO reading_data (reading_id, bin_id, bin_section_id, sensor_type_id, value) VALUES (30, 23, 13, 11, 96.0512624861);
INSERT INTO reading_data (reading_id, bin_id, bin_section_id, sensor_type_id, value) VALUES (30, 23, 13, 12, 119.243870347);
INSERT INTO reading_data (reading_id, bin_id, bin_section_id, sensor_type_id, value) VALUES (30, 23, 13, 13, 0);
INSERT INTO reading_data (reading_id, bin_id, bin_section_id, sensor_type_id, value) VALUES (30, 23, 14, 10, 122.809529125);
INSERT INTO reading_data (reading_id, bin_id, bin_section_id, sensor_type_id, value) VALUES (30, 23, 14, 11, 105.16618891);
INSERT INTO reading_data (reading_id, bin_id, bin_section_id, sensor_type_id, value) VALUES (30, 24, 13, 10, 84.8510939538);
INSERT INTO reading_data (reading_id, bin_id, bin_section_id, sensor_type_id, value) VALUES (30, 24, 13, 11, 100.690843785);
INSERT INTO reading_data (reading_id, bin_id, bin_section_id, sensor_type_id, value) VALUES (30, 24, 13, 12, 113.347639713);
INSERT INTO reading_data (reading_id, bin_id, bin_section_id, sensor_type_id, value) VALUES (30, 24, 13, 13, 0);
INSERT INTO reading_data (reading_id, bin_id, bin_section_id, sensor_type_id, value) VALUES (30, 24, 14, 10, 115.527441783);
INSERT INTO reading_data (reading_id, bin_id, bin_section_id, sensor_type_id, value) VALUES (30, 24, 14, 11, 129.119145534);
INSERT INTO reading_data (reading_id, bin_id, bin_section_id, sensor_type_id, value) VALUES (30, 25, 13, 10, 123.630695704);
INSERT INTO reading_data (reading_id, bin_id, bin_section_id, sensor_type_id, value) VALUES (30, 25, 13, 11, 97.2312331108);
INSERT INTO reading_data (reading_id, bin_id, bin_section_id, sensor_type_id, value) VALUES (30, 25, 13, 12, 120.392046984);
INSERT INTO reading_data (reading_id, bin_id, bin_section_id, sensor_type_id, value) VALUES (30, 25, 13, 13, 1);
INSERT INTO reading_data (reading_id, bin_id, bin_section_id, sensor_type_id, value) VALUES (30, 25, 14, 10, 95.7752194491);
INSERT INTO reading_data (reading_id, bin_id, bin_section_id, sensor_type_id, value) VALUES (30, 25, 14, 11, 84.0590968468);
INSERT INTO reading (id, datetime) VALUES (31, TIMESTAMP '2012-08-19 15:14:45');
INSERT INTO reading_data (reading_id, bin_id, bin_section_id, sensor_type_id, value) VALUES (31, 10, 10, 50, 85.20330712);
INSERT INTO reading_data (reading_id, bin_id, bin_section_id, sensor_type_id, value) VALUES (31, 10, 10, 51, 113.915322043);
INSERT INTO reading_data (reading_id, bin_id, bin_section_id, sensor_type_id, value) VALUES (31, 10, 10, 40, 111.148584654);
INSERT INTO reading_data (reading_id, bin_id, bin_section_id, sensor_type_id, value) VALUES (31, 19, 10, 50, 105.960208051);
INSERT INTO reading_data (reading_id, bin_id, bin_section_id, sensor_type_id, value) VALUES (31, 19, 10, 51, 94.2370396373);
INSERT INTO reading_data (reading_id, bin_id, bin_section_id, sensor_type_id, value) VALUES (31, 19, 10, 40, 105.976519333);
INSERT INTO reading_data (reading_id, bin_id, bin_section_id, sensor_type_id, value) VALUES (31, 11, 11, 20, 83.009843215);
INSERT INTO reading_data (reading_id, bin_id, bin_section_id, sensor_type_id, value) VALUES (31, 11, 11, 21, 115.739165225);
INSERT INTO reading_data (reading_id, bin_id, bin_section_id, sensor_type_id, value) VALUES (31, 11, 11, 10, 126.981168691);
INSERT INTO reading_data (reading_id, bin_id, bin_section_id, sensor_type_id, value) VALUES (31, 11, 11, 11, 109.828576958);
INSERT INTO reading_data (reading_id, bin_id, bin_section_id, sensor_type_id, value) VALUES (31, 21, 11, 20, 87.7271980938);
INSERT INTO reading_data (reading_id, bin_id, bin_section_id, sensor_type_id, value) VALUES (31, 21, 11, 21, 115.614208726);
INSERT INTO reading_data (reading_id, bin_id, bin_section_id, sensor_type_id, value) VALUES (31, 21, 11, 10, 119.340600015);
INSERT INTO reading_data (reading_id, bin_id, bin_section_id, sensor_type_id, value) VALUES (31, 21, 11, 11, 96.1622214838);
INSERT INTO reading_data (reading_id, bin_id, bin_section_id, sensor_type_id, value) VALUES (31, 9, 14, 10, 92.0821660497);
INSERT INTO reading_data (reading_id, bin_id, bin_section_id, sensor_type_id, value) VALUES (31, 9, 14, 11, 113.840214134);
INSERT INTO reading_data (reading_id, bin_id, bin_section_id, sensor_type_id, value) VALUES (31, 12, 13, 10, 122.147530963);
INSERT INTO reading_data (reading_id, bin_id, bin_section_id, sensor_type_id, value) VALUES (31, 12, 13, 11, 97.8987644854);
INSERT INTO reading_data (reading_id, bin_id, bin_section_id, sensor_type_id, value) VALUES (31, 12, 13, 12, 105.337265007);
INSERT INTO reading_data (reading_id, bin_id, bin_section_id, sensor_type_id, value) VALUES (31, 12, 13, 13, 0);
INSERT INTO reading_data (reading_id, bin_id, bin_section_id, sensor_type_id, value) VALUES (31, 12, 14, 10, 128.599467772);
INSERT INTO reading_data (reading_id, bin_id, bin_section_id, sensor_type_id, value) VALUES (31, 12, 14, 11, 92.2079385903);
INSERT INTO reading_data (reading_id, bin_id, bin_section_id, sensor_type_id, value) VALUES (31, 13, 13, 10, 122.302178566);
INSERT INTO reading_data (reading_id, bin_id, bin_section_id, sensor_type_id, value) VALUES (31, 13, 13, 11, 127.870050693);
INSERT INTO reading_data (reading_id, bin_id, bin_section_id, sensor_type_id, value) VALUES (31, 13, 13, 12, 95.9244379349);
INSERT INTO reading_data (reading_id, bin_id, bin_section_id, sensor_type_id, value) VALUES (31, 13, 13, 13, 0);
INSERT INTO reading_data (reading_id, bin_id, bin_section_id, sensor_type_id, value) VALUES (31, 13, 14, 10, 96.48471964);
INSERT INTO reading_data (reading_id, bin_id, bin_section_id, sensor_type_id, value) VALUES (31, 13, 14, 11, 98.1603841123);
INSERT INTO reading_data (reading_id, bin_id, bin_section_id, sensor_type_id, value) VALUES (31, 14, 13, 10, 119.677470536);
INSERT INTO reading_data (reading_id, bin_id, bin_section_id, sensor_type_id, value) VALUES (31, 14, 13, 11, 112.773028041);
INSERT INTO reading_data (reading_id, bin_id, bin_section_id, sensor_type_id, value) VALUES (31, 14, 13, 12, 123.715936773);
INSERT INTO reading_data (reading_id, bin_id, bin_section_id, sensor_type_id, value) VALUES (31, 14, 13, 13, 0);
INSERT INTO reading_data (reading_id, bin_id, bin_section_id, sensor_type_id, value) VALUES (31, 14, 14, 10, 115.115651988);
INSERT INTO reading_data (reading_id, bin_id, bin_section_id, sensor_type_id, value) VALUES (31, 14, 14, 11, 101.750650541);
INSERT INTO reading_data (reading_id, bin_id, bin_section_id, sensor_type_id, value) VALUES (31, 15, 13, 10, 80.7909712005);
INSERT INTO reading_data (reading_id, bin_id, bin_section_id, sensor_type_id, value) VALUES (31, 15, 13, 11, 125.053408846);
INSERT INTO reading_data (reading_id, bin_id, bin_section_id, sensor_type_id, value) VALUES (31, 15, 13, 12, 107.305505063);
INSERT INTO reading_data (reading_id, bin_id, bin_section_id, sensor_type_id, value) VALUES (31, 15, 13, 13, 1);
INSERT INTO reading_data (reading_id, bin_id, bin_section_id, sensor_type_id, value) VALUES (31, 15, 14, 10, 112.104798042);
INSERT INTO reading_data (reading_id, bin_id, bin_section_id, sensor_type_id, value) VALUES (31, 15, 14, 11, 90.6835952924);
INSERT INTO reading_data (reading_id, bin_id, bin_section_id, sensor_type_id, value) VALUES (31, 17, 13, 10, 82.2894999231);
INSERT INTO reading_data (reading_id, bin_id, bin_section_id, sensor_type_id, value) VALUES (31, 17, 13, 11, 117.920932199);
INSERT INTO reading_data (reading_id, bin_id, bin_section_id, sensor_type_id, value) VALUES (31, 17, 13, 12, 127.975483245);
INSERT INTO reading_data (reading_id, bin_id, bin_section_id, sensor_type_id, value) VALUES (31, 17, 13, 13, 0);
INSERT INTO reading_data (reading_id, bin_id, bin_section_id, sensor_type_id, value) VALUES (31, 17, 14, 10, 88.5388163468);
INSERT INTO reading_data (reading_id, bin_id, bin_section_id, sensor_type_id, value) VALUES (31, 17, 14, 11, 107.150904253);
INSERT INTO reading_data (reading_id, bin_id, bin_section_id, sensor_type_id, value) VALUES (31, 21, 13, 10, 103.194455048);
INSERT INTO reading_data (reading_id, bin_id, bin_section_id, sensor_type_id, value) VALUES (31, 21, 13, 11, 87.484374547);
INSERT INTO reading_data (reading_id, bin_id, bin_section_id, sensor_type_id, value) VALUES (31, 21, 13, 12, 127.197233009);
INSERT INTO reading_data (reading_id, bin_id, bin_section_id, sensor_type_id, value) VALUES (31, 21, 13, 13, 1);
INSERT INTO reading_data (reading_id, bin_id, bin_section_id, sensor_type_id, value) VALUES (31, 21, 14, 10, 116.949784653);
INSERT INTO reading_data (reading_id, bin_id, bin_section_id, sensor_type_id, value) VALUES (31, 21, 14, 11, 81.1521570143);
INSERT INTO reading_data (reading_id, bin_id, bin_section_id, sensor_type_id, value) VALUES (31, 22, 13, 10, 89.5230688597);
INSERT INTO reading_data (reading_id, bin_id, bin_section_id, sensor_type_id, value) VALUES (31, 22, 13, 11, 123.035904781);
INSERT INTO reading_data (reading_id, bin_id, bin_section_id, sensor_type_id, value) VALUES (31, 22, 13, 12, 126.161657112);
INSERT INTO reading_data (reading_id, bin_id, bin_section_id, sensor_type_id, value) VALUES (31, 22, 13, 13, 0);
INSERT INTO reading_data (reading_id, bin_id, bin_section_id, sensor_type_id, value) VALUES (31, 22, 14, 10, 123.662927533);
INSERT INTO reading_data (reading_id, bin_id, bin_section_id, sensor_type_id, value) VALUES (31, 22, 14, 11, 100.013379493);
INSERT INTO reading_data (reading_id, bin_id, bin_section_id, sensor_type_id, value) VALUES (31, 23, 13, 10, 107.605419907);
INSERT INTO reading_data (reading_id, bin_id, bin_section_id, sensor_type_id, value) VALUES (31, 23, 13, 11, 81.3751595119);
INSERT INTO reading_data (reading_id, bin_id, bin_section_id, sensor_type_id, value) VALUES (31, 23, 13, 12, 92.5105673849);
INSERT INTO reading_data (reading_id, bin_id, bin_section_id, sensor_type_id, value) VALUES (31, 23, 13, 13, 1);
INSERT INTO reading_data (reading_id, bin_id, bin_section_id, sensor_type_id, value) VALUES (31, 23, 14, 10, 92.2583469573);
INSERT INTO reading_data (reading_id, bin_id, bin_section_id, sensor_type_id, value) VALUES (31, 23, 14, 11, 91.9639061549);
INSERT INTO reading_data (reading_id, bin_id, bin_section_id, sensor_type_id, value) VALUES (31, 24, 13, 10, 109.716583154);
INSERT INTO reading_data (reading_id, bin_id, bin_section_id, sensor_type_id, value) VALUES (31, 24, 13, 11, 80.0856177923);
INSERT INTO reading_data (reading_id, bin_id, bin_section_id, sensor_type_id, value) VALUES (31, 24, 13, 12, 102.881354996);
INSERT INTO reading_data (reading_id, bin_id, bin_section_id, sensor_type_id, value) VALUES (31, 24, 13, 13, 0);
INSERT INTO reading_data (reading_id, bin_id, bin_section_id, sensor_type_id, value) VALUES (31, 24, 14, 10, 87.0851705139);
INSERT INTO reading_data (reading_id, bin_id, bin_section_id, sensor_type_id, value) VALUES (31, 24, 14, 11, 110.818943103);
INSERT INTO reading_data (reading_id, bin_id, bin_section_id, sensor_type_id, value) VALUES (31, 25, 13, 10, 92.935417725);
INSERT INTO reading_data (reading_id, bin_id, bin_section_id, sensor_type_id, value) VALUES (31, 25, 13, 11, 118.061575959);
INSERT INTO reading_data (reading_id, bin_id, bin_section_id, sensor_type_id, value) VALUES (31, 25, 13, 12, 119.597550931);
INSERT INTO reading_data (reading_id, bin_id, bin_section_id, sensor_type_id, value) VALUES (31, 25, 13, 13, 1);
INSERT INTO reading_data (reading_id, bin_id, bin_section_id, sensor_type_id, value) VALUES (31, 25, 14, 10, 124.107556819);
INSERT INTO reading_data (reading_id, bin_id, bin_section_id, sensor_type_id, value) VALUES (31, 25, 14, 11, 86.3202347239);
INSERT INTO reading (id, datetime) VALUES (32, TIMESTAMP '2012-08-19 15:19:45');
INSERT INTO reading_data (reading_id, bin_id, bin_section_id, sensor_type_id, value) VALUES (32, 10, 10, 50, 117.352354057);
INSERT INTO reading_data (reading_id, bin_id, bin_section_id, sensor_type_id, value) VALUES (32, 10, 10, 51, 116.857353678);
INSERT INTO reading_data (reading_id, bin_id, bin_section_id, sensor_type_id, value) VALUES (32, 10, 10, 40, 105.792570387);
INSERT INTO reading_data (reading_id, bin_id, bin_section_id, sensor_type_id, value) VALUES (32, 19, 10, 50, 84.6163517706);
INSERT INTO reading_data (reading_id, bin_id, bin_section_id, sensor_type_id, value) VALUES (32, 19, 10, 51, 94.5678175182);
INSERT INTO reading_data (reading_id, bin_id, bin_section_id, sensor_type_id, value) VALUES (32, 19, 10, 40, 123.897146472);
INSERT INTO reading_data (reading_id, bin_id, bin_section_id, sensor_type_id, value) VALUES (32, 11, 11, 20, 86.6879270596);
INSERT INTO reading_data (reading_id, bin_id, bin_section_id, sensor_type_id, value) VALUES (32, 11, 11, 21, 93.4341420427);
INSERT INTO reading_data (reading_id, bin_id, bin_section_id, sensor_type_id, value) VALUES (32, 11, 11, 10, 125.662573344);
INSERT INTO reading_data (reading_id, bin_id, bin_section_id, sensor_type_id, value) VALUES (32, 11, 11, 11, 122.986800657);
INSERT INTO reading_data (reading_id, bin_id, bin_section_id, sensor_type_id, value) VALUES (32, 21, 11, 20, 93.0919653897);
INSERT INTO reading_data (reading_id, bin_id, bin_section_id, sensor_type_id, value) VALUES (32, 21, 11, 21, 96.1110672537);
INSERT INTO reading_data (reading_id, bin_id, bin_section_id, sensor_type_id, value) VALUES (32, 21, 11, 10, 125.821794574);
INSERT INTO reading_data (reading_id, bin_id, bin_section_id, sensor_type_id, value) VALUES (32, 21, 11, 11, 129.108381594);
INSERT INTO reading_data (reading_id, bin_id, bin_section_id, sensor_type_id, value) VALUES (32, 9, 14, 10, 93.5010150889);
INSERT INTO reading_data (reading_id, bin_id, bin_section_id, sensor_type_id, value) VALUES (32, 9, 14, 11, 123.111014672);
INSERT INTO reading_data (reading_id, bin_id, bin_section_id, sensor_type_id, value) VALUES (32, 12, 13, 10, 123.5977467);
INSERT INTO reading_data (reading_id, bin_id, bin_section_id, sensor_type_id, value) VALUES (32, 12, 13, 11, 112.198971255);
INSERT INTO reading_data (reading_id, bin_id, bin_section_id, sensor_type_id, value) VALUES (32, 12, 13, 12, 106.931188323);
INSERT INTO reading_data (reading_id, bin_id, bin_section_id, sensor_type_id, value) VALUES (32, 12, 13, 13, 0);
INSERT INTO reading_data (reading_id, bin_id, bin_section_id, sensor_type_id, value) VALUES (32, 12, 14, 10, 113.790074292);
INSERT INTO reading_data (reading_id, bin_id, bin_section_id, sensor_type_id, value) VALUES (32, 12, 14, 11, 99.3104592394);
INSERT INTO reading_data (reading_id, bin_id, bin_section_id, sensor_type_id, value) VALUES (32, 13, 13, 10, 119.920733458);
INSERT INTO reading_data (reading_id, bin_id, bin_section_id, sensor_type_id, value) VALUES (32, 13, 13, 11, 102.321913571);
INSERT INTO reading_data (reading_id, bin_id, bin_section_id, sensor_type_id, value) VALUES (32, 13, 13, 12, 101.490124834);
INSERT INTO reading_data (reading_id, bin_id, bin_section_id, sensor_type_id, value) VALUES (32, 13, 13, 13, 0);
INSERT INTO reading_data (reading_id, bin_id, bin_section_id, sensor_type_id, value) VALUES (32, 13, 14, 10, 85.5899356825);
INSERT INTO reading_data (reading_id, bin_id, bin_section_id, sensor_type_id, value) VALUES (32, 13, 14, 11, 107.982900779);
INSERT INTO reading_data (reading_id, bin_id, bin_section_id, sensor_type_id, value) VALUES (32, 14, 13, 10, 101.934389554);
INSERT INTO reading_data (reading_id, bin_id, bin_section_id, sensor_type_id, value) VALUES (32, 14, 13, 11, 86.496493979);
INSERT INTO reading_data (reading_id, bin_id, bin_section_id, sensor_type_id, value) VALUES (32, 14, 13, 12, 129.603181761);
INSERT INTO reading_data (reading_id, bin_id, bin_section_id, sensor_type_id, value) VALUES (32, 14, 13, 13, 0);
INSERT INTO reading_data (reading_id, bin_id, bin_section_id, sensor_type_id, value) VALUES (32, 14, 14, 10, 101.57648283);
INSERT INTO reading_data (reading_id, bin_id, bin_section_id, sensor_type_id, value) VALUES (32, 14, 14, 11, 118.38033378);
INSERT INTO reading_data (reading_id, bin_id, bin_section_id, sensor_type_id, value) VALUES (32, 15, 13, 10, 120.748884226);
INSERT INTO reading_data (reading_id, bin_id, bin_section_id, sensor_type_id, value) VALUES (32, 15, 13, 11, 119.06734197);
INSERT INTO reading_data (reading_id, bin_id, bin_section_id, sensor_type_id, value) VALUES (32, 15, 13, 12, 120.954366653);
INSERT INTO reading_data (reading_id, bin_id, bin_section_id, sensor_type_id, value) VALUES (32, 15, 13, 13, 1);
INSERT INTO reading_data (reading_id, bin_id, bin_section_id, sensor_type_id, value) VALUES (32, 15, 14, 10, 84.1411898061);
INSERT INTO reading_data (reading_id, bin_id, bin_section_id, sensor_type_id, value) VALUES (32, 15, 14, 11, 95.9105960616);
INSERT INTO reading_data (reading_id, bin_id, bin_section_id, sensor_type_id, value) VALUES (32, 17, 13, 10, 84.5594279357);
INSERT INTO reading_data (reading_id, bin_id, bin_section_id, sensor_type_id, value) VALUES (32, 17, 13, 11, 116.381625902);
INSERT INTO reading_data (reading_id, bin_id, bin_section_id, sensor_type_id, value) VALUES (32, 17, 13, 12, 97.42921724);
INSERT INTO reading_data (reading_id, bin_id, bin_section_id, sensor_type_id, value) VALUES (32, 17, 13, 13, 0);
INSERT INTO reading_data (reading_id, bin_id, bin_section_id, sensor_type_id, value) VALUES (32, 17, 14, 10, 84.6750407852);
INSERT INTO reading_data (reading_id, bin_id, bin_section_id, sensor_type_id, value) VALUES (32, 17, 14, 11, 120.203531007);
INSERT INTO reading_data (reading_id, bin_id, bin_section_id, sensor_type_id, value) VALUES (32, 21, 13, 10, 97.8279201733);
INSERT INTO reading_data (reading_id, bin_id, bin_section_id, sensor_type_id, value) VALUES (32, 21, 13, 11, 100.621204142);
INSERT INTO reading_data (reading_id, bin_id, bin_section_id, sensor_type_id, value) VALUES (32, 21, 13, 12, 128.137568027);
INSERT INTO reading_data (reading_id, bin_id, bin_section_id, sensor_type_id, value) VALUES (32, 21, 13, 13, 0);
INSERT INTO reading_data (reading_id, bin_id, bin_section_id, sensor_type_id, value) VALUES (32, 21, 14, 10, 97.2207205799);
INSERT INTO reading_data (reading_id, bin_id, bin_section_id, sensor_type_id, value) VALUES (32, 21, 14, 11, 101.890928249);
INSERT INTO reading_data (reading_id, bin_id, bin_section_id, sensor_type_id, value) VALUES (32, 22, 13, 10, 86.9241814177);
INSERT INTO reading_data (reading_id, bin_id, bin_section_id, sensor_type_id, value) VALUES (32, 22, 13, 11, 110.614913982);
INSERT INTO reading_data (reading_id, bin_id, bin_section_id, sensor_type_id, value) VALUES (32, 22, 13, 12, 85.0571627763);
INSERT INTO reading_data (reading_id, bin_id, bin_section_id, sensor_type_id, value) VALUES (32, 22, 13, 13, 1);
INSERT INTO reading_data (reading_id, bin_id, bin_section_id, sensor_type_id, value) VALUES (32, 22, 14, 10, 93.5590436369);
INSERT INTO reading_data (reading_id, bin_id, bin_section_id, sensor_type_id, value) VALUES (32, 22, 14, 11, 102.994958094);
INSERT INTO reading_data (reading_id, bin_id, bin_section_id, sensor_type_id, value) VALUES (32, 23, 13, 10, 110.597349075);
INSERT INTO reading_data (reading_id, bin_id, bin_section_id, sensor_type_id, value) VALUES (32, 23, 13, 11, 92.5663922376);
INSERT INTO reading_data (reading_id, bin_id, bin_section_id, sensor_type_id, value) VALUES (32, 23, 13, 12, 94.9277973108);
INSERT INTO reading_data (reading_id, bin_id, bin_section_id, sensor_type_id, value) VALUES (32, 23, 13, 13, 1);
INSERT INTO reading_data (reading_id, bin_id, bin_section_id, sensor_type_id, value) VALUES (32, 23, 14, 10, 108.391790118);
INSERT INTO reading_data (reading_id, bin_id, bin_section_id, sensor_type_id, value) VALUES (32, 23, 14, 11, 90.8898614813);
INSERT INTO reading_data (reading_id, bin_id, bin_section_id, sensor_type_id, value) VALUES (32, 24, 13, 10, 120.602219744);
INSERT INTO reading_data (reading_id, bin_id, bin_section_id, sensor_type_id, value) VALUES (32, 24, 13, 11, 112.834935141);
INSERT INTO reading_data (reading_id, bin_id, bin_section_id, sensor_type_id, value) VALUES (32, 24, 13, 12, 93.4552403838);
INSERT INTO reading_data (reading_id, bin_id, bin_section_id, sensor_type_id, value) VALUES (32, 24, 13, 13, 1);
INSERT INTO reading_data (reading_id, bin_id, bin_section_id, sensor_type_id, value) VALUES (32, 24, 14, 10, 96.0602342842);
INSERT INTO reading_data (reading_id, bin_id, bin_section_id, sensor_type_id, value) VALUES (32, 24, 14, 11, 120.546928327);
INSERT INTO reading_data (reading_id, bin_id, bin_section_id, sensor_type_id, value) VALUES (32, 25, 13, 10, 108.643824142);
INSERT INTO reading_data (reading_id, bin_id, bin_section_id, sensor_type_id, value) VALUES (32, 25, 13, 11, 101.471421818);
INSERT INTO reading_data (reading_id, bin_id, bin_section_id, sensor_type_id, value) VALUES (32, 25, 13, 12, 100.701426393);
INSERT INTO reading_data (reading_id, bin_id, bin_section_id, sensor_type_id, value) VALUES (32, 25, 13, 13, 0);
INSERT INTO reading_data (reading_id, bin_id, bin_section_id, sensor_type_id, value) VALUES (32, 25, 14, 10, 106.728953288);
INSERT INTO reading_data (reading_id, bin_id, bin_section_id, sensor_type_id, value) VALUES (32, 25, 14, 11, 86.7295607473);
INSERT INTO reading (id, datetime) VALUES (33, TIMESTAMP '2012-08-19 15:24:45');
INSERT INTO reading_data (reading_id, bin_id, bin_section_id, sensor_type_id, value) VALUES (33, 10, 10, 50, 108.029293411);
INSERT INTO reading_data (reading_id, bin_id, bin_section_id, sensor_type_id, value) VALUES (33, 10, 10, 51, 115.882119681);
INSERT INTO reading_data (reading_id, bin_id, bin_section_id, sensor_type_id, value) VALUES (33, 10, 10, 40, 121.267770625);
INSERT INTO reading_data (reading_id, bin_id, bin_section_id, sensor_type_id, value) VALUES (33, 19, 10, 50, 120.181852236);
INSERT INTO reading_data (reading_id, bin_id, bin_section_id, sensor_type_id, value) VALUES (33, 19, 10, 51, 96.1761587162);
INSERT INTO reading_data (reading_id, bin_id, bin_section_id, sensor_type_id, value) VALUES (33, 19, 10, 40, 109.612772962);
INSERT INTO reading_data (reading_id, bin_id, bin_section_id, sensor_type_id, value) VALUES (33, 11, 11, 20, 98.1176253239);
INSERT INTO reading_data (reading_id, bin_id, bin_section_id, sensor_type_id, value) VALUES (33, 11, 11, 21, 114.652714365);
INSERT INTO reading_data (reading_id, bin_id, bin_section_id, sensor_type_id, value) VALUES (33, 11, 11, 10, 99.4246902072);
INSERT INTO reading_data (reading_id, bin_id, bin_section_id, sensor_type_id, value) VALUES (33, 11, 11, 11, 87.0973228994);
INSERT INTO reading_data (reading_id, bin_id, bin_section_id, sensor_type_id, value) VALUES (33, 21, 11, 20, 121.248077072);
INSERT INTO reading_data (reading_id, bin_id, bin_section_id, sensor_type_id, value) VALUES (33, 21, 11, 21, 99.3912765698);
INSERT INTO reading_data (reading_id, bin_id, bin_section_id, sensor_type_id, value) VALUES (33, 21, 11, 10, 85.7151774129);
INSERT INTO reading_data (reading_id, bin_id, bin_section_id, sensor_type_id, value) VALUES (33, 21, 11, 11, 119.085830959);
INSERT INTO reading_data (reading_id, bin_id, bin_section_id, sensor_type_id, value) VALUES (33, 9, 14, 10, 122.106700348);
INSERT INTO reading_data (reading_id, bin_id, bin_section_id, sensor_type_id, value) VALUES (33, 9, 14, 11, 94.8190567057);
INSERT INTO reading_data (reading_id, bin_id, bin_section_id, sensor_type_id, value) VALUES (33, 12, 13, 10, 96.850292931);
INSERT INTO reading_data (reading_id, bin_id, bin_section_id, sensor_type_id, value) VALUES (33, 12, 13, 11, 82.4123812119);
INSERT INTO reading_data (reading_id, bin_id, bin_section_id, sensor_type_id, value) VALUES (33, 12, 13, 12, 95.5796069159);
INSERT INTO reading_data (reading_id, bin_id, bin_section_id, sensor_type_id, value) VALUES (33, 12, 13, 13, 1);
INSERT INTO reading_data (reading_id, bin_id, bin_section_id, sensor_type_id, value) VALUES (33, 12, 14, 10, 90.6429488005);
INSERT INTO reading_data (reading_id, bin_id, bin_section_id, sensor_type_id, value) VALUES (33, 12, 14, 11, 113.694351617);
INSERT INTO reading_data (reading_id, bin_id, bin_section_id, sensor_type_id, value) VALUES (33, 13, 13, 10, 101.953294574);
INSERT INTO reading_data (reading_id, bin_id, bin_section_id, sensor_type_id, value) VALUES (33, 13, 13, 11, 82.4569256892);
INSERT INTO reading_data (reading_id, bin_id, bin_section_id, sensor_type_id, value) VALUES (33, 13, 13, 12, 85.1252349326);
INSERT INTO reading_data (reading_id, bin_id, bin_section_id, sensor_type_id, value) VALUES (33, 13, 13, 13, 0);
INSERT INTO reading_data (reading_id, bin_id, bin_section_id, sensor_type_id, value) VALUES (33, 13, 14, 10, 128.997478004);
INSERT INTO reading_data (reading_id, bin_id, bin_section_id, sensor_type_id, value) VALUES (33, 13, 14, 11, 126.065823945);
INSERT INTO reading_data (reading_id, bin_id, bin_section_id, sensor_type_id, value) VALUES (33, 14, 13, 10, 106.937855381);
INSERT INTO reading_data (reading_id, bin_id, bin_section_id, sensor_type_id, value) VALUES (33, 14, 13, 11, 108.698860652);
INSERT INTO reading_data (reading_id, bin_id, bin_section_id, sensor_type_id, value) VALUES (33, 14, 13, 12, 113.524638657);
INSERT INTO reading_data (reading_id, bin_id, bin_section_id, sensor_type_id, value) VALUES (33, 14, 13, 13, 0);
INSERT INTO reading_data (reading_id, bin_id, bin_section_id, sensor_type_id, value) VALUES (33, 14, 14, 10, 127.397406949);
INSERT INTO reading_data (reading_id, bin_id, bin_section_id, sensor_type_id, value) VALUES (33, 14, 14, 11, 88.1934249444);
INSERT INTO reading_data (reading_id, bin_id, bin_section_id, sensor_type_id, value) VALUES (33, 15, 13, 10, 88.2101420282);
INSERT INTO reading_data (reading_id, bin_id, bin_section_id, sensor_type_id, value) VALUES (33, 15, 13, 11, 128.490750536);
INSERT INTO reading_data (reading_id, bin_id, bin_section_id, sensor_type_id, value) VALUES (33, 15, 13, 12, 111.970022427);
INSERT INTO reading_data (reading_id, bin_id, bin_section_id, sensor_type_id, value) VALUES (33, 15, 13, 13, 0);
INSERT INTO reading_data (reading_id, bin_id, bin_section_id, sensor_type_id, value) VALUES (33, 15, 14, 10, 107.67911342);
INSERT INTO reading_data (reading_id, bin_id, bin_section_id, sensor_type_id, value) VALUES (33, 15, 14, 11, 95.3731882164);
INSERT INTO reading_data (reading_id, bin_id, bin_section_id, sensor_type_id, value) VALUES (33, 17, 13, 10, 112.69731954);
INSERT INTO reading_data (reading_id, bin_id, bin_section_id, sensor_type_id, value) VALUES (33, 17, 13, 11, 121.77752715);
INSERT INTO reading_data (reading_id, bin_id, bin_section_id, sensor_type_id, value) VALUES (33, 17, 13, 12, 117.526319637);
INSERT INTO reading_data (reading_id, bin_id, bin_section_id, sensor_type_id, value) VALUES (33, 17, 13, 13, 0);
INSERT INTO reading_data (reading_id, bin_id, bin_section_id, sensor_type_id, value) VALUES (33, 17, 14, 10, 84.5251587172);
INSERT INTO reading_data (reading_id, bin_id, bin_section_id, sensor_type_id, value) VALUES (33, 17, 14, 11, 106.725412258);
INSERT INTO reading_data (reading_id, bin_id, bin_section_id, sensor_type_id, value) VALUES (33, 21, 13, 10, 85.3919700315);
INSERT INTO reading_data (reading_id, bin_id, bin_section_id, sensor_type_id, value) VALUES (33, 21, 13, 11, 120.69472587);
INSERT INTO reading_data (reading_id, bin_id, bin_section_id, sensor_type_id, value) VALUES (33, 21, 13, 12, 124.271659515);
INSERT INTO reading_data (reading_id, bin_id, bin_section_id, sensor_type_id, value) VALUES (33, 21, 13, 13, 1);
INSERT INTO reading_data (reading_id, bin_id, bin_section_id, sensor_type_id, value) VALUES (33, 21, 14, 10, 82.2781513526);
INSERT INTO reading_data (reading_id, bin_id, bin_section_id, sensor_type_id, value) VALUES (33, 21, 14, 11, 104.450185929);
INSERT INTO reading_data (reading_id, bin_id, bin_section_id, sensor_type_id, value) VALUES (33, 22, 13, 10, 105.752134588);
INSERT INTO reading_data (reading_id, bin_id, bin_section_id, sensor_type_id, value) VALUES (33, 22, 13, 11, 115.626509387);
INSERT INTO reading_data (reading_id, bin_id, bin_section_id, sensor_type_id, value) VALUES (33, 22, 13, 12, 126.386384564);
INSERT INTO reading_data (reading_id, bin_id, bin_section_id, sensor_type_id, value) VALUES (33, 22, 13, 13, 0);
INSERT INTO reading_data (reading_id, bin_id, bin_section_id, sensor_type_id, value) VALUES (33, 22, 14, 10, 126.793386935);
INSERT INTO reading_data (reading_id, bin_id, bin_section_id, sensor_type_id, value) VALUES (33, 22, 14, 11, 122.690253416);
INSERT INTO reading_data (reading_id, bin_id, bin_section_id, sensor_type_id, value) VALUES (33, 23, 13, 10, 125.121198748);
INSERT INTO reading_data (reading_id, bin_id, bin_section_id, sensor_type_id, value) VALUES (33, 23, 13, 11, 93.6881957205);
INSERT INTO reading_data (reading_id, bin_id, bin_section_id, sensor_type_id, value) VALUES (33, 23, 13, 12, 103.674618802);
INSERT INTO reading_data (reading_id, bin_id, bin_section_id, sensor_type_id, value) VALUES (33, 23, 13, 13, 0);
INSERT INTO reading_data (reading_id, bin_id, bin_section_id, sensor_type_id, value) VALUES (33, 23, 14, 10, 122.839496521);
INSERT INTO reading_data (reading_id, bin_id, bin_section_id, sensor_type_id, value) VALUES (33, 23, 14, 11, 81.4641137103);
INSERT INTO reading_data (reading_id, bin_id, bin_section_id, sensor_type_id, value) VALUES (33, 24, 13, 10, 88.0558485133);
INSERT INTO reading_data (reading_id, bin_id, bin_section_id, sensor_type_id, value) VALUES (33, 24, 13, 11, 87.9260925721);
INSERT INTO reading_data (reading_id, bin_id, bin_section_id, sensor_type_id, value) VALUES (33, 24, 13, 12, 90.4652917317);
INSERT INTO reading_data (reading_id, bin_id, bin_section_id, sensor_type_id, value) VALUES (33, 24, 13, 13, 1);
INSERT INTO reading_data (reading_id, bin_id, bin_section_id, sensor_type_id, value) VALUES (33, 24, 14, 10, 85.6422056179);
INSERT INTO reading_data (reading_id, bin_id, bin_section_id, sensor_type_id, value) VALUES (33, 24, 14, 11, 117.240382895);
INSERT INTO reading_data (reading_id, bin_id, bin_section_id, sensor_type_id, value) VALUES (33, 25, 13, 10, 101.847948281);
INSERT INTO reading_data (reading_id, bin_id, bin_section_id, sensor_type_id, value) VALUES (33, 25, 13, 11, 96.7295532069);
INSERT INTO reading_data (reading_id, bin_id, bin_section_id, sensor_type_id, value) VALUES (33, 25, 13, 12, 111.818689184);
INSERT INTO reading_data (reading_id, bin_id, bin_section_id, sensor_type_id, value) VALUES (33, 25, 13, 13, 1);
INSERT INTO reading_data (reading_id, bin_id, bin_section_id, sensor_type_id, value) VALUES (33, 25, 14, 10, 99.0277304459);
INSERT INTO reading_data (reading_id, bin_id, bin_section_id, sensor_type_id, value) VALUES (33, 25, 14, 11, 80.5959121202);
INSERT INTO reading (id, datetime) VALUES (34, TIMESTAMP '2012-08-19 15:29:45');
INSERT INTO reading_data (reading_id, bin_id, bin_section_id, sensor_type_id, value) VALUES (34, 10, 10, 50, 87.9896922692);
INSERT INTO reading_data (reading_id, bin_id, bin_section_id, sensor_type_id, value) VALUES (34, 10, 10, 51, 117.518280707);
INSERT INTO reading_data (reading_id, bin_id, bin_section_id, sensor_type_id, value) VALUES (34, 10, 10, 40, 96.2920000106);
INSERT INTO reading_data (reading_id, bin_id, bin_section_id, sensor_type_id, value) VALUES (34, 19, 10, 50, 81.2080960705);
INSERT INTO reading_data (reading_id, bin_id, bin_section_id, sensor_type_id, value) VALUES (34, 19, 10, 51, 87.1425937809);
INSERT INTO reading_data (reading_id, bin_id, bin_section_id, sensor_type_id, value) VALUES (34, 19, 10, 40, 92.3768986784);
INSERT INTO reading_data (reading_id, bin_id, bin_section_id, sensor_type_id, value) VALUES (34, 11, 11, 20, 112.530070451);
INSERT INTO reading_data (reading_id, bin_id, bin_section_id, sensor_type_id, value) VALUES (34, 11, 11, 21, 89.004994828);
INSERT INTO reading_data (reading_id, bin_id, bin_section_id, sensor_type_id, value) VALUES (34, 11, 11, 10, 122.119125936);
INSERT INTO reading_data (reading_id, bin_id, bin_section_id, sensor_type_id, value) VALUES (34, 11, 11, 11, 115.683778604);
INSERT INTO reading_data (reading_id, bin_id, bin_section_id, sensor_type_id, value) VALUES (34, 21, 11, 20, 89.3248510538);
INSERT INTO reading_data (reading_id, bin_id, bin_section_id, sensor_type_id, value) VALUES (34, 21, 11, 21, 112.406183726);
INSERT INTO reading_data (reading_id, bin_id, bin_section_id, sensor_type_id, value) VALUES (34, 21, 11, 10, 91.927070414);
INSERT INTO reading_data (reading_id, bin_id, bin_section_id, sensor_type_id, value) VALUES (34, 21, 11, 11, 91.9258116373);
INSERT INTO reading_data (reading_id, bin_id, bin_section_id, sensor_type_id, value) VALUES (34, 9, 14, 10, 116.938144962);
INSERT INTO reading_data (reading_id, bin_id, bin_section_id, sensor_type_id, value) VALUES (34, 9, 14, 11, 89.3615872689);
INSERT INTO reading_data (reading_id, bin_id, bin_section_id, sensor_type_id, value) VALUES (34, 12, 13, 10, 127.598720963);
INSERT INTO reading_data (reading_id, bin_id, bin_section_id, sensor_type_id, value) VALUES (34, 12, 13, 11, 105.575024011);
INSERT INTO reading_data (reading_id, bin_id, bin_section_id, sensor_type_id, value) VALUES (34, 12, 13, 12, 112.781357548);
INSERT INTO reading_data (reading_id, bin_id, bin_section_id, sensor_type_id, value) VALUES (34, 12, 13, 13, 1);
INSERT INTO reading_data (reading_id, bin_id, bin_section_id, sensor_type_id, value) VALUES (34, 12, 14, 10, 129.997122982);
INSERT INTO reading_data (reading_id, bin_id, bin_section_id, sensor_type_id, value) VALUES (34, 12, 14, 11, 100.81145267);
INSERT INTO reading_data (reading_id, bin_id, bin_section_id, sensor_type_id, value) VALUES (34, 13, 13, 10, 116.926846977);
INSERT INTO reading_data (reading_id, bin_id, bin_section_id, sensor_type_id, value) VALUES (34, 13, 13, 11, 82.1703900334);
INSERT INTO reading_data (reading_id, bin_id, bin_section_id, sensor_type_id, value) VALUES (34, 13, 13, 12, 105.919117339);
INSERT INTO reading_data (reading_id, bin_id, bin_section_id, sensor_type_id, value) VALUES (34, 13, 13, 13, 1);
INSERT INTO reading_data (reading_id, bin_id, bin_section_id, sensor_type_id, value) VALUES (34, 13, 14, 10, 107.757638829);
INSERT INTO reading_data (reading_id, bin_id, bin_section_id, sensor_type_id, value) VALUES (34, 13, 14, 11, 94.7831916696);
INSERT INTO reading_data (reading_id, bin_id, bin_section_id, sensor_type_id, value) VALUES (34, 14, 13, 10, 118.848026768);
INSERT INTO reading_data (reading_id, bin_id, bin_section_id, sensor_type_id, value) VALUES (34, 14, 13, 11, 108.143388197);
INSERT INTO reading_data (reading_id, bin_id, bin_section_id, sensor_type_id, value) VALUES (34, 14, 13, 12, 85.4460678721);
INSERT INTO reading_data (reading_id, bin_id, bin_section_id, sensor_type_id, value) VALUES (34, 14, 13, 13, 0);
INSERT INTO reading_data (reading_id, bin_id, bin_section_id, sensor_type_id, value) VALUES (34, 14, 14, 10, 84.8143826093);
INSERT INTO reading_data (reading_id, bin_id, bin_section_id, sensor_type_id, value) VALUES (34, 14, 14, 11, 92.5491362193);
INSERT INTO reading_data (reading_id, bin_id, bin_section_id, sensor_type_id, value) VALUES (34, 15, 13, 10, 92.6717634152);
INSERT INTO reading_data (reading_id, bin_id, bin_section_id, sensor_type_id, value) VALUES (34, 15, 13, 11, 89.4121643346);
INSERT INTO reading_data (reading_id, bin_id, bin_section_id, sensor_type_id, value) VALUES (34, 15, 13, 12, 110.148851147);
INSERT INTO reading_data (reading_id, bin_id, bin_section_id, sensor_type_id, value) VALUES (34, 15, 13, 13, 1);
INSERT INTO reading_data (reading_id, bin_id, bin_section_id, sensor_type_id, value) VALUES (34, 15, 14, 10, 96.8526242764);
INSERT INTO reading_data (reading_id, bin_id, bin_section_id, sensor_type_id, value) VALUES (34, 15, 14, 11, 92.5307273116);
INSERT INTO reading_data (reading_id, bin_id, bin_section_id, sensor_type_id, value) VALUES (34, 17, 13, 10, 94.5632942505);
INSERT INTO reading_data (reading_id, bin_id, bin_section_id, sensor_type_id, value) VALUES (34, 17, 13, 11, 123.440269463);
INSERT INTO reading_data (reading_id, bin_id, bin_section_id, sensor_type_id, value) VALUES (34, 17, 13, 12, 119.495505635);
INSERT INTO reading_data (reading_id, bin_id, bin_section_id, sensor_type_id, value) VALUES (34, 17, 13, 13, 1);
INSERT INTO reading_data (reading_id, bin_id, bin_section_id, sensor_type_id, value) VALUES (34, 17, 14, 10, 109.011056319);
INSERT INTO reading_data (reading_id, bin_id, bin_section_id, sensor_type_id, value) VALUES (34, 17, 14, 11, 86.908802193);
INSERT INTO reading_data (reading_id, bin_id, bin_section_id, sensor_type_id, value) VALUES (34, 21, 13, 10, 102.908969809);
INSERT INTO reading_data (reading_id, bin_id, bin_section_id, sensor_type_id, value) VALUES (34, 21, 13, 11, 118.236205249);
INSERT INTO reading_data (reading_id, bin_id, bin_section_id, sensor_type_id, value) VALUES (34, 21, 13, 12, 98.0529903726);
INSERT INTO reading_data (reading_id, bin_id, bin_section_id, sensor_type_id, value) VALUES (34, 21, 13, 13, 0);
INSERT INTO reading_data (reading_id, bin_id, bin_section_id, sensor_type_id, value) VALUES (34, 21, 14, 10, 98.1021350512);
INSERT INTO reading_data (reading_id, bin_id, bin_section_id, sensor_type_id, value) VALUES (34, 21, 14, 11, 83.7029179932);
INSERT INTO reading_data (reading_id, bin_id, bin_section_id, sensor_type_id, value) VALUES (34, 22, 13, 10, 119.594807289);
INSERT INTO reading_data (reading_id, bin_id, bin_section_id, sensor_type_id, value) VALUES (34, 22, 13, 11, 93.3626165471);
INSERT INTO reading_data (reading_id, bin_id, bin_section_id, sensor_type_id, value) VALUES (34, 22, 13, 12, 83.6585736614);
INSERT INTO reading_data (reading_id, bin_id, bin_section_id, sensor_type_id, value) VALUES (34, 22, 13, 13, 1);
INSERT INTO reading_data (reading_id, bin_id, bin_section_id, sensor_type_id, value) VALUES (34, 22, 14, 10, 124.563469953);
INSERT INTO reading_data (reading_id, bin_id, bin_section_id, sensor_type_id, value) VALUES (34, 22, 14, 11, 93.553732103);
INSERT INTO reading_data (reading_id, bin_id, bin_section_id, sensor_type_id, value) VALUES (34, 23, 13, 10, 124.66654954);
INSERT INTO reading_data (reading_id, bin_id, bin_section_id, sensor_type_id, value) VALUES (34, 23, 13, 11, 121.674033138);
INSERT INTO reading_data (reading_id, bin_id, bin_section_id, sensor_type_id, value) VALUES (34, 23, 13, 12, 88.1719273281);
INSERT INTO reading_data (reading_id, bin_id, bin_section_id, sensor_type_id, value) VALUES (34, 23, 13, 13, 0);
INSERT INTO reading_data (reading_id, bin_id, bin_section_id, sensor_type_id, value) VALUES (34, 23, 14, 10, 104.304880312);
INSERT INTO reading_data (reading_id, bin_id, bin_section_id, sensor_type_id, value) VALUES (34, 23, 14, 11, 86.8460340255);
INSERT INTO reading_data (reading_id, bin_id, bin_section_id, sensor_type_id, value) VALUES (34, 24, 13, 10, 110.323012174);
INSERT INTO reading_data (reading_id, bin_id, bin_section_id, sensor_type_id, value) VALUES (34, 24, 13, 11, 119.591784248);
INSERT INTO reading_data (reading_id, bin_id, bin_section_id, sensor_type_id, value) VALUES (34, 24, 13, 12, 95.931194323);
INSERT INTO reading_data (reading_id, bin_id, bin_section_id, sensor_type_id, value) VALUES (34, 24, 13, 13, 0);
INSERT INTO reading_data (reading_id, bin_id, bin_section_id, sensor_type_id, value) VALUES (34, 24, 14, 10, 98.1649563322);
INSERT INTO reading_data (reading_id, bin_id, bin_section_id, sensor_type_id, value) VALUES (34, 24, 14, 11, 90.5443764189);
INSERT INTO reading_data (reading_id, bin_id, bin_section_id, sensor_type_id, value) VALUES (34, 25, 13, 10, 96.7665915882);
INSERT INTO reading_data (reading_id, bin_id, bin_section_id, sensor_type_id, value) VALUES (34, 25, 13, 11, 98.7437892163);
INSERT INTO reading_data (reading_id, bin_id, bin_section_id, sensor_type_id, value) VALUES (34, 25, 13, 12, 117.833165496);
INSERT INTO reading_data (reading_id, bin_id, bin_section_id, sensor_type_id, value) VALUES (34, 25, 13, 13, 0);
INSERT INTO reading_data (reading_id, bin_id, bin_section_id, sensor_type_id, value) VALUES (34, 25, 14, 10, 107.69030045);
INSERT INTO reading_data (reading_id, bin_id, bin_section_id, sensor_type_id, value) VALUES (34, 25, 14, 11, 121.361282877);
INSERT INTO reading (id, datetime) VALUES (35, TIMESTAMP '2012-08-19 15:34:45');
INSERT INTO reading_data (reading_id, bin_id, bin_section_id, sensor_type_id, value) VALUES (35, 10, 10, 50, 96.9152188522);
INSERT INTO reading_data (reading_id, bin_id, bin_section_id, sensor_type_id, value) VALUES (35, 10, 10, 51, 127.989123819);
INSERT INTO reading_data (reading_id, bin_id, bin_section_id, sensor_type_id, value) VALUES (35, 10, 10, 40, 83.6279852995);
INSERT INTO reading_data (reading_id, bin_id, bin_section_id, sensor_type_id, value) VALUES (35, 19, 10, 50, 98.9553588555);
INSERT INTO reading_data (reading_id, bin_id, bin_section_id, sensor_type_id, value) VALUES (35, 19, 10, 51, 108.339730201);
INSERT INTO reading_data (reading_id, bin_id, bin_section_id, sensor_type_id, value) VALUES (35, 19, 10, 40, 112.763260922);
INSERT INTO reading_data (reading_id, bin_id, bin_section_id, sensor_type_id, value) VALUES (35, 11, 11, 20, 82.2182964659);
INSERT INTO reading_data (reading_id, bin_id, bin_section_id, sensor_type_id, value) VALUES (35, 11, 11, 21, 88.454541677);
INSERT INTO reading_data (reading_id, bin_id, bin_section_id, sensor_type_id, value) VALUES (35, 11, 11, 10, 100.965910965);
INSERT INTO reading_data (reading_id, bin_id, bin_section_id, sensor_type_id, value) VALUES (35, 11, 11, 11, 125.116459898);
INSERT INTO reading_data (reading_id, bin_id, bin_section_id, sensor_type_id, value) VALUES (35, 21, 11, 20, 127.064201208);
INSERT INTO reading_data (reading_id, bin_id, bin_section_id, sensor_type_id, value) VALUES (35, 21, 11, 21, 91.7660710906);
INSERT INTO reading_data (reading_id, bin_id, bin_section_id, sensor_type_id, value) VALUES (35, 21, 11, 10, 126.044538513);
INSERT INTO reading_data (reading_id, bin_id, bin_section_id, sensor_type_id, value) VALUES (35, 21, 11, 11, 80.9253127765);
INSERT INTO reading_data (reading_id, bin_id, bin_section_id, sensor_type_id, value) VALUES (35, 9, 14, 10, 98.9335149673);
INSERT INTO reading_data (reading_id, bin_id, bin_section_id, sensor_type_id, value) VALUES (35, 9, 14, 11, 85.5855787719);
INSERT INTO reading_data (reading_id, bin_id, bin_section_id, sensor_type_id, value) VALUES (35, 12, 13, 10, 114.048615492);
INSERT INTO reading_data (reading_id, bin_id, bin_section_id, sensor_type_id, value) VALUES (35, 12, 13, 11, 114.595259136);
INSERT INTO reading_data (reading_id, bin_id, bin_section_id, sensor_type_id, value) VALUES (35, 12, 13, 12, 114.953317663);
INSERT INTO reading_data (reading_id, bin_id, bin_section_id, sensor_type_id, value) VALUES (35, 12, 13, 13, 1);
INSERT INTO reading_data (reading_id, bin_id, bin_section_id, sensor_type_id, value) VALUES (35, 12, 14, 10, 90.5296374017);
INSERT INTO reading_data (reading_id, bin_id, bin_section_id, sensor_type_id, value) VALUES (35, 12, 14, 11, 86.3964192011);
INSERT INTO reading_data (reading_id, bin_id, bin_section_id, sensor_type_id, value) VALUES (35, 13, 13, 10, 90.3684496795);
INSERT INTO reading_data (reading_id, bin_id, bin_section_id, sensor_type_id, value) VALUES (35, 13, 13, 11, 102.219641881);
INSERT INTO reading_data (reading_id, bin_id, bin_section_id, sensor_type_id, value) VALUES (35, 13, 13, 12, 89.9646452919);
INSERT INTO reading_data (reading_id, bin_id, bin_section_id, sensor_type_id, value) VALUES (35, 13, 13, 13, 0);
INSERT INTO reading_data (reading_id, bin_id, bin_section_id, sensor_type_id, value) VALUES (35, 13, 14, 10, 110.783503821);
INSERT INTO reading_data (reading_id, bin_id, bin_section_id, sensor_type_id, value) VALUES (35, 13, 14, 11, 118.229125242);
INSERT INTO reading_data (reading_id, bin_id, bin_section_id, sensor_type_id, value) VALUES (35, 14, 13, 10, 94.9134508782);
INSERT INTO reading_data (reading_id, bin_id, bin_section_id, sensor_type_id, value) VALUES (35, 14, 13, 11, 127.48746972);
INSERT INTO reading_data (reading_id, bin_id, bin_section_id, sensor_type_id, value) VALUES (35, 14, 13, 12, 126.958897869);
INSERT INTO reading_data (reading_id, bin_id, bin_section_id, sensor_type_id, value) VALUES (35, 14, 13, 13, 1);
INSERT INTO reading_data (reading_id, bin_id, bin_section_id, sensor_type_id, value) VALUES (35, 14, 14, 10, 113.636260673);
INSERT INTO reading_data (reading_id, bin_id, bin_section_id, sensor_type_id, value) VALUES (35, 14, 14, 11, 128.31080387);
INSERT INTO reading_data (reading_id, bin_id, bin_section_id, sensor_type_id, value) VALUES (35, 15, 13, 10, 126.952648103);
INSERT INTO reading_data (reading_id, bin_id, bin_section_id, sensor_type_id, value) VALUES (35, 15, 13, 11, 110.063017584);
INSERT INTO reading_data (reading_id, bin_id, bin_section_id, sensor_type_id, value) VALUES (35, 15, 13, 12, 128.24358068);
INSERT INTO reading_data (reading_id, bin_id, bin_section_id, sensor_type_id, value) VALUES (35, 15, 13, 13, 0);
INSERT INTO reading_data (reading_id, bin_id, bin_section_id, sensor_type_id, value) VALUES (35, 15, 14, 10, 104.779392332);
INSERT INTO reading_data (reading_id, bin_id, bin_section_id, sensor_type_id, value) VALUES (35, 15, 14, 11, 96.771505061);
INSERT INTO reading_data (reading_id, bin_id, bin_section_id, sensor_type_id, value) VALUES (35, 17, 13, 10, 122.172761532);
INSERT INTO reading_data (reading_id, bin_id, bin_section_id, sensor_type_id, value) VALUES (35, 17, 13, 11, 115.385923383);
INSERT INTO reading_data (reading_id, bin_id, bin_section_id, sensor_type_id, value) VALUES (35, 17, 13, 12, 107.54010018);
INSERT INTO reading_data (reading_id, bin_id, bin_section_id, sensor_type_id, value) VALUES (35, 17, 13, 13, 0);
INSERT INTO reading_data (reading_id, bin_id, bin_section_id, sensor_type_id, value) VALUES (35, 17, 14, 10, 123.205352031);
INSERT INTO reading_data (reading_id, bin_id, bin_section_id, sensor_type_id, value) VALUES (35, 17, 14, 11, 96.7142408145);
INSERT INTO reading_data (reading_id, bin_id, bin_section_id, sensor_type_id, value) VALUES (35, 21, 13, 10, 127.10932603);
INSERT INTO reading_data (reading_id, bin_id, bin_section_id, sensor_type_id, value) VALUES (35, 21, 13, 11, 109.054032647);
INSERT INTO reading_data (reading_id, bin_id, bin_section_id, sensor_type_id, value) VALUES (35, 21, 13, 12, 116.973451819);
INSERT INTO reading_data (reading_id, bin_id, bin_section_id, sensor_type_id, value) VALUES (35, 21, 13, 13, 1);
INSERT INTO reading_data (reading_id, bin_id, bin_section_id, sensor_type_id, value) VALUES (35, 21, 14, 10, 90.2528545122);
INSERT INTO reading_data (reading_id, bin_id, bin_section_id, sensor_type_id, value) VALUES (35, 21, 14, 11, 114.178525498);
INSERT INTO reading_data (reading_id, bin_id, bin_section_id, sensor_type_id, value) VALUES (35, 22, 13, 10, 118.169772835);
INSERT INTO reading_data (reading_id, bin_id, bin_section_id, sensor_type_id, value) VALUES (35, 22, 13, 11, 81.7035058588);
INSERT INTO reading_data (reading_id, bin_id, bin_section_id, sensor_type_id, value) VALUES (35, 22, 13, 12, 84.8334806187);
INSERT INTO reading_data (reading_id, bin_id, bin_section_id, sensor_type_id, value) VALUES (35, 22, 13, 13, 1);
INSERT INTO reading_data (reading_id, bin_id, bin_section_id, sensor_type_id, value) VALUES (35, 22, 14, 10, 81.1626358153);
INSERT INTO reading_data (reading_id, bin_id, bin_section_id, sensor_type_id, value) VALUES (35, 22, 14, 11, 123.079082428);
INSERT INTO reading_data (reading_id, bin_id, bin_section_id, sensor_type_id, value) VALUES (35, 23, 13, 10, 83.4091683771);
INSERT INTO reading_data (reading_id, bin_id, bin_section_id, sensor_type_id, value) VALUES (35, 23, 13, 11, 84.0280095201);
INSERT INTO reading_data (reading_id, bin_id, bin_section_id, sensor_type_id, value) VALUES (35, 23, 13, 12, 111.38649387);
INSERT INTO reading_data (reading_id, bin_id, bin_section_id, sensor_type_id, value) VALUES (35, 23, 13, 13, 1);
INSERT INTO reading_data (reading_id, bin_id, bin_section_id, sensor_type_id, value) VALUES (35, 23, 14, 10, 85.5337774639);
INSERT INTO reading_data (reading_id, bin_id, bin_section_id, sensor_type_id, value) VALUES (35, 23, 14, 11, 117.409017856);
INSERT INTO reading_data (reading_id, bin_id, bin_section_id, sensor_type_id, value) VALUES (35, 24, 13, 10, 117.626844459);
INSERT INTO reading_data (reading_id, bin_id, bin_section_id, sensor_type_id, value) VALUES (35, 24, 13, 11, 83.0749852079);
INSERT INTO reading_data (reading_id, bin_id, bin_section_id, sensor_type_id, value) VALUES (35, 24, 13, 12, 126.119291117);
INSERT INTO reading_data (reading_id, bin_id, bin_section_id, sensor_type_id, value) VALUES (35, 24, 13, 13, 1);
INSERT INTO reading_data (reading_id, bin_id, bin_section_id, sensor_type_id, value) VALUES (35, 24, 14, 10, 128.109624448);
INSERT INTO reading_data (reading_id, bin_id, bin_section_id, sensor_type_id, value) VALUES (35, 24, 14, 11, 119.68220394);
INSERT INTO reading_data (reading_id, bin_id, bin_section_id, sensor_type_id, value) VALUES (35, 25, 13, 10, 95.93094176);
INSERT INTO reading_data (reading_id, bin_id, bin_section_id, sensor_type_id, value) VALUES (35, 25, 13, 11, 124.94677059);
INSERT INTO reading_data (reading_id, bin_id, bin_section_id, sensor_type_id, value) VALUES (35, 25, 13, 12, 122.580531816);
INSERT INTO reading_data (reading_id, bin_id, bin_section_id, sensor_type_id, value) VALUES (35, 25, 13, 13, 1);
INSERT INTO reading_data (reading_id, bin_id, bin_section_id, sensor_type_id, value) VALUES (35, 25, 14, 10, 100.435242031);
INSERT INTO reading_data (reading_id, bin_id, bin_section_id, sensor_type_id, value) VALUES (35, 25, 14, 11, 99.8776467456);
INSERT INTO reading (id, datetime) VALUES (36, TIMESTAMP '2012-08-19 15:39:45');
INSERT INTO reading_data (reading_id, bin_id, bin_section_id, sensor_type_id, value) VALUES (36, 10, 10, 50, 109.576387374);
INSERT INTO reading_data (reading_id, bin_id, bin_section_id, sensor_type_id, value) VALUES (36, 10, 10, 51, 100.145800501);
INSERT INTO reading_data (reading_id, bin_id, bin_section_id, sensor_type_id, value) VALUES (36, 10, 10, 40, 97.9740101979);
INSERT INTO reading_data (reading_id, bin_id, bin_section_id, sensor_type_id, value) VALUES (36, 19, 10, 50, 98.2777085218);
INSERT INTO reading_data (reading_id, bin_id, bin_section_id, sensor_type_id, value) VALUES (36, 19, 10, 51, 86.9568266873);
INSERT INTO reading_data (reading_id, bin_id, bin_section_id, sensor_type_id, value) VALUES (36, 19, 10, 40, 82.6844046069);
INSERT INTO reading_data (reading_id, bin_id, bin_section_id, sensor_type_id, value) VALUES (36, 11, 11, 20, 92.0742678737);
INSERT INTO reading_data (reading_id, bin_id, bin_section_id, sensor_type_id, value) VALUES (36, 11, 11, 21, 111.404486478);
INSERT INTO reading_data (reading_id, bin_id, bin_section_id, sensor_type_id, value) VALUES (36, 11, 11, 10, 98.5596039687);
INSERT INTO reading_data (reading_id, bin_id, bin_section_id, sensor_type_id, value) VALUES (36, 11, 11, 11, 122.836189856);
INSERT INTO reading_data (reading_id, bin_id, bin_section_id, sensor_type_id, value) VALUES (36, 21, 11, 20, 129.616039275);
INSERT INTO reading_data (reading_id, bin_id, bin_section_id, sensor_type_id, value) VALUES (36, 21, 11, 21, 110.680214414);
INSERT INTO reading_data (reading_id, bin_id, bin_section_id, sensor_type_id, value) VALUES (36, 21, 11, 10, 90.1227957995);
INSERT INTO reading_data (reading_id, bin_id, bin_section_id, sensor_type_id, value) VALUES (36, 21, 11, 11, 86.1131392312);
INSERT INTO reading_data (reading_id, bin_id, bin_section_id, sensor_type_id, value) VALUES (36, 9, 14, 10, 92.7085028984);
INSERT INTO reading_data (reading_id, bin_id, bin_section_id, sensor_type_id, value) VALUES (36, 9, 14, 11, 92.2347601729);
INSERT INTO reading_data (reading_id, bin_id, bin_section_id, sensor_type_id, value) VALUES (36, 12, 13, 10, 115.624665723);
INSERT INTO reading_data (reading_id, bin_id, bin_section_id, sensor_type_id, value) VALUES (36, 12, 13, 11, 111.799599122);
INSERT INTO reading_data (reading_id, bin_id, bin_section_id, sensor_type_id, value) VALUES (36, 12, 13, 12, 119.23108241);
INSERT INTO reading_data (reading_id, bin_id, bin_section_id, sensor_type_id, value) VALUES (36, 12, 13, 13, 0);
INSERT INTO reading_data (reading_id, bin_id, bin_section_id, sensor_type_id, value) VALUES (36, 12, 14, 10, 82.4807723828);
INSERT INTO reading_data (reading_id, bin_id, bin_section_id, sensor_type_id, value) VALUES (36, 12, 14, 11, 91.7888472999);
INSERT INTO reading_data (reading_id, bin_id, bin_section_id, sensor_type_id, value) VALUES (36, 13, 13, 10, 122.536542105);
INSERT INTO reading_data (reading_id, bin_id, bin_section_id, sensor_type_id, value) VALUES (36, 13, 13, 11, 121.455119677);
INSERT INTO reading_data (reading_id, bin_id, bin_section_id, sensor_type_id, value) VALUES (36, 13, 13, 12, 83.0302939572);
INSERT INTO reading_data (reading_id, bin_id, bin_section_id, sensor_type_id, value) VALUES (36, 13, 13, 13, 0);
INSERT INTO reading_data (reading_id, bin_id, bin_section_id, sensor_type_id, value) VALUES (36, 13, 14, 10, 114.386247308);
INSERT INTO reading_data (reading_id, bin_id, bin_section_id, sensor_type_id, value) VALUES (36, 13, 14, 11, 123.977026176);
INSERT INTO reading_data (reading_id, bin_id, bin_section_id, sensor_type_id, value) VALUES (36, 14, 13, 10, 117.202842427);
INSERT INTO reading_data (reading_id, bin_id, bin_section_id, sensor_type_id, value) VALUES (36, 14, 13, 11, 89.4901131649);
INSERT INTO reading_data (reading_id, bin_id, bin_section_id, sensor_type_id, value) VALUES (36, 14, 13, 12, 121.776276919);
INSERT INTO reading_data (reading_id, bin_id, bin_section_id, sensor_type_id, value) VALUES (36, 14, 13, 13, 0);
INSERT INTO reading_data (reading_id, bin_id, bin_section_id, sensor_type_id, value) VALUES (36, 14, 14, 10, 100.043235976);
INSERT INTO reading_data (reading_id, bin_id, bin_section_id, sensor_type_id, value) VALUES (36, 14, 14, 11, 95.4407082493);
INSERT INTO reading_data (reading_id, bin_id, bin_section_id, sensor_type_id, value) VALUES (36, 15, 13, 10, 113.087486648);
INSERT INTO reading_data (reading_id, bin_id, bin_section_id, sensor_type_id, value) VALUES (36, 15, 13, 11, 88.0231949475);
INSERT INTO reading_data (reading_id, bin_id, bin_section_id, sensor_type_id, value) VALUES (36, 15, 13, 12, 108.761146838);
INSERT INTO reading_data (reading_id, bin_id, bin_section_id, sensor_type_id, value) VALUES (36, 15, 13, 13, 1);
INSERT INTO reading_data (reading_id, bin_id, bin_section_id, sensor_type_id, value) VALUES (36, 15, 14, 10, 120.481017926);
INSERT INTO reading_data (reading_id, bin_id, bin_section_id, sensor_type_id, value) VALUES (36, 15, 14, 11, 116.428365757);
INSERT INTO reading_data (reading_id, bin_id, bin_section_id, sensor_type_id, value) VALUES (36, 17, 13, 10, 87.5738604643);
INSERT INTO reading_data (reading_id, bin_id, bin_section_id, sensor_type_id, value) VALUES (36, 17, 13, 11, 119.754541692);
INSERT INTO reading_data (reading_id, bin_id, bin_section_id, sensor_type_id, value) VALUES (36, 17, 13, 12, 111.055913702);
INSERT INTO reading_data (reading_id, bin_id, bin_section_id, sensor_type_id, value) VALUES (36, 17, 13, 13, 0);
INSERT INTO reading_data (reading_id, bin_id, bin_section_id, sensor_type_id, value) VALUES (36, 17, 14, 10, 111.267770893);
INSERT INTO reading_data (reading_id, bin_id, bin_section_id, sensor_type_id, value) VALUES (36, 17, 14, 11, 103.094240306);
INSERT INTO reading_data (reading_id, bin_id, bin_section_id, sensor_type_id, value) VALUES (36, 21, 13, 10, 128.093772128);
INSERT INTO reading_data (reading_id, bin_id, bin_section_id, sensor_type_id, value) VALUES (36, 21, 13, 11, 99.8917133368);
INSERT INTO reading_data (reading_id, bin_id, bin_section_id, sensor_type_id, value) VALUES (36, 21, 13, 12, 104.215783987);
INSERT INTO reading_data (reading_id, bin_id, bin_section_id, sensor_type_id, value) VALUES (36, 21, 13, 13, 1);
INSERT INTO reading_data (reading_id, bin_id, bin_section_id, sensor_type_id, value) VALUES (36, 21, 14, 10, 108.184195393);
INSERT INTO reading_data (reading_id, bin_id, bin_section_id, sensor_type_id, value) VALUES (36, 21, 14, 11, 94.8007034677);
INSERT INTO reading_data (reading_id, bin_id, bin_section_id, sensor_type_id, value) VALUES (36, 22, 13, 10, 114.856211498);
INSERT INTO reading_data (reading_id, bin_id, bin_section_id, sensor_type_id, value) VALUES (36, 22, 13, 11, 115.251124099);
INSERT INTO reading_data (reading_id, bin_id, bin_section_id, sensor_type_id, value) VALUES (36, 22, 13, 12, 122.678518018);
INSERT INTO reading_data (reading_id, bin_id, bin_section_id, sensor_type_id, value) VALUES (36, 22, 13, 13, 1);
INSERT INTO reading_data (reading_id, bin_id, bin_section_id, sensor_type_id, value) VALUES (36, 22, 14, 10, 127.036950769);
INSERT INTO reading_data (reading_id, bin_id, bin_section_id, sensor_type_id, value) VALUES (36, 22, 14, 11, 117.177759786);
INSERT INTO reading_data (reading_id, bin_id, bin_section_id, sensor_type_id, value) VALUES (36, 23, 13, 10, 129.357194673);
INSERT INTO reading_data (reading_id, bin_id, bin_section_id, sensor_type_id, value) VALUES (36, 23, 13, 11, 93.4789098306);
INSERT INTO reading_data (reading_id, bin_id, bin_section_id, sensor_type_id, value) VALUES (36, 23, 13, 12, 102.799113802);
INSERT INTO reading_data (reading_id, bin_id, bin_section_id, sensor_type_id, value) VALUES (36, 23, 13, 13, 0);
INSERT INTO reading_data (reading_id, bin_id, bin_section_id, sensor_type_id, value) VALUES (36, 23, 14, 10, 97.5525098625);
INSERT INTO reading_data (reading_id, bin_id, bin_section_id, sensor_type_id, value) VALUES (36, 23, 14, 11, 95.3867893927);
INSERT INTO reading_data (reading_id, bin_id, bin_section_id, sensor_type_id, value) VALUES (36, 24, 13, 10, 114.16323782);
INSERT INTO reading_data (reading_id, bin_id, bin_section_id, sensor_type_id, value) VALUES (36, 24, 13, 11, 84.2477162582);
INSERT INTO reading_data (reading_id, bin_id, bin_section_id, sensor_type_id, value) VALUES (36, 24, 13, 12, 86.5753674891);
INSERT INTO reading_data (reading_id, bin_id, bin_section_id, sensor_type_id, value) VALUES (36, 24, 13, 13, 0);
INSERT INTO reading_data (reading_id, bin_id, bin_section_id, sensor_type_id, value) VALUES (36, 24, 14, 10, 113.326004452);
INSERT INTO reading_data (reading_id, bin_id, bin_section_id, sensor_type_id, value) VALUES (36, 24, 14, 11, 117.38014205);
INSERT INTO reading_data (reading_id, bin_id, bin_section_id, sensor_type_id, value) VALUES (36, 25, 13, 10, 110.056495544);
INSERT INTO reading_data (reading_id, bin_id, bin_section_id, sensor_type_id, value) VALUES (36, 25, 13, 11, 121.263083275);
INSERT INTO reading_data (reading_id, bin_id, bin_section_id, sensor_type_id, value) VALUES (36, 25, 13, 12, 127.380053394);
INSERT INTO reading_data (reading_id, bin_id, bin_section_id, sensor_type_id, value) VALUES (36, 25, 13, 13, 0);
INSERT INTO reading_data (reading_id, bin_id, bin_section_id, sensor_type_id, value) VALUES (36, 25, 14, 10, 85.5008214897);
INSERT INTO reading_data (reading_id, bin_id, bin_section_id, sensor_type_id, value) VALUES (36, 25, 14, 11, 92.4599115271);
INSERT INTO reading (id, datetime) VALUES (37, TIMESTAMP '2012-08-19 15:44:45');
INSERT INTO reading_data (reading_id, bin_id, bin_section_id, sensor_type_id, value) VALUES (37, 10, 10, 50, 128.438444134);
INSERT INTO reading_data (reading_id, bin_id, bin_section_id, sensor_type_id, value) VALUES (37, 10, 10, 51, 99.8808700989);
INSERT INTO reading_data (reading_id, bin_id, bin_section_id, sensor_type_id, value) VALUES (37, 10, 10, 40, 118.563031038);
INSERT INTO reading_data (reading_id, bin_id, bin_section_id, sensor_type_id, value) VALUES (37, 19, 10, 50, 81.707914396);
INSERT INTO reading_data (reading_id, bin_id, bin_section_id, sensor_type_id, value) VALUES (37, 19, 10, 51, 114.530273686);
INSERT INTO reading_data (reading_id, bin_id, bin_section_id, sensor_type_id, value) VALUES (37, 19, 10, 40, 116.377284492);
INSERT INTO reading_data (reading_id, bin_id, bin_section_id, sensor_type_id, value) VALUES (37, 11, 11, 20, 105.35681548);
INSERT INTO reading_data (reading_id, bin_id, bin_section_id, sensor_type_id, value) VALUES (37, 11, 11, 21, 115.214088027);
INSERT INTO reading_data (reading_id, bin_id, bin_section_id, sensor_type_id, value) VALUES (37, 11, 11, 10, 119.451881576);
INSERT INTO reading_data (reading_id, bin_id, bin_section_id, sensor_type_id, value) VALUES (37, 11, 11, 11, 86.9602981356);
INSERT INTO reading_data (reading_id, bin_id, bin_section_id, sensor_type_id, value) VALUES (37, 21, 11, 20, 93.7782013029);
INSERT INTO reading_data (reading_id, bin_id, bin_section_id, sensor_type_id, value) VALUES (37, 21, 11, 21, 116.86034745);
INSERT INTO reading_data (reading_id, bin_id, bin_section_id, sensor_type_id, value) VALUES (37, 21, 11, 10, 91.3371239282);
INSERT INTO reading_data (reading_id, bin_id, bin_section_id, sensor_type_id, value) VALUES (37, 21, 11, 11, 126.915391606);
INSERT INTO reading_data (reading_id, bin_id, bin_section_id, sensor_type_id, value) VALUES (37, 9, 14, 10, 82.3865075495);
INSERT INTO reading_data (reading_id, bin_id, bin_section_id, sensor_type_id, value) VALUES (37, 9, 14, 11, 82.8803657842);
INSERT INTO reading_data (reading_id, bin_id, bin_section_id, sensor_type_id, value) VALUES (37, 12, 13, 10, 84.6413808628);
INSERT INTO reading_data (reading_id, bin_id, bin_section_id, sensor_type_id, value) VALUES (37, 12, 13, 11, 123.952054832);
INSERT INTO reading_data (reading_id, bin_id, bin_section_id, sensor_type_id, value) VALUES (37, 12, 13, 12, 123.620102961);
INSERT INTO reading_data (reading_id, bin_id, bin_section_id, sensor_type_id, value) VALUES (37, 12, 13, 13, 0);
INSERT INTO reading_data (reading_id, bin_id, bin_section_id, sensor_type_id, value) VALUES (37, 12, 14, 10, 85.7270266761);
INSERT INTO reading_data (reading_id, bin_id, bin_section_id, sensor_type_id, value) VALUES (37, 12, 14, 11, 121.575149819);
INSERT INTO reading_data (reading_id, bin_id, bin_section_id, sensor_type_id, value) VALUES (37, 13, 13, 10, 106.345247062);
INSERT INTO reading_data (reading_id, bin_id, bin_section_id, sensor_type_id, value) VALUES (37, 13, 13, 11, 88.4275128906);
INSERT INTO reading_data (reading_id, bin_id, bin_section_id, sensor_type_id, value) VALUES (37, 13, 13, 12, 119.408405849);
INSERT INTO reading_data (reading_id, bin_id, bin_section_id, sensor_type_id, value) VALUES (37, 13, 13, 13, 0);
INSERT INTO reading_data (reading_id, bin_id, bin_section_id, sensor_type_id, value) VALUES (37, 13, 14, 10, 129.433740341);
INSERT INTO reading_data (reading_id, bin_id, bin_section_id, sensor_type_id, value) VALUES (37, 13, 14, 11, 121.483098111);
INSERT INTO reading_data (reading_id, bin_id, bin_section_id, sensor_type_id, value) VALUES (37, 14, 13, 10, 93.7196864453);
INSERT INTO reading_data (reading_id, bin_id, bin_section_id, sensor_type_id, value) VALUES (37, 14, 13, 11, 100.360066476);
INSERT INTO reading_data (reading_id, bin_id, bin_section_id, sensor_type_id, value) VALUES (37, 14, 13, 12, 121.122293346);
INSERT INTO reading_data (reading_id, bin_id, bin_section_id, sensor_type_id, value) VALUES (37, 14, 13, 13, 0);
INSERT INTO reading_data (reading_id, bin_id, bin_section_id, sensor_type_id, value) VALUES (37, 14, 14, 10, 122.44232544);
INSERT INTO reading_data (reading_id, bin_id, bin_section_id, sensor_type_id, value) VALUES (37, 14, 14, 11, 111.996990517);
INSERT INTO reading_data (reading_id, bin_id, bin_section_id, sensor_type_id, value) VALUES (37, 15, 13, 10, 90.1906733287);
INSERT INTO reading_data (reading_id, bin_id, bin_section_id, sensor_type_id, value) VALUES (37, 15, 13, 11, 110.771132031);
INSERT INTO reading_data (reading_id, bin_id, bin_section_id, sensor_type_id, value) VALUES (37, 15, 13, 12, 128.197044117);
INSERT INTO reading_data (reading_id, bin_id, bin_section_id, sensor_type_id, value) VALUES (37, 15, 13, 13, 0);
INSERT INTO reading_data (reading_id, bin_id, bin_section_id, sensor_type_id, value) VALUES (37, 15, 14, 10, 120.079335084);
INSERT INTO reading_data (reading_id, bin_id, bin_section_id, sensor_type_id, value) VALUES (37, 15, 14, 11, 81.8848438289);
INSERT INTO reading_data (reading_id, bin_id, bin_section_id, sensor_type_id, value) VALUES (37, 17, 13, 10, 117.690195207);
INSERT INTO reading_data (reading_id, bin_id, bin_section_id, sensor_type_id, value) VALUES (37, 17, 13, 11, 89.0070021339);
INSERT INTO reading_data (reading_id, bin_id, bin_section_id, sensor_type_id, value) VALUES (37, 17, 13, 12, 87.8247764033);
INSERT INTO reading_data (reading_id, bin_id, bin_section_id, sensor_type_id, value) VALUES (37, 17, 13, 13, 1);
INSERT INTO reading_data (reading_id, bin_id, bin_section_id, sensor_type_id, value) VALUES (37, 17, 14, 10, 119.300149567);
INSERT INTO reading_data (reading_id, bin_id, bin_section_id, sensor_type_id, value) VALUES (37, 17, 14, 11, 128.014052183);
INSERT INTO reading_data (reading_id, bin_id, bin_section_id, sensor_type_id, value) VALUES (37, 21, 13, 10, 90.2585129683);
INSERT INTO reading_data (reading_id, bin_id, bin_section_id, sensor_type_id, value) VALUES (37, 21, 13, 11, 82.4972753479);
INSERT INTO reading_data (reading_id, bin_id, bin_section_id, sensor_type_id, value) VALUES (37, 21, 13, 12, 123.594335042);
INSERT INTO reading_data (reading_id, bin_id, bin_section_id, sensor_type_id, value) VALUES (37, 21, 13, 13, 1);
INSERT INTO reading_data (reading_id, bin_id, bin_section_id, sensor_type_id, value) VALUES (37, 21, 14, 10, 97.7265527356);
INSERT INTO reading_data (reading_id, bin_id, bin_section_id, sensor_type_id, value) VALUES (37, 21, 14, 11, 104.957726399);
INSERT INTO reading_data (reading_id, bin_id, bin_section_id, sensor_type_id, value) VALUES (37, 22, 13, 10, 83.0672297117);
INSERT INTO reading_data (reading_id, bin_id, bin_section_id, sensor_type_id, value) VALUES (37, 22, 13, 11, 118.122589204);
INSERT INTO reading_data (reading_id, bin_id, bin_section_id, sensor_type_id, value) VALUES (37, 22, 13, 12, 102.837123161);
INSERT INTO reading_data (reading_id, bin_id, bin_section_id, sensor_type_id, value) VALUES (37, 22, 13, 13, 0);
INSERT INTO reading_data (reading_id, bin_id, bin_section_id, sensor_type_id, value) VALUES (37, 22, 14, 10, 105.450216586);
INSERT INTO reading_data (reading_id, bin_id, bin_section_id, sensor_type_id, value) VALUES (37, 22, 14, 11, 112.579301013);
INSERT INTO reading_data (reading_id, bin_id, bin_section_id, sensor_type_id, value) VALUES (37, 23, 13, 10, 123.387708016);
INSERT INTO reading_data (reading_id, bin_id, bin_section_id, sensor_type_id, value) VALUES (37, 23, 13, 11, 113.723741215);
INSERT INTO reading_data (reading_id, bin_id, bin_section_id, sensor_type_id, value) VALUES (37, 23, 13, 12, 98.2049034736);
INSERT INTO reading_data (reading_id, bin_id, bin_section_id, sensor_type_id, value) VALUES (37, 23, 13, 13, 1);
INSERT INTO reading_data (reading_id, bin_id, bin_section_id, sensor_type_id, value) VALUES (37, 23, 14, 10, 95.4037144653);
INSERT INTO reading_data (reading_id, bin_id, bin_section_id, sensor_type_id, value) VALUES (37, 23, 14, 11, 95.4223360412);
INSERT INTO reading_data (reading_id, bin_id, bin_section_id, sensor_type_id, value) VALUES (37, 24, 13, 10, 109.261628799);
INSERT INTO reading_data (reading_id, bin_id, bin_section_id, sensor_type_id, value) VALUES (37, 24, 13, 11, 92.598013629);
INSERT INTO reading_data (reading_id, bin_id, bin_section_id, sensor_type_id, value) VALUES (37, 24, 13, 12, 107.980477563);
INSERT INTO reading_data (reading_id, bin_id, bin_section_id, sensor_type_id, value) VALUES (37, 24, 13, 13, 1);
INSERT INTO reading_data (reading_id, bin_id, bin_section_id, sensor_type_id, value) VALUES (37, 24, 14, 10, 112.244857167);
INSERT INTO reading_data (reading_id, bin_id, bin_section_id, sensor_type_id, value) VALUES (37, 24, 14, 11, 120.516295468);
INSERT INTO reading_data (reading_id, bin_id, bin_section_id, sensor_type_id, value) VALUES (37, 25, 13, 10, 97.3085148444);
INSERT INTO reading_data (reading_id, bin_id, bin_section_id, sensor_type_id, value) VALUES (37, 25, 13, 11, 107.99884208);
INSERT INTO reading_data (reading_id, bin_id, bin_section_id, sensor_type_id, value) VALUES (37, 25, 13, 12, 103.98673586);
INSERT INTO reading_data (reading_id, bin_id, bin_section_id, sensor_type_id, value) VALUES (37, 25, 13, 13, 1);
INSERT INTO reading_data (reading_id, bin_id, bin_section_id, sensor_type_id, value) VALUES (37, 25, 14, 10, 112.913198015);
INSERT INTO reading_data (reading_id, bin_id, bin_section_id, sensor_type_id, value) VALUES (37, 25, 14, 11, 91.9646704223);
INSERT INTO reading (id, datetime) VALUES (38, TIMESTAMP '2012-08-19 15:49:45');
INSERT INTO reading_data (reading_id, bin_id, bin_section_id, sensor_type_id, value) VALUES (38, 10, 10, 50, 84.5473197299);
INSERT INTO reading_data (reading_id, bin_id, bin_section_id, sensor_type_id, value) VALUES (38, 10, 10, 51, 112.701338321);
INSERT INTO reading_data (reading_id, bin_id, bin_section_id, sensor_type_id, value) VALUES (38, 10, 10, 40, 122.078083088);
INSERT INTO reading_data (reading_id, bin_id, bin_section_id, sensor_type_id, value) VALUES (38, 19, 10, 50, 97.509158449);
INSERT INTO reading_data (reading_id, bin_id, bin_section_id, sensor_type_id, value) VALUES (38, 19, 10, 51, 81.8843899919);
INSERT INTO reading_data (reading_id, bin_id, bin_section_id, sensor_type_id, value) VALUES (38, 19, 10, 40, 95.8302437271);
INSERT INTO reading_data (reading_id, bin_id, bin_section_id, sensor_type_id, value) VALUES (38, 11, 11, 20, 123.391227648);
INSERT INTO reading_data (reading_id, bin_id, bin_section_id, sensor_type_id, value) VALUES (38, 11, 11, 21, 94.6102337261);
INSERT INTO reading_data (reading_id, bin_id, bin_section_id, sensor_type_id, value) VALUES (38, 11, 11, 10, 111.625221793);
INSERT INTO reading_data (reading_id, bin_id, bin_section_id, sensor_type_id, value) VALUES (38, 11, 11, 11, 113.870604522);
INSERT INTO reading_data (reading_id, bin_id, bin_section_id, sensor_type_id, value) VALUES (38, 21, 11, 20, 99.6150695452);
INSERT INTO reading_data (reading_id, bin_id, bin_section_id, sensor_type_id, value) VALUES (38, 21, 11, 21, 83.1957471202);
INSERT INTO reading_data (reading_id, bin_id, bin_section_id, sensor_type_id, value) VALUES (38, 21, 11, 10, 86.1771392643);
INSERT INTO reading_data (reading_id, bin_id, bin_section_id, sensor_type_id, value) VALUES (38, 21, 11, 11, 106.322557599);
INSERT INTO reading_data (reading_id, bin_id, bin_section_id, sensor_type_id, value) VALUES (38, 9, 14, 10, 98.5526992397);
INSERT INTO reading_data (reading_id, bin_id, bin_section_id, sensor_type_id, value) VALUES (38, 9, 14, 11, 104.956978784);
INSERT INTO reading_data (reading_id, bin_id, bin_section_id, sensor_type_id, value) VALUES (38, 12, 13, 10, 121.062179872);
INSERT INTO reading_data (reading_id, bin_id, bin_section_id, sensor_type_id, value) VALUES (38, 12, 13, 11, 83.1854891833);
INSERT INTO reading_data (reading_id, bin_id, bin_section_id, sensor_type_id, value) VALUES (38, 12, 13, 12, 106.73292146);
INSERT INTO reading_data (reading_id, bin_id, bin_section_id, sensor_type_id, value) VALUES (38, 12, 13, 13, 1);
INSERT INTO reading_data (reading_id, bin_id, bin_section_id, sensor_type_id, value) VALUES (38, 12, 14, 10, 118.304579389);
INSERT INTO reading_data (reading_id, bin_id, bin_section_id, sensor_type_id, value) VALUES (38, 12, 14, 11, 91.6426924676);
INSERT INTO reading_data (reading_id, bin_id, bin_section_id, sensor_type_id, value) VALUES (38, 13, 13, 10, 85.6374390706);
INSERT INTO reading_data (reading_id, bin_id, bin_section_id, sensor_type_id, value) VALUES (38, 13, 13, 11, 116.328615904);
INSERT INTO reading_data (reading_id, bin_id, bin_section_id, sensor_type_id, value) VALUES (38, 13, 13, 12, 88.4830290782);
INSERT INTO reading_data (reading_id, bin_id, bin_section_id, sensor_type_id, value) VALUES (38, 13, 13, 13, 1);
INSERT INTO reading_data (reading_id, bin_id, bin_section_id, sensor_type_id, value) VALUES (38, 13, 14, 10, 98.4042900806);
INSERT INTO reading_data (reading_id, bin_id, bin_section_id, sensor_type_id, value) VALUES (38, 13, 14, 11, 128.738427698);
INSERT INTO reading_data (reading_id, bin_id, bin_section_id, sensor_type_id, value) VALUES (38, 14, 13, 10, 98.7198144289);
INSERT INTO reading_data (reading_id, bin_id, bin_section_id, sensor_type_id, value) VALUES (38, 14, 13, 11, 87.0807645136);
INSERT INTO reading_data (reading_id, bin_id, bin_section_id, sensor_type_id, value) VALUES (38, 14, 13, 12, 82.0399681474);
INSERT INTO reading_data (reading_id, bin_id, bin_section_id, sensor_type_id, value) VALUES (38, 14, 13, 13, 0);
INSERT INTO reading_data (reading_id, bin_id, bin_section_id, sensor_type_id, value) VALUES (38, 14, 14, 10, 99.0289729483);
INSERT INTO reading_data (reading_id, bin_id, bin_section_id, sensor_type_id, value) VALUES (38, 14, 14, 11, 84.1644795503);
INSERT INTO reading_data (reading_id, bin_id, bin_section_id, sensor_type_id, value) VALUES (38, 15, 13, 10, 91.5440484133);
INSERT INTO reading_data (reading_id, bin_id, bin_section_id, sensor_type_id, value) VALUES (38, 15, 13, 11, 103.17747264);
INSERT INTO reading_data (reading_id, bin_id, bin_section_id, sensor_type_id, value) VALUES (38, 15, 13, 12, 103.537764691);
INSERT INTO reading_data (reading_id, bin_id, bin_section_id, sensor_type_id, value) VALUES (38, 15, 13, 13, 1);
INSERT INTO reading_data (reading_id, bin_id, bin_section_id, sensor_type_id, value) VALUES (38, 15, 14, 10, 81.1297599194);
INSERT INTO reading_data (reading_id, bin_id, bin_section_id, sensor_type_id, value) VALUES (38, 15, 14, 11, 112.195064812);
INSERT INTO reading_data (reading_id, bin_id, bin_section_id, sensor_type_id, value) VALUES (38, 17, 13, 10, 109.408114011);
INSERT INTO reading_data (reading_id, bin_id, bin_section_id, sensor_type_id, value) VALUES (38, 17, 13, 11, 123.806696233);
INSERT INTO reading_data (reading_id, bin_id, bin_section_id, sensor_type_id, value) VALUES (38, 17, 13, 12, 87.4708444455);
INSERT INTO reading_data (reading_id, bin_id, bin_section_id, sensor_type_id, value) VALUES (38, 17, 13, 13, 0);
INSERT INTO reading_data (reading_id, bin_id, bin_section_id, sensor_type_id, value) VALUES (38, 17, 14, 10, 94.9955771077);
INSERT INTO reading_data (reading_id, bin_id, bin_section_id, sensor_type_id, value) VALUES (38, 17, 14, 11, 116.84301589);
INSERT INTO reading_data (reading_id, bin_id, bin_section_id, sensor_type_id, value) VALUES (38, 21, 13, 10, 109.423705624);
INSERT INTO reading_data (reading_id, bin_id, bin_section_id, sensor_type_id, value) VALUES (38, 21, 13, 11, 110.495242778);
INSERT INTO reading_data (reading_id, bin_id, bin_section_id, sensor_type_id, value) VALUES (38, 21, 13, 12, 115.610951127);
INSERT INTO reading_data (reading_id, bin_id, bin_section_id, sensor_type_id, value) VALUES (38, 21, 13, 13, 0);
INSERT INTO reading_data (reading_id, bin_id, bin_section_id, sensor_type_id, value) VALUES (38, 21, 14, 10, 105.443991498);
INSERT INTO reading_data (reading_id, bin_id, bin_section_id, sensor_type_id, value) VALUES (38, 21, 14, 11, 98.6409636037);
INSERT INTO reading_data (reading_id, bin_id, bin_section_id, sensor_type_id, value) VALUES (38, 22, 13, 10, 114.050730347);
INSERT INTO reading_data (reading_id, bin_id, bin_section_id, sensor_type_id, value) VALUES (38, 22, 13, 11, 85.1223397097);
INSERT INTO reading_data (reading_id, bin_id, bin_section_id, sensor_type_id, value) VALUES (38, 22, 13, 12, 108.096725117);
INSERT INTO reading_data (reading_id, bin_id, bin_section_id, sensor_type_id, value) VALUES (38, 22, 13, 13, 1);
INSERT INTO reading_data (reading_id, bin_id, bin_section_id, sensor_type_id, value) VALUES (38, 22, 14, 10, 124.095239547);
INSERT INTO reading_data (reading_id, bin_id, bin_section_id, sensor_type_id, value) VALUES (38, 22, 14, 11, 110.788706922);
INSERT INTO reading_data (reading_id, bin_id, bin_section_id, sensor_type_id, value) VALUES (38, 23, 13, 10, 88.9817258898);
INSERT INTO reading_data (reading_id, bin_id, bin_section_id, sensor_type_id, value) VALUES (38, 23, 13, 11, 82.9065334647);
INSERT INTO reading_data (reading_id, bin_id, bin_section_id, sensor_type_id, value) VALUES (38, 23, 13, 12, 102.070873796);
INSERT INTO reading_data (reading_id, bin_id, bin_section_id, sensor_type_id, value) VALUES (38, 23, 13, 13, 0);
INSERT INTO reading_data (reading_id, bin_id, bin_section_id, sensor_type_id, value) VALUES (38, 23, 14, 10, 107.114537325);
INSERT INTO reading_data (reading_id, bin_id, bin_section_id, sensor_type_id, value) VALUES (38, 23, 14, 11, 102.063272558);
INSERT INTO reading_data (reading_id, bin_id, bin_section_id, sensor_type_id, value) VALUES (38, 24, 13, 10, 84.7024797643);
INSERT INTO reading_data (reading_id, bin_id, bin_section_id, sensor_type_id, value) VALUES (38, 24, 13, 11, 82.9471841034);
INSERT INTO reading_data (reading_id, bin_id, bin_section_id, sensor_type_id, value) VALUES (38, 24, 13, 12, 99.9569362422);
INSERT INTO reading_data (reading_id, bin_id, bin_section_id, sensor_type_id, value) VALUES (38, 24, 13, 13, 0);
INSERT INTO reading_data (reading_id, bin_id, bin_section_id, sensor_type_id, value) VALUES (38, 24, 14, 10, 114.671067065);
INSERT INTO reading_data (reading_id, bin_id, bin_section_id, sensor_type_id, value) VALUES (38, 24, 14, 11, 99.900513402);
INSERT INTO reading_data (reading_id, bin_id, bin_section_id, sensor_type_id, value) VALUES (38, 25, 13, 10, 98.4763514958);
INSERT INTO reading_data (reading_id, bin_id, bin_section_id, sensor_type_id, value) VALUES (38, 25, 13, 11, 117.041202258);
INSERT INTO reading_data (reading_id, bin_id, bin_section_id, sensor_type_id, value) VALUES (38, 25, 13, 12, 86.2397240156);
INSERT INTO reading_data (reading_id, bin_id, bin_section_id, sensor_type_id, value) VALUES (38, 25, 13, 13, 0);
INSERT INTO reading_data (reading_id, bin_id, bin_section_id, sensor_type_id, value) VALUES (38, 25, 14, 10, 83.2746573915);
INSERT INTO reading_data (reading_id, bin_id, bin_section_id, sensor_type_id, value) VALUES (38, 25, 14, 11, 95.8800589743);
INSERT INTO reading (id, datetime) VALUES (39, TIMESTAMP '2012-08-19 15:54:45');
INSERT INTO reading_data (reading_id, bin_id, bin_section_id, sensor_type_id, value) VALUES (39, 10, 10, 50, 88.711729413);
INSERT INTO reading_data (reading_id, bin_id, bin_section_id, sensor_type_id, value) VALUES (39, 10, 10, 51, 106.486462566);
INSERT INTO reading_data (reading_id, bin_id, bin_section_id, sensor_type_id, value) VALUES (39, 10, 10, 40, 82.3316269751);
INSERT INTO reading_data (reading_id, bin_id, bin_section_id, sensor_type_id, value) VALUES (39, 19, 10, 50, 83.4322312023);
INSERT INTO reading_data (reading_id, bin_id, bin_section_id, sensor_type_id, value) VALUES (39, 19, 10, 51, 121.495535114);
INSERT INTO reading_data (reading_id, bin_id, bin_section_id, sensor_type_id, value) VALUES (39, 19, 10, 40, 98.2687181297);
INSERT INTO reading_data (reading_id, bin_id, bin_section_id, sensor_type_id, value) VALUES (39, 11, 11, 20, 95.1080523021);
INSERT INTO reading_data (reading_id, bin_id, bin_section_id, sensor_type_id, value) VALUES (39, 11, 11, 21, 112.060580461);
INSERT INTO reading_data (reading_id, bin_id, bin_section_id, sensor_type_id, value) VALUES (39, 11, 11, 10, 99.204448628);
INSERT INTO reading_data (reading_id, bin_id, bin_section_id, sensor_type_id, value) VALUES (39, 11, 11, 11, 108.851745154);
INSERT INTO reading_data (reading_id, bin_id, bin_section_id, sensor_type_id, value) VALUES (39, 21, 11, 20, 96.3866885331);
INSERT INTO reading_data (reading_id, bin_id, bin_section_id, sensor_type_id, value) VALUES (39, 21, 11, 21, 107.473398998);
INSERT INTO reading_data (reading_id, bin_id, bin_section_id, sensor_type_id, value) VALUES (39, 21, 11, 10, 114.971516951);
INSERT INTO reading_data (reading_id, bin_id, bin_section_id, sensor_type_id, value) VALUES (39, 21, 11, 11, 115.032931762);
INSERT INTO reading_data (reading_id, bin_id, bin_section_id, sensor_type_id, value) VALUES (39, 9, 14, 10, 92.3884613404);
INSERT INTO reading_data (reading_id, bin_id, bin_section_id, sensor_type_id, value) VALUES (39, 9, 14, 11, 94.907494701);
INSERT INTO reading_data (reading_id, bin_id, bin_section_id, sensor_type_id, value) VALUES (39, 12, 13, 10, 114.271254218);
INSERT INTO reading_data (reading_id, bin_id, bin_section_id, sensor_type_id, value) VALUES (39, 12, 13, 11, 127.07257099);
INSERT INTO reading_data (reading_id, bin_id, bin_section_id, sensor_type_id, value) VALUES (39, 12, 13, 12, 123.438883562);
INSERT INTO reading_data (reading_id, bin_id, bin_section_id, sensor_type_id, value) VALUES (39, 12, 13, 13, 0);
INSERT INTO reading_data (reading_id, bin_id, bin_section_id, sensor_type_id, value) VALUES (39, 12, 14, 10, 91.4464469418);
INSERT INTO reading_data (reading_id, bin_id, bin_section_id, sensor_type_id, value) VALUES (39, 12, 14, 11, 125.343697571);
INSERT INTO reading_data (reading_id, bin_id, bin_section_id, sensor_type_id, value) VALUES (39, 13, 13, 10, 124.177849199);
INSERT INTO reading_data (reading_id, bin_id, bin_section_id, sensor_type_id, value) VALUES (39, 13, 13, 11, 116.878879294);
INSERT INTO reading_data (reading_id, bin_id, bin_section_id, sensor_type_id, value) VALUES (39, 13, 13, 12, 84.4952524949);
INSERT INTO reading_data (reading_id, bin_id, bin_section_id, sensor_type_id, value) VALUES (39, 13, 13, 13, 1);
INSERT INTO reading_data (reading_id, bin_id, bin_section_id, sensor_type_id, value) VALUES (39, 13, 14, 10, 107.738789733);
INSERT INTO reading_data (reading_id, bin_id, bin_section_id, sensor_type_id, value) VALUES (39, 13, 14, 11, 123.212665697);
INSERT INTO reading_data (reading_id, bin_id, bin_section_id, sensor_type_id, value) VALUES (39, 14, 13, 10, 100.584393465);
INSERT INTO reading_data (reading_id, bin_id, bin_section_id, sensor_type_id, value) VALUES (39, 14, 13, 11, 119.781021724);
INSERT INTO reading_data (reading_id, bin_id, bin_section_id, sensor_type_id, value) VALUES (39, 14, 13, 12, 80.2984883435);
INSERT INTO reading_data (reading_id, bin_id, bin_section_id, sensor_type_id, value) VALUES (39, 14, 13, 13, 0);
INSERT INTO reading_data (reading_id, bin_id, bin_section_id, sensor_type_id, value) VALUES (39, 14, 14, 10, 95.0503075552);
INSERT INTO reading_data (reading_id, bin_id, bin_section_id, sensor_type_id, value) VALUES (39, 14, 14, 11, 107.933661855);
INSERT INTO reading_data (reading_id, bin_id, bin_section_id, sensor_type_id, value) VALUES (39, 15, 13, 10, 127.343221034);
INSERT INTO reading_data (reading_id, bin_id, bin_section_id, sensor_type_id, value) VALUES (39, 15, 13, 11, 80.4539142815);
INSERT INTO reading_data (reading_id, bin_id, bin_section_id, sensor_type_id, value) VALUES (39, 15, 13, 12, 80.5089708327);
INSERT INTO reading_data (reading_id, bin_id, bin_section_id, sensor_type_id, value) VALUES (39, 15, 13, 13, 1);
INSERT INTO reading_data (reading_id, bin_id, bin_section_id, sensor_type_id, value) VALUES (39, 15, 14, 10, 121.926163901);
INSERT INTO reading_data (reading_id, bin_id, bin_section_id, sensor_type_id, value) VALUES (39, 15, 14, 11, 95.6521993195);
INSERT INTO reading_data (reading_id, bin_id, bin_section_id, sensor_type_id, value) VALUES (39, 17, 13, 10, 105.210921982);
INSERT INTO reading_data (reading_id, bin_id, bin_section_id, sensor_type_id, value) VALUES (39, 17, 13, 11, 97.5571868919);
INSERT INTO reading_data (reading_id, bin_id, bin_section_id, sensor_type_id, value) VALUES (39, 17, 13, 12, 92.4358438484);
INSERT INTO reading_data (reading_id, bin_id, bin_section_id, sensor_type_id, value) VALUES (39, 17, 13, 13, 1);
INSERT INTO reading_data (reading_id, bin_id, bin_section_id, sensor_type_id, value) VALUES (39, 17, 14, 10, 109.062370559);
INSERT INTO reading_data (reading_id, bin_id, bin_section_id, sensor_type_id, value) VALUES (39, 17, 14, 11, 116.119840988);
INSERT INTO reading_data (reading_id, bin_id, bin_section_id, sensor_type_id, value) VALUES (39, 21, 13, 10, 127.082687021);
INSERT INTO reading_data (reading_id, bin_id, bin_section_id, sensor_type_id, value) VALUES (39, 21, 13, 11, 126.003035997);
INSERT INTO reading_data (reading_id, bin_id, bin_section_id, sensor_type_id, value) VALUES (39, 21, 13, 12, 96.8940092854);
INSERT INTO reading_data (reading_id, bin_id, bin_section_id, sensor_type_id, value) VALUES (39, 21, 13, 13, 1);
INSERT INTO reading_data (reading_id, bin_id, bin_section_id, sensor_type_id, value) VALUES (39, 21, 14, 10, 127.788235147);
INSERT INTO reading_data (reading_id, bin_id, bin_section_id, sensor_type_id, value) VALUES (39, 21, 14, 11, 86.1877263211);
INSERT INTO reading_data (reading_id, bin_id, bin_section_id, sensor_type_id, value) VALUES (39, 22, 13, 10, 109.680771609);
INSERT INTO reading_data (reading_id, bin_id, bin_section_id, sensor_type_id, value) VALUES (39, 22, 13, 11, 123.133960751);
INSERT INTO reading_data (reading_id, bin_id, bin_section_id, sensor_type_id, value) VALUES (39, 22, 13, 12, 100.983324704);
INSERT INTO reading_data (reading_id, bin_id, bin_section_id, sensor_type_id, value) VALUES (39, 22, 13, 13, 0);
INSERT INTO reading_data (reading_id, bin_id, bin_section_id, sensor_type_id, value) VALUES (39, 22, 14, 10, 129.535772075);
INSERT INTO reading_data (reading_id, bin_id, bin_section_id, sensor_type_id, value) VALUES (39, 22, 14, 11, 122.13656357);
INSERT INTO reading_data (reading_id, bin_id, bin_section_id, sensor_type_id, value) VALUES (39, 23, 13, 10, 122.094261532);
INSERT INTO reading_data (reading_id, bin_id, bin_section_id, sensor_type_id, value) VALUES (39, 23, 13, 11, 111.117680134);
INSERT INTO reading_data (reading_id, bin_id, bin_section_id, sensor_type_id, value) VALUES (39, 23, 13, 12, 99.919395767);
INSERT INTO reading_data (reading_id, bin_id, bin_section_id, sensor_type_id, value) VALUES (39, 23, 13, 13, 1);
INSERT INTO reading_data (reading_id, bin_id, bin_section_id, sensor_type_id, value) VALUES (39, 23, 14, 10, 113.417921068);
INSERT INTO reading_data (reading_id, bin_id, bin_section_id, sensor_type_id, value) VALUES (39, 23, 14, 11, 107.365820397);
INSERT INTO reading_data (reading_id, bin_id, bin_section_id, sensor_type_id, value) VALUES (39, 24, 13, 10, 88.7370811706);
INSERT INTO reading_data (reading_id, bin_id, bin_section_id, sensor_type_id, value) VALUES (39, 24, 13, 11, 114.640488471);
INSERT INTO reading_data (reading_id, bin_id, bin_section_id, sensor_type_id, value) VALUES (39, 24, 13, 12, 85.285118425);
INSERT INTO reading_data (reading_id, bin_id, bin_section_id, sensor_type_id, value) VALUES (39, 24, 13, 13, 0);
INSERT INTO reading_data (reading_id, bin_id, bin_section_id, sensor_type_id, value) VALUES (39, 24, 14, 10, 104.54341984);
INSERT INTO reading_data (reading_id, bin_id, bin_section_id, sensor_type_id, value) VALUES (39, 24, 14, 11, 129.628938681);
INSERT INTO reading_data (reading_id, bin_id, bin_section_id, sensor_type_id, value) VALUES (39, 25, 13, 10, 83.1113849594);
INSERT INTO reading_data (reading_id, bin_id, bin_section_id, sensor_type_id, value) VALUES (39, 25, 13, 11, 81.6620528975);
INSERT INTO reading_data (reading_id, bin_id, bin_section_id, sensor_type_id, value) VALUES (39, 25, 13, 12, 92.5566291283);
INSERT INTO reading_data (reading_id, bin_id, bin_section_id, sensor_type_id, value) VALUES (39, 25, 13, 13, 1);
INSERT INTO reading_data (reading_id, bin_id, bin_section_id, sensor_type_id, value) VALUES (39, 25, 14, 10, 120.556595803);
INSERT INTO reading_data (reading_id, bin_id, bin_section_id, sensor_type_id, value) VALUES (39, 25, 14, 11, 103.95697403);
INSERT INTO reading (id, datetime) VALUES (40, TIMESTAMP '2012-08-19 15:59:45');
INSERT INTO reading_data (reading_id, bin_id, bin_section_id, sensor_type_id, value) VALUES (40, 10, 10, 50, 101.913351308);
INSERT INTO reading_data (reading_id, bin_id, bin_section_id, sensor_type_id, value) VALUES (40, 10, 10, 51, 124.41153438);
INSERT INTO reading_data (reading_id, bin_id, bin_section_id, sensor_type_id, value) VALUES (40, 10, 10, 40, 88.9655494953);
INSERT INTO reading_data (reading_id, bin_id, bin_section_id, sensor_type_id, value) VALUES (40, 19, 10, 50, 99.0520558164);
INSERT INTO reading_data (reading_id, bin_id, bin_section_id, sensor_type_id, value) VALUES (40, 19, 10, 51, 97.9806492919);
INSERT INTO reading_data (reading_id, bin_id, bin_section_id, sensor_type_id, value) VALUES (40, 19, 10, 40, 97.8215595176);
INSERT INTO reading_data (reading_id, bin_id, bin_section_id, sensor_type_id, value) VALUES (40, 11, 11, 20, 106.536739377);
INSERT INTO reading_data (reading_id, bin_id, bin_section_id, sensor_type_id, value) VALUES (40, 11, 11, 21, 105.061145039);
INSERT INTO reading_data (reading_id, bin_id, bin_section_id, sensor_type_id, value) VALUES (40, 11, 11, 10, 112.744975123);
INSERT INTO reading_data (reading_id, bin_id, bin_section_id, sensor_type_id, value) VALUES (40, 11, 11, 11, 102.074420201);
INSERT INTO reading_data (reading_id, bin_id, bin_section_id, sensor_type_id, value) VALUES (40, 21, 11, 20, 93.2903803991);
INSERT INTO reading_data (reading_id, bin_id, bin_section_id, sensor_type_id, value) VALUES (40, 21, 11, 21, 105.657942843);
INSERT INTO reading_data (reading_id, bin_id, bin_section_id, sensor_type_id, value) VALUES (40, 21, 11, 10, 105.866312397);
INSERT INTO reading_data (reading_id, bin_id, bin_section_id, sensor_type_id, value) VALUES (40, 21, 11, 11, 97.6324686353);
INSERT INTO reading_data (reading_id, bin_id, bin_section_id, sensor_type_id, value) VALUES (40, 9, 14, 10, 118.546526404);
INSERT INTO reading_data (reading_id, bin_id, bin_section_id, sensor_type_id, value) VALUES (40, 9, 14, 11, 123.173517396);
INSERT INTO reading_data (reading_id, bin_id, bin_section_id, sensor_type_id, value) VALUES (40, 12, 13, 10, 111.114001827);
INSERT INTO reading_data (reading_id, bin_id, bin_section_id, sensor_type_id, value) VALUES (40, 12, 13, 11, 92.3725049475);
INSERT INTO reading_data (reading_id, bin_id, bin_section_id, sensor_type_id, value) VALUES (40, 12, 13, 12, 121.211519837);
INSERT INTO reading_data (reading_id, bin_id, bin_section_id, sensor_type_id, value) VALUES (40, 12, 13, 13, 1);
INSERT INTO reading_data (reading_id, bin_id, bin_section_id, sensor_type_id, value) VALUES (40, 12, 14, 10, 129.921696466);
INSERT INTO reading_data (reading_id, bin_id, bin_section_id, sensor_type_id, value) VALUES (40, 12, 14, 11, 88.9141192091);
INSERT INTO reading_data (reading_id, bin_id, bin_section_id, sensor_type_id, value) VALUES (40, 13, 13, 10, 115.660738763);
INSERT INTO reading_data (reading_id, bin_id, bin_section_id, sensor_type_id, value) VALUES (40, 13, 13, 11, 126.793615308);
INSERT INTO reading_data (reading_id, bin_id, bin_section_id, sensor_type_id, value) VALUES (40, 13, 13, 12, 123.448455502);
INSERT INTO reading_data (reading_id, bin_id, bin_section_id, sensor_type_id, value) VALUES (40, 13, 13, 13, 1);
INSERT INTO reading_data (reading_id, bin_id, bin_section_id, sensor_type_id, value) VALUES (40, 13, 14, 10, 81.7727000301);
INSERT INTO reading_data (reading_id, bin_id, bin_section_id, sensor_type_id, value) VALUES (40, 13, 14, 11, 112.062849641);
INSERT INTO reading_data (reading_id, bin_id, bin_section_id, sensor_type_id, value) VALUES (40, 14, 13, 10, 98.6603944389);
INSERT INTO reading_data (reading_id, bin_id, bin_section_id, sensor_type_id, value) VALUES (40, 14, 13, 11, 118.283931258);
INSERT INTO reading_data (reading_id, bin_id, bin_section_id, sensor_type_id, value) VALUES (40, 14, 13, 12, 87.6343626903);
INSERT INTO reading_data (reading_id, bin_id, bin_section_id, sensor_type_id, value) VALUES (40, 14, 13, 13, 0);
INSERT INTO reading_data (reading_id, bin_id, bin_section_id, sensor_type_id, value) VALUES (40, 14, 14, 10, 81.8774508528);
INSERT INTO reading_data (reading_id, bin_id, bin_section_id, sensor_type_id, value) VALUES (40, 14, 14, 11, 117.649493572);
INSERT INTO reading_data (reading_id, bin_id, bin_section_id, sensor_type_id, value) VALUES (40, 15, 13, 10, 115.968750973);
INSERT INTO reading_data (reading_id, bin_id, bin_section_id, sensor_type_id, value) VALUES (40, 15, 13, 11, 101.753482365);
INSERT INTO reading_data (reading_id, bin_id, bin_section_id, sensor_type_id, value) VALUES (40, 15, 13, 12, 127.269354997);
INSERT INTO reading_data (reading_id, bin_id, bin_section_id, sensor_type_id, value) VALUES (40, 15, 13, 13, 1);
INSERT INTO reading_data (reading_id, bin_id, bin_section_id, sensor_type_id, value) VALUES (40, 15, 14, 10, 127.82736935);
INSERT INTO reading_data (reading_id, bin_id, bin_section_id, sensor_type_id, value) VALUES (40, 15, 14, 11, 109.82747231);
INSERT INTO reading_data (reading_id, bin_id, bin_section_id, sensor_type_id, value) VALUES (40, 17, 13, 10, 128.547750407);
INSERT INTO reading_data (reading_id, bin_id, bin_section_id, sensor_type_id, value) VALUES (40, 17, 13, 11, 113.729748134);
INSERT INTO reading_data (reading_id, bin_id, bin_section_id, sensor_type_id, value) VALUES (40, 17, 13, 12, 89.7511511744);
INSERT INTO reading_data (reading_id, bin_id, bin_section_id, sensor_type_id, value) VALUES (40, 17, 13, 13, 1);
INSERT INTO reading_data (reading_id, bin_id, bin_section_id, sensor_type_id, value) VALUES (40, 17, 14, 10, 107.701673521);
INSERT INTO reading_data (reading_id, bin_id, bin_section_id, sensor_type_id, value) VALUES (40, 17, 14, 11, 90.7661604822);
INSERT INTO reading_data (reading_id, bin_id, bin_section_id, sensor_type_id, value) VALUES (40, 21, 13, 10, 95.1314965734);
INSERT INTO reading_data (reading_id, bin_id, bin_section_id, sensor_type_id, value) VALUES (40, 21, 13, 11, 128.565183704);
INSERT INTO reading_data (reading_id, bin_id, bin_section_id, sensor_type_id, value) VALUES (40, 21, 13, 12, 109.033607648);
INSERT INTO reading_data (reading_id, bin_id, bin_section_id, sensor_type_id, value) VALUES (40, 21, 13, 13, 1);
INSERT INTO reading_data (reading_id, bin_id, bin_section_id, sensor_type_id, value) VALUES (40, 21, 14, 10, 98.915200667);
INSERT INTO reading_data (reading_id, bin_id, bin_section_id, sensor_type_id, value) VALUES (40, 21, 14, 11, 107.317258087);
INSERT INTO reading_data (reading_id, bin_id, bin_section_id, sensor_type_id, value) VALUES (40, 22, 13, 10, 109.14044248);
INSERT INTO reading_data (reading_id, bin_id, bin_section_id, sensor_type_id, value) VALUES (40, 22, 13, 11, 105.962084364);
INSERT INTO reading_data (reading_id, bin_id, bin_section_id, sensor_type_id, value) VALUES (40, 22, 13, 12, 101.494342782);
INSERT INTO reading_data (reading_id, bin_id, bin_section_id, sensor_type_id, value) VALUES (40, 22, 13, 13, 1);
INSERT INTO reading_data (reading_id, bin_id, bin_section_id, sensor_type_id, value) VALUES (40, 22, 14, 10, 107.254005764);
INSERT INTO reading_data (reading_id, bin_id, bin_section_id, sensor_type_id, value) VALUES (40, 22, 14, 11, 121.814065549);
INSERT INTO reading_data (reading_id, bin_id, bin_section_id, sensor_type_id, value) VALUES (40, 23, 13, 10, 102.338022842);
INSERT INTO reading_data (reading_id, bin_id, bin_section_id, sensor_type_id, value) VALUES (40, 23, 13, 11, 92.8972269584);
INSERT INTO reading_data (reading_id, bin_id, bin_section_id, sensor_type_id, value) VALUES (40, 23, 13, 12, 128.822120847);
INSERT INTO reading_data (reading_id, bin_id, bin_section_id, sensor_type_id, value) VALUES (40, 23, 13, 13, 1);
INSERT INTO reading_data (reading_id, bin_id, bin_section_id, sensor_type_id, value) VALUES (40, 23, 14, 10, 126.608984667);
INSERT INTO reading_data (reading_id, bin_id, bin_section_id, sensor_type_id, value) VALUES (40, 23, 14, 11, 82.7232095422);
INSERT INTO reading_data (reading_id, bin_id, bin_section_id, sensor_type_id, value) VALUES (40, 24, 13, 10, 111.073589866);
INSERT INTO reading_data (reading_id, bin_id, bin_section_id, sensor_type_id, value) VALUES (40, 24, 13, 11, 104.053657545);
INSERT INTO reading_data (reading_id, bin_id, bin_section_id, sensor_type_id, value) VALUES (40, 24, 13, 12, 81.4914546959);
INSERT INTO reading_data (reading_id, bin_id, bin_section_id, sensor_type_id, value) VALUES (40, 24, 13, 13, 1);
INSERT INTO reading_data (reading_id, bin_id, bin_section_id, sensor_type_id, value) VALUES (40, 24, 14, 10, 105.250380494);
INSERT INTO reading_data (reading_id, bin_id, bin_section_id, sensor_type_id, value) VALUES (40, 24, 14, 11, 84.5169266052);
INSERT INTO reading_data (reading_id, bin_id, bin_section_id, sensor_type_id, value) VALUES (40, 25, 13, 10, 83.0496335174);
INSERT INTO reading_data (reading_id, bin_id, bin_section_id, sensor_type_id, value) VALUES (40, 25, 13, 11, 88.8151190069);
INSERT INTO reading_data (reading_id, bin_id, bin_section_id, sensor_type_id, value) VALUES (40, 25, 13, 12, 115.03967979);
INSERT INTO reading_data (reading_id, bin_id, bin_section_id, sensor_type_id, value) VALUES (40, 25, 13, 13, 0);
INSERT INTO reading_data (reading_id, bin_id, bin_section_id, sensor_type_id, value) VALUES (40, 25, 14, 10, 86.263164565);
INSERT INTO reading_data (reading_id, bin_id, bin_section_id, sensor_type_id, value) VALUES (40, 25, 14, 11, 124.048843965);
INSERT INTO reading (id, datetime) VALUES (41, TIMESTAMP '2012-08-19 16:04:45');
INSERT INTO reading_data (reading_id, bin_id, bin_section_id, sensor_type_id, value) VALUES (41, 10, 10, 50, 91.6744305913);
INSERT INTO reading_data (reading_id, bin_id, bin_section_id, sensor_type_id, value) VALUES (41, 10, 10, 51, 100.736927114);
INSERT INTO reading_data (reading_id, bin_id, bin_section_id, sensor_type_id, value) VALUES (41, 10, 10, 40, 109.103907841);
INSERT INTO reading_data (reading_id, bin_id, bin_section_id, sensor_type_id, value) VALUES (41, 19, 10, 50, 104.882465788);
INSERT INTO reading_data (reading_id, bin_id, bin_section_id, sensor_type_id, value) VALUES (41, 19, 10, 51, 112.242900535);
INSERT INTO reading_data (reading_id, bin_id, bin_section_id, sensor_type_id, value) VALUES (41, 19, 10, 40, 83.7565779589);
INSERT INTO reading_data (reading_id, bin_id, bin_section_id, sensor_type_id, value) VALUES (41, 11, 11, 20, 112.491598283);
INSERT INTO reading_data (reading_id, bin_id, bin_section_id, sensor_type_id, value) VALUES (41, 11, 11, 21, 98.7497442868);
INSERT INTO reading_data (reading_id, bin_id, bin_section_id, sensor_type_id, value) VALUES (41, 11, 11, 10, 108.405984797);
INSERT INTO reading_data (reading_id, bin_id, bin_section_id, sensor_type_id, value) VALUES (41, 11, 11, 11, 112.726242241);
INSERT INTO reading_data (reading_id, bin_id, bin_section_id, sensor_type_id, value) VALUES (41, 21, 11, 20, 124.851150102);
INSERT INTO reading_data (reading_id, bin_id, bin_section_id, sensor_type_id, value) VALUES (41, 21, 11, 21, 114.383718792);
INSERT INTO reading_data (reading_id, bin_id, bin_section_id, sensor_type_id, value) VALUES (41, 21, 11, 10, 102.321337169);
INSERT INTO reading_data (reading_id, bin_id, bin_section_id, sensor_type_id, value) VALUES (41, 21, 11, 11, 81.3745850338);
INSERT INTO reading_data (reading_id, bin_id, bin_section_id, sensor_type_id, value) VALUES (41, 9, 14, 10, 122.200494173);
INSERT INTO reading_data (reading_id, bin_id, bin_section_id, sensor_type_id, value) VALUES (41, 9, 14, 11, 108.611496394);
INSERT INTO reading_data (reading_id, bin_id, bin_section_id, sensor_type_id, value) VALUES (41, 12, 13, 10, 116.013213563);
INSERT INTO reading_data (reading_id, bin_id, bin_section_id, sensor_type_id, value) VALUES (41, 12, 13, 11, 99.1517935669);
INSERT INTO reading_data (reading_id, bin_id, bin_section_id, sensor_type_id, value) VALUES (41, 12, 13, 12, 108.097851539);
INSERT INTO reading_data (reading_id, bin_id, bin_section_id, sensor_type_id, value) VALUES (41, 12, 13, 13, 0);
INSERT INTO reading_data (reading_id, bin_id, bin_section_id, sensor_type_id, value) VALUES (41, 12, 14, 10, 101.158055528);
INSERT INTO reading_data (reading_id, bin_id, bin_section_id, sensor_type_id, value) VALUES (41, 12, 14, 11, 112.77387876);
INSERT INTO reading_data (reading_id, bin_id, bin_section_id, sensor_type_id, value) VALUES (41, 13, 13, 10, 109.040292119);
INSERT INTO reading_data (reading_id, bin_id, bin_section_id, sensor_type_id, value) VALUES (41, 13, 13, 11, 107.172349926);
INSERT INTO reading_data (reading_id, bin_id, bin_section_id, sensor_type_id, value) VALUES (41, 13, 13, 12, 117.659343555);
INSERT INTO reading_data (reading_id, bin_id, bin_section_id, sensor_type_id, value) VALUES (41, 13, 13, 13, 1);
INSERT INTO reading_data (reading_id, bin_id, bin_section_id, sensor_type_id, value) VALUES (41, 13, 14, 10, 91.9996141163);
INSERT INTO reading_data (reading_id, bin_id, bin_section_id, sensor_type_id, value) VALUES (41, 13, 14, 11, 87.3805268859);
INSERT INTO reading_data (reading_id, bin_id, bin_section_id, sensor_type_id, value) VALUES (41, 14, 13, 10, 90.7451357329);
INSERT INTO reading_data (reading_id, bin_id, bin_section_id, sensor_type_id, value) VALUES (41, 14, 13, 11, 83.4466690827);
INSERT INTO reading_data (reading_id, bin_id, bin_section_id, sensor_type_id, value) VALUES (41, 14, 13, 12, 120.679331323);
INSERT INTO reading_data (reading_id, bin_id, bin_section_id, sensor_type_id, value) VALUES (41, 14, 13, 13, 1);
INSERT INTO reading_data (reading_id, bin_id, bin_section_id, sensor_type_id, value) VALUES (41, 14, 14, 10, 119.483787983);
INSERT INTO reading_data (reading_id, bin_id, bin_section_id, sensor_type_id, value) VALUES (41, 14, 14, 11, 89.5537068993);
INSERT INTO reading_data (reading_id, bin_id, bin_section_id, sensor_type_id, value) VALUES (41, 15, 13, 10, 96.9920321773);
INSERT INTO reading_data (reading_id, bin_id, bin_section_id, sensor_type_id, value) VALUES (41, 15, 13, 11, 98.1376116497);
INSERT INTO reading_data (reading_id, bin_id, bin_section_id, sensor_type_id, value) VALUES (41, 15, 13, 12, 83.0275758218);
INSERT INTO reading_data (reading_id, bin_id, bin_section_id, sensor_type_id, value) VALUES (41, 15, 13, 13, 1);
INSERT INTO reading_data (reading_id, bin_id, bin_section_id, sensor_type_id, value) VALUES (41, 15, 14, 10, 95.3425907987);
INSERT INTO reading_data (reading_id, bin_id, bin_section_id, sensor_type_id, value) VALUES (41, 15, 14, 11, 81.1154464265);
INSERT INTO reading_data (reading_id, bin_id, bin_section_id, sensor_type_id, value) VALUES (41, 17, 13, 10, 85.9550677471);
INSERT INTO reading_data (reading_id, bin_id, bin_section_id, sensor_type_id, value) VALUES (41, 17, 13, 11, 114.186285899);
INSERT INTO reading_data (reading_id, bin_id, bin_section_id, sensor_type_id, value) VALUES (41, 17, 13, 12, 122.248279613);
INSERT INTO reading_data (reading_id, bin_id, bin_section_id, sensor_type_id, value) VALUES (41, 17, 13, 13, 0);
INSERT INTO reading_data (reading_id, bin_id, bin_section_id, sensor_type_id, value) VALUES (41, 17, 14, 10, 106.763252983);
INSERT INTO reading_data (reading_id, bin_id, bin_section_id, sensor_type_id, value) VALUES (41, 17, 14, 11, 80.9460959243);
INSERT INTO reading_data (reading_id, bin_id, bin_section_id, sensor_type_id, value) VALUES (41, 21, 13, 10, 116.141841082);
INSERT INTO reading_data (reading_id, bin_id, bin_section_id, sensor_type_id, value) VALUES (41, 21, 13, 11, 83.3946139881);
INSERT INTO reading_data (reading_id, bin_id, bin_section_id, sensor_type_id, value) VALUES (41, 21, 13, 12, 120.556839799);
INSERT INTO reading_data (reading_id, bin_id, bin_section_id, sensor_type_id, value) VALUES (41, 21, 13, 13, 0);
INSERT INTO reading_data (reading_id, bin_id, bin_section_id, sensor_type_id, value) VALUES (41, 21, 14, 10, 87.3378994216);
INSERT INTO reading_data (reading_id, bin_id, bin_section_id, sensor_type_id, value) VALUES (41, 21, 14, 11, 116.59695006);
INSERT INTO reading_data (reading_id, bin_id, bin_section_id, sensor_type_id, value) VALUES (41, 22, 13, 10, 91.5904013572);
INSERT INTO reading_data (reading_id, bin_id, bin_section_id, sensor_type_id, value) VALUES (41, 22, 13, 11, 114.372758356);
INSERT INTO reading_data (reading_id, bin_id, bin_section_id, sensor_type_id, value) VALUES (41, 22, 13, 12, 80.0077920287);
INSERT INTO reading_data (reading_id, bin_id, bin_section_id, sensor_type_id, value) VALUES (41, 22, 13, 13, 1);
INSERT INTO reading_data (reading_id, bin_id, bin_section_id, sensor_type_id, value) VALUES (41, 22, 14, 10, 95.2146035921);
INSERT INTO reading_data (reading_id, bin_id, bin_section_id, sensor_type_id, value) VALUES (41, 22, 14, 11, 128.347253289);
INSERT INTO reading_data (reading_id, bin_id, bin_section_id, sensor_type_id, value) VALUES (41, 23, 13, 10, 108.622086658);
INSERT INTO reading_data (reading_id, bin_id, bin_section_id, sensor_type_id, value) VALUES (41, 23, 13, 11, 97.2558853746);
INSERT INTO reading_data (reading_id, bin_id, bin_section_id, sensor_type_id, value) VALUES (41, 23, 13, 12, 112.976549706);
INSERT INTO reading_data (reading_id, bin_id, bin_section_id, sensor_type_id, value) VALUES (41, 23, 13, 13, 1);
INSERT INTO reading_data (reading_id, bin_id, bin_section_id, sensor_type_id, value) VALUES (41, 23, 14, 10, 82.3289349722);
INSERT INTO reading_data (reading_id, bin_id, bin_section_id, sensor_type_id, value) VALUES (41, 23, 14, 11, 96.6403406182);
INSERT INTO reading_data (reading_id, bin_id, bin_section_id, sensor_type_id, value) VALUES (41, 24, 13, 10, 86.4461637699);
INSERT INTO reading_data (reading_id, bin_id, bin_section_id, sensor_type_id, value) VALUES (41, 24, 13, 11, 82.2357011571);
INSERT INTO reading_data (reading_id, bin_id, bin_section_id, sensor_type_id, value) VALUES (41, 24, 13, 12, 102.320873157);
INSERT INTO reading_data (reading_id, bin_id, bin_section_id, sensor_type_id, value) VALUES (41, 24, 13, 13, 0);
INSERT INTO reading_data (reading_id, bin_id, bin_section_id, sensor_type_id, value) VALUES (41, 24, 14, 10, 89.2375504158);
INSERT INTO reading_data (reading_id, bin_id, bin_section_id, sensor_type_id, value) VALUES (41, 24, 14, 11, 88.7409403347);
INSERT INTO reading_data (reading_id, bin_id, bin_section_id, sensor_type_id, value) VALUES (41, 25, 13, 10, 117.617500603);
INSERT INTO reading_data (reading_id, bin_id, bin_section_id, sensor_type_id, value) VALUES (41, 25, 13, 11, 117.388714872);
INSERT INTO reading_data (reading_id, bin_id, bin_section_id, sensor_type_id, value) VALUES (41, 25, 13, 12, 83.6565077187);
INSERT INTO reading_data (reading_id, bin_id, bin_section_id, sensor_type_id, value) VALUES (41, 25, 13, 13, 1);
INSERT INTO reading_data (reading_id, bin_id, bin_section_id, sensor_type_id, value) VALUES (41, 25, 14, 10, 80.8104655282);
INSERT INTO reading_data (reading_id, bin_id, bin_section_id, sensor_type_id, value) VALUES (41, 25, 14, 11, 86.811022829);
INSERT INTO reading (id, datetime) VALUES (42, TIMESTAMP '2012-08-19 16:09:45');
INSERT INTO reading_data (reading_id, bin_id, bin_section_id, sensor_type_id, value) VALUES (42, 10, 10, 50, 100.544701063);
INSERT INTO reading_data (reading_id, bin_id, bin_section_id, sensor_type_id, value) VALUES (42, 10, 10, 51, 102.318961164);
INSERT INTO reading_data (reading_id, bin_id, bin_section_id, sensor_type_id, value) VALUES (42, 10, 10, 40, 114.833151456);
INSERT INTO reading_data (reading_id, bin_id, bin_section_id, sensor_type_id, value) VALUES (42, 19, 10, 50, 119.301674046);
INSERT INTO reading_data (reading_id, bin_id, bin_section_id, sensor_type_id, value) VALUES (42, 19, 10, 51, 93.4321770758);
INSERT INTO reading_data (reading_id, bin_id, bin_section_id, sensor_type_id, value) VALUES (42, 19, 10, 40, 127.287004477);
INSERT INTO reading_data (reading_id, bin_id, bin_section_id, sensor_type_id, value) VALUES (42, 11, 11, 20, 98.5780000301);
INSERT INTO reading_data (reading_id, bin_id, bin_section_id, sensor_type_id, value) VALUES (42, 11, 11, 21, 119.06555685);
INSERT INTO reading_data (reading_id, bin_id, bin_section_id, sensor_type_id, value) VALUES (42, 11, 11, 10, 94.3034106724);
INSERT INTO reading_data (reading_id, bin_id, bin_section_id, sensor_type_id, value) VALUES (42, 11, 11, 11, 113.716257621);
INSERT INTO reading_data (reading_id, bin_id, bin_section_id, sensor_type_id, value) VALUES (42, 21, 11, 20, 110.258229883);
INSERT INTO reading_data (reading_id, bin_id, bin_section_id, sensor_type_id, value) VALUES (42, 21, 11, 21, 89.1372837271);
INSERT INTO reading_data (reading_id, bin_id, bin_section_id, sensor_type_id, value) VALUES (42, 21, 11, 10, 81.0075983949);
INSERT INTO reading_data (reading_id, bin_id, bin_section_id, sensor_type_id, value) VALUES (42, 21, 11, 11, 104.384177369);
INSERT INTO reading_data (reading_id, bin_id, bin_section_id, sensor_type_id, value) VALUES (42, 9, 14, 10, 108.518064824);
INSERT INTO reading_data (reading_id, bin_id, bin_section_id, sensor_type_id, value) VALUES (42, 9, 14, 11, 98.78736049);
INSERT INTO reading_data (reading_id, bin_id, bin_section_id, sensor_type_id, value) VALUES (42, 12, 13, 10, 108.208599257);
INSERT INTO reading_data (reading_id, bin_id, bin_section_id, sensor_type_id, value) VALUES (42, 12, 13, 11, 83.194512622);
INSERT INTO reading_data (reading_id, bin_id, bin_section_id, sensor_type_id, value) VALUES (42, 12, 13, 12, 108.001457876);
INSERT INTO reading_data (reading_id, bin_id, bin_section_id, sensor_type_id, value) VALUES (42, 12, 13, 13, 0);
INSERT INTO reading_data (reading_id, bin_id, bin_section_id, sensor_type_id, value) VALUES (42, 12, 14, 10, 117.75598173);
INSERT INTO reading_data (reading_id, bin_id, bin_section_id, sensor_type_id, value) VALUES (42, 12, 14, 11, 96.1684814616);
INSERT INTO reading_data (reading_id, bin_id, bin_section_id, sensor_type_id, value) VALUES (42, 13, 13, 10, 122.825450718);
INSERT INTO reading_data (reading_id, bin_id, bin_section_id, sensor_type_id, value) VALUES (42, 13, 13, 11, 93.5336262095);
INSERT INTO reading_data (reading_id, bin_id, bin_section_id, sensor_type_id, value) VALUES (42, 13, 13, 12, 101.020402334);
INSERT INTO reading_data (reading_id, bin_id, bin_section_id, sensor_type_id, value) VALUES (42, 13, 13, 13, 0);
INSERT INTO reading_data (reading_id, bin_id, bin_section_id, sensor_type_id, value) VALUES (42, 13, 14, 10, 119.456143851);
INSERT INTO reading_data (reading_id, bin_id, bin_section_id, sensor_type_id, value) VALUES (42, 13, 14, 11, 111.960694418);
INSERT INTO reading_data (reading_id, bin_id, bin_section_id, sensor_type_id, value) VALUES (42, 14, 13, 10, 94.6129142088);
INSERT INTO reading_data (reading_id, bin_id, bin_section_id, sensor_type_id, value) VALUES (42, 14, 13, 11, 110.23653465);
INSERT INTO reading_data (reading_id, bin_id, bin_section_id, sensor_type_id, value) VALUES (42, 14, 13, 12, 83.2973523027);
INSERT INTO reading_data (reading_id, bin_id, bin_section_id, sensor_type_id, value) VALUES (42, 14, 13, 13, 0);
INSERT INTO reading_data (reading_id, bin_id, bin_section_id, sensor_type_id, value) VALUES (42, 14, 14, 10, 125.415528985);
INSERT INTO reading_data (reading_id, bin_id, bin_section_id, sensor_type_id, value) VALUES (42, 14, 14, 11, 87.5333311695);
INSERT INTO reading_data (reading_id, bin_id, bin_section_id, sensor_type_id, value) VALUES (42, 15, 13, 10, 103.262940251);
INSERT INTO reading_data (reading_id, bin_id, bin_section_id, sensor_type_id, value) VALUES (42, 15, 13, 11, 128.04906876);
INSERT INTO reading_data (reading_id, bin_id, bin_section_id, sensor_type_id, value) VALUES (42, 15, 13, 12, 119.249022237);
INSERT INTO reading_data (reading_id, bin_id, bin_section_id, sensor_type_id, value) VALUES (42, 15, 13, 13, 0);
INSERT INTO reading_data (reading_id, bin_id, bin_section_id, sensor_type_id, value) VALUES (42, 15, 14, 10, 109.348118776);
INSERT INTO reading_data (reading_id, bin_id, bin_section_id, sensor_type_id, value) VALUES (42, 15, 14, 11, 105.850885756);
INSERT INTO reading_data (reading_id, bin_id, bin_section_id, sensor_type_id, value) VALUES (42, 17, 13, 10, 98.383293401);
INSERT INTO reading_data (reading_id, bin_id, bin_section_id, sensor_type_id, value) VALUES (42, 17, 13, 11, 97.4157426326);
INSERT INTO reading_data (reading_id, bin_id, bin_section_id, sensor_type_id, value) VALUES (42, 17, 13, 12, 87.5601779903);
INSERT INTO reading_data (reading_id, bin_id, bin_section_id, sensor_type_id, value) VALUES (42, 17, 13, 13, 1);
INSERT INTO reading_data (reading_id, bin_id, bin_section_id, sensor_type_id, value) VALUES (42, 17, 14, 10, 93.3761246612);
INSERT INTO reading_data (reading_id, bin_id, bin_section_id, sensor_type_id, value) VALUES (42, 17, 14, 11, 127.595744516);
INSERT INTO reading_data (reading_id, bin_id, bin_section_id, sensor_type_id, value) VALUES (42, 21, 13, 10, 101.156247472);
INSERT INTO reading_data (reading_id, bin_id, bin_section_id, sensor_type_id, value) VALUES (42, 21, 13, 11, 83.6316112408);
INSERT INTO reading_data (reading_id, bin_id, bin_section_id, sensor_type_id, value) VALUES (42, 21, 13, 12, 111.624535021);
INSERT INTO reading_data (reading_id, bin_id, bin_section_id, sensor_type_id, value) VALUES (42, 21, 13, 13, 1);
INSERT INTO reading_data (reading_id, bin_id, bin_section_id, sensor_type_id, value) VALUES (42, 21, 14, 10, 85.1424062122);
INSERT INTO reading_data (reading_id, bin_id, bin_section_id, sensor_type_id, value) VALUES (42, 21, 14, 11, 93.5655940969);
INSERT INTO reading_data (reading_id, bin_id, bin_section_id, sensor_type_id, value) VALUES (42, 22, 13, 10, 99.919694984);
INSERT INTO reading_data (reading_id, bin_id, bin_section_id, sensor_type_id, value) VALUES (42, 22, 13, 11, 121.469484037);
INSERT INTO reading_data (reading_id, bin_id, bin_section_id, sensor_type_id, value) VALUES (42, 22, 13, 12, 86.1142855317);
INSERT INTO reading_data (reading_id, bin_id, bin_section_id, sensor_type_id, value) VALUES (42, 22, 13, 13, 0);
INSERT INTO reading_data (reading_id, bin_id, bin_section_id, sensor_type_id, value) VALUES (42, 22, 14, 10, 126.314609066);
INSERT INTO reading_data (reading_id, bin_id, bin_section_id, sensor_type_id, value) VALUES (42, 22, 14, 11, 125.351780346);
INSERT INTO reading_data (reading_id, bin_id, bin_section_id, sensor_type_id, value) VALUES (42, 23, 13, 10, 92.5477545167);
INSERT INTO reading_data (reading_id, bin_id, bin_section_id, sensor_type_id, value) VALUES (42, 23, 13, 11, 82.7363087688);
INSERT INTO reading_data (reading_id, bin_id, bin_section_id, sensor_type_id, value) VALUES (42, 23, 13, 12, 125.325980079);
INSERT INTO reading_data (reading_id, bin_id, bin_section_id, sensor_type_id, value) VALUES (42, 23, 13, 13, 0);
INSERT INTO reading_data (reading_id, bin_id, bin_section_id, sensor_type_id, value) VALUES (42, 23, 14, 10, 103.147553547);
INSERT INTO reading_data (reading_id, bin_id, bin_section_id, sensor_type_id, value) VALUES (42, 23, 14, 11, 93.1170320292);
INSERT INTO reading_data (reading_id, bin_id, bin_section_id, sensor_type_id, value) VALUES (42, 24, 13, 10, 107.956033618);
INSERT INTO reading_data (reading_id, bin_id, bin_section_id, sensor_type_id, value) VALUES (42, 24, 13, 11, 113.350582613);
INSERT INTO reading_data (reading_id, bin_id, bin_section_id, sensor_type_id, value) VALUES (42, 24, 13, 12, 111.071892886);
INSERT INTO reading_data (reading_id, bin_id, bin_section_id, sensor_type_id, value) VALUES (42, 24, 13, 13, 1);
INSERT INTO reading_data (reading_id, bin_id, bin_section_id, sensor_type_id, value) VALUES (42, 24, 14, 10, 110.606289041);
INSERT INTO reading_data (reading_id, bin_id, bin_section_id, sensor_type_id, value) VALUES (42, 24, 14, 11, 81.9044443397);
INSERT INTO reading_data (reading_id, bin_id, bin_section_id, sensor_type_id, value) VALUES (42, 25, 13, 10, 117.156568209);
INSERT INTO reading_data (reading_id, bin_id, bin_section_id, sensor_type_id, value) VALUES (42, 25, 13, 11, 118.688703959);
INSERT INTO reading_data (reading_id, bin_id, bin_section_id, sensor_type_id, value) VALUES (42, 25, 13, 12, 97.2391050131);
INSERT INTO reading_data (reading_id, bin_id, bin_section_id, sensor_type_id, value) VALUES (42, 25, 13, 13, 0);
INSERT INTO reading_data (reading_id, bin_id, bin_section_id, sensor_type_id, value) VALUES (42, 25, 14, 10, 115.296920176);
INSERT INTO reading_data (reading_id, bin_id, bin_section_id, sensor_type_id, value) VALUES (42, 25, 14, 11, 122.992913591);
INSERT INTO reading (id, datetime) VALUES (43, TIMESTAMP '2012-08-19 16:14:45');
INSERT INTO reading_data (reading_id, bin_id, bin_section_id, sensor_type_id, value) VALUES (43, 10, 10, 50, 92.2108163505);
INSERT INTO reading_data (reading_id, bin_id, bin_section_id, sensor_type_id, value) VALUES (43, 10, 10, 51, 84.0836169608);
INSERT INTO reading_data (reading_id, bin_id, bin_section_id, sensor_type_id, value) VALUES (43, 10, 10, 40, 105.680783302);
INSERT INTO reading_data (reading_id, bin_id, bin_section_id, sensor_type_id, value) VALUES (43, 19, 10, 50, 103.682742276);
INSERT INTO reading_data (reading_id, bin_id, bin_section_id, sensor_type_id, value) VALUES (43, 19, 10, 51, 116.73460314);
INSERT INTO reading_data (reading_id, bin_id, bin_section_id, sensor_type_id, value) VALUES (43, 19, 10, 40, 84.9866265425);
INSERT INTO reading_data (reading_id, bin_id, bin_section_id, sensor_type_id, value) VALUES (43, 11, 11, 20, 88.5814220573);
INSERT INTO reading_data (reading_id, bin_id, bin_section_id, sensor_type_id, value) VALUES (43, 11, 11, 21, 91.2494136461);
INSERT INTO reading_data (reading_id, bin_id, bin_section_id, sensor_type_id, value) VALUES (43, 11, 11, 10, 117.782827562);
INSERT INTO reading_data (reading_id, bin_id, bin_section_id, sensor_type_id, value) VALUES (43, 11, 11, 11, 113.956379636);
INSERT INTO reading_data (reading_id, bin_id, bin_section_id, sensor_type_id, value) VALUES (43, 21, 11, 20, 116.921367716);
INSERT INTO reading_data (reading_id, bin_id, bin_section_id, sensor_type_id, value) VALUES (43, 21, 11, 21, 108.495824122);
INSERT INTO reading_data (reading_id, bin_id, bin_section_id, sensor_type_id, value) VALUES (43, 21, 11, 10, 91.7429517563);
INSERT INTO reading_data (reading_id, bin_id, bin_section_id, sensor_type_id, value) VALUES (43, 21, 11, 11, 129.839763023);
INSERT INTO reading_data (reading_id, bin_id, bin_section_id, sensor_type_id, value) VALUES (43, 9, 14, 10, 118.353892694);
INSERT INTO reading_data (reading_id, bin_id, bin_section_id, sensor_type_id, value) VALUES (43, 9, 14, 11, 128.447717468);
INSERT INTO reading_data (reading_id, bin_id, bin_section_id, sensor_type_id, value) VALUES (43, 12, 13, 10, 128.664701774);
INSERT INTO reading_data (reading_id, bin_id, bin_section_id, sensor_type_id, value) VALUES (43, 12, 13, 11, 107.831897771);
INSERT INTO reading_data (reading_id, bin_id, bin_section_id, sensor_type_id, value) VALUES (43, 12, 13, 12, 106.168935414);
INSERT INTO reading_data (reading_id, bin_id, bin_section_id, sensor_type_id, value) VALUES (43, 12, 13, 13, 1);
INSERT INTO reading_data (reading_id, bin_id, bin_section_id, sensor_type_id, value) VALUES (43, 12, 14, 10, 106.990550201);
INSERT INTO reading_data (reading_id, bin_id, bin_section_id, sensor_type_id, value) VALUES (43, 12, 14, 11, 114.583343677);
INSERT INTO reading_data (reading_id, bin_id, bin_section_id, sensor_type_id, value) VALUES (43, 13, 13, 10, 92.216425442);
INSERT INTO reading_data (reading_id, bin_id, bin_section_id, sensor_type_id, value) VALUES (43, 13, 13, 11, 104.566649246);
INSERT INTO reading_data (reading_id, bin_id, bin_section_id, sensor_type_id, value) VALUES (43, 13, 13, 12, 124.697907579);
INSERT INTO reading_data (reading_id, bin_id, bin_section_id, sensor_type_id, value) VALUES (43, 13, 13, 13, 1);
INSERT INTO reading_data (reading_id, bin_id, bin_section_id, sensor_type_id, value) VALUES (43, 13, 14, 10, 103.708748538);
INSERT INTO reading_data (reading_id, bin_id, bin_section_id, sensor_type_id, value) VALUES (43, 13, 14, 11, 125.919158756);
INSERT INTO reading_data (reading_id, bin_id, bin_section_id, sensor_type_id, value) VALUES (43, 14, 13, 10, 128.700493261);
INSERT INTO reading_data (reading_id, bin_id, bin_section_id, sensor_type_id, value) VALUES (43, 14, 13, 11, 86.1702612417);
INSERT INTO reading_data (reading_id, bin_id, bin_section_id, sensor_type_id, value) VALUES (43, 14, 13, 12, 87.1210062631);
INSERT INTO reading_data (reading_id, bin_id, bin_section_id, sensor_type_id, value) VALUES (43, 14, 13, 13, 0);
INSERT INTO reading_data (reading_id, bin_id, bin_section_id, sensor_type_id, value) VALUES (43, 14, 14, 10, 83.3368153216);
INSERT INTO reading_data (reading_id, bin_id, bin_section_id, sensor_type_id, value) VALUES (43, 14, 14, 11, 95.1522134765);
INSERT INTO reading_data (reading_id, bin_id, bin_section_id, sensor_type_id, value) VALUES (43, 15, 13, 10, 115.583253495);
INSERT INTO reading_data (reading_id, bin_id, bin_section_id, sensor_type_id, value) VALUES (43, 15, 13, 11, 82.4263952783);
INSERT INTO reading_data (reading_id, bin_id, bin_section_id, sensor_type_id, value) VALUES (43, 15, 13, 12, 89.8592253514);
INSERT INTO reading_data (reading_id, bin_id, bin_section_id, sensor_type_id, value) VALUES (43, 15, 13, 13, 1);
INSERT INTO reading_data (reading_id, bin_id, bin_section_id, sensor_type_id, value) VALUES (43, 15, 14, 10, 117.21111818);
INSERT INTO reading_data (reading_id, bin_id, bin_section_id, sensor_type_id, value) VALUES (43, 15, 14, 11, 103.140799322);
INSERT INTO reading_data (reading_id, bin_id, bin_section_id, sensor_type_id, value) VALUES (43, 17, 13, 10, 91.5719467415);
INSERT INTO reading_data (reading_id, bin_id, bin_section_id, sensor_type_id, value) VALUES (43, 17, 13, 11, 97.5780654534);
INSERT INTO reading_data (reading_id, bin_id, bin_section_id, sensor_type_id, value) VALUES (43, 17, 13, 12, 127.503656474);
INSERT INTO reading_data (reading_id, bin_id, bin_section_id, sensor_type_id, value) VALUES (43, 17, 13, 13, 0);
INSERT INTO reading_data (reading_id, bin_id, bin_section_id, sensor_type_id, value) VALUES (43, 17, 14, 10, 111.470669427);
INSERT INTO reading_data (reading_id, bin_id, bin_section_id, sensor_type_id, value) VALUES (43, 17, 14, 11, 118.709360361);
INSERT INTO reading_data (reading_id, bin_id, bin_section_id, sensor_type_id, value) VALUES (43, 21, 13, 10, 116.856770364);
INSERT INTO reading_data (reading_id, bin_id, bin_section_id, sensor_type_id, value) VALUES (43, 21, 13, 11, 106.287084526);
INSERT INTO reading_data (reading_id, bin_id, bin_section_id, sensor_type_id, value) VALUES (43, 21, 13, 12, 108.307551118);
INSERT INTO reading_data (reading_id, bin_id, bin_section_id, sensor_type_id, value) VALUES (43, 21, 13, 13, 0);
INSERT INTO reading_data (reading_id, bin_id, bin_section_id, sensor_type_id, value) VALUES (43, 21, 14, 10, 98.0312536784);
INSERT INTO reading_data (reading_id, bin_id, bin_section_id, sensor_type_id, value) VALUES (43, 21, 14, 11, 101.933716636);
INSERT INTO reading_data (reading_id, bin_id, bin_section_id, sensor_type_id, value) VALUES (43, 22, 13, 10, 89.2471695809);
INSERT INTO reading_data (reading_id, bin_id, bin_section_id, sensor_type_id, value) VALUES (43, 22, 13, 11, 128.475296386);
INSERT INTO reading_data (reading_id, bin_id, bin_section_id, sensor_type_id, value) VALUES (43, 22, 13, 12, 102.000151368);
INSERT INTO reading_data (reading_id, bin_id, bin_section_id, sensor_type_id, value) VALUES (43, 22, 13, 13, 1);
INSERT INTO reading_data (reading_id, bin_id, bin_section_id, sensor_type_id, value) VALUES (43, 22, 14, 10, 95.126954565);
INSERT INTO reading_data (reading_id, bin_id, bin_section_id, sensor_type_id, value) VALUES (43, 22, 14, 11, 112.323715957);
INSERT INTO reading_data (reading_id, bin_id, bin_section_id, sensor_type_id, value) VALUES (43, 23, 13, 10, 83.3996152898);
INSERT INTO reading_data (reading_id, bin_id, bin_section_id, sensor_type_id, value) VALUES (43, 23, 13, 11, 99.4416878972);
INSERT INTO reading_data (reading_id, bin_id, bin_section_id, sensor_type_id, value) VALUES (43, 23, 13, 12, 93.7328015236);
INSERT INTO reading_data (reading_id, bin_id, bin_section_id, sensor_type_id, value) VALUES (43, 23, 13, 13, 1);
INSERT INTO reading_data (reading_id, bin_id, bin_section_id, sensor_type_id, value) VALUES (43, 23, 14, 10, 109.521397491);
INSERT INTO reading_data (reading_id, bin_id, bin_section_id, sensor_type_id, value) VALUES (43, 23, 14, 11, 110.404421516);
INSERT INTO reading_data (reading_id, bin_id, bin_section_id, sensor_type_id, value) VALUES (43, 24, 13, 10, 113.390807323);
INSERT INTO reading_data (reading_id, bin_id, bin_section_id, sensor_type_id, value) VALUES (43, 24, 13, 11, 106.977693215);
INSERT INTO reading_data (reading_id, bin_id, bin_section_id, sensor_type_id, value) VALUES (43, 24, 13, 12, 100.827620036);
INSERT INTO reading_data (reading_id, bin_id, bin_section_id, sensor_type_id, value) VALUES (43, 24, 13, 13, 1);
INSERT INTO reading_data (reading_id, bin_id, bin_section_id, sensor_type_id, value) VALUES (43, 24, 14, 10, 94.4943613035);
INSERT INTO reading_data (reading_id, bin_id, bin_section_id, sensor_type_id, value) VALUES (43, 24, 14, 11, 96.2643107039);
INSERT INTO reading_data (reading_id, bin_id, bin_section_id, sensor_type_id, value) VALUES (43, 25, 13, 10, 94.1420497913);
INSERT INTO reading_data (reading_id, bin_id, bin_section_id, sensor_type_id, value) VALUES (43, 25, 13, 11, 126.7661274);
INSERT INTO reading_data (reading_id, bin_id, bin_section_id, sensor_type_id, value) VALUES (43, 25, 13, 12, 99.3338840203);
INSERT INTO reading_data (reading_id, bin_id, bin_section_id, sensor_type_id, value) VALUES (43, 25, 13, 13, 0);
INSERT INTO reading_data (reading_id, bin_id, bin_section_id, sensor_type_id, value) VALUES (43, 25, 14, 10, 94.5227315403);
INSERT INTO reading_data (reading_id, bin_id, bin_section_id, sensor_type_id, value) VALUES (43, 25, 14, 11, 119.280052527);
INSERT INTO reading (id, datetime) VALUES (44, TIMESTAMP '2012-08-19 16:19:45');
INSERT INTO reading_data (reading_id, bin_id, bin_section_id, sensor_type_id, value) VALUES (44, 10, 10, 50, 101.712851336);
INSERT INTO reading_data (reading_id, bin_id, bin_section_id, sensor_type_id, value) VALUES (44, 10, 10, 51, 95.8288692277);
INSERT INTO reading_data (reading_id, bin_id, bin_section_id, sensor_type_id, value) VALUES (44, 10, 10, 40, 129.412105026);
INSERT INTO reading_data (reading_id, bin_id, bin_section_id, sensor_type_id, value) VALUES (44, 19, 10, 50, 105.43234884);
INSERT INTO reading_data (reading_id, bin_id, bin_section_id, sensor_type_id, value) VALUES (44, 19, 10, 51, 124.502975852);
INSERT INTO reading_data (reading_id, bin_id, bin_section_id, sensor_type_id, value) VALUES (44, 19, 10, 40, 113.65722771);
INSERT INTO reading_data (reading_id, bin_id, bin_section_id, sensor_type_id, value) VALUES (44, 11, 11, 20, 86.1059835608);
INSERT INTO reading_data (reading_id, bin_id, bin_section_id, sensor_type_id, value) VALUES (44, 11, 11, 21, 114.697210944);
INSERT INTO reading_data (reading_id, bin_id, bin_section_id, sensor_type_id, value) VALUES (44, 11, 11, 10, 99.4448736115);
INSERT INTO reading_data (reading_id, bin_id, bin_section_id, sensor_type_id, value) VALUES (44, 11, 11, 11, 94.8576403095);
INSERT INTO reading_data (reading_id, bin_id, bin_section_id, sensor_type_id, value) VALUES (44, 21, 11, 20, 81.2582085143);
INSERT INTO reading_data (reading_id, bin_id, bin_section_id, sensor_type_id, value) VALUES (44, 21, 11, 21, 120.397628484);
INSERT INTO reading_data (reading_id, bin_id, bin_section_id, sensor_type_id, value) VALUES (44, 21, 11, 10, 114.906889192);
INSERT INTO reading_data (reading_id, bin_id, bin_section_id, sensor_type_id, value) VALUES (44, 21, 11, 11, 94.1206940825);
INSERT INTO reading_data (reading_id, bin_id, bin_section_id, sensor_type_id, value) VALUES (44, 9, 14, 10, 89.77288656);
INSERT INTO reading_data (reading_id, bin_id, bin_section_id, sensor_type_id, value) VALUES (44, 9, 14, 11, 80.8457631471);
INSERT INTO reading_data (reading_id, bin_id, bin_section_id, sensor_type_id, value) VALUES (44, 12, 13, 10, 123.822628725);
INSERT INTO reading_data (reading_id, bin_id, bin_section_id, sensor_type_id, value) VALUES (44, 12, 13, 11, 90.6946376224);
INSERT INTO reading_data (reading_id, bin_id, bin_section_id, sensor_type_id, value) VALUES (44, 12, 13, 12, 107.637449312);
INSERT INTO reading_data (reading_id, bin_id, bin_section_id, sensor_type_id, value) VALUES (44, 12, 13, 13, 0);
INSERT INTO reading_data (reading_id, bin_id, bin_section_id, sensor_type_id, value) VALUES (44, 12, 14, 10, 118.340227958);
INSERT INTO reading_data (reading_id, bin_id, bin_section_id, sensor_type_id, value) VALUES (44, 12, 14, 11, 86.2053544271);
INSERT INTO reading_data (reading_id, bin_id, bin_section_id, sensor_type_id, value) VALUES (44, 13, 13, 10, 95.4306049917);
INSERT INTO reading_data (reading_id, bin_id, bin_section_id, sensor_type_id, value) VALUES (44, 13, 13, 11, 101.366613085);
INSERT INTO reading_data (reading_id, bin_id, bin_section_id, sensor_type_id, value) VALUES (44, 13, 13, 12, 104.291361158);
INSERT INTO reading_data (reading_id, bin_id, bin_section_id, sensor_type_id, value) VALUES (44, 13, 13, 13, 0);
INSERT INTO reading_data (reading_id, bin_id, bin_section_id, sensor_type_id, value) VALUES (44, 13, 14, 10, 126.400377436);
INSERT INTO reading_data (reading_id, bin_id, bin_section_id, sensor_type_id, value) VALUES (44, 13, 14, 11, 129.004706726);
INSERT INTO reading_data (reading_id, bin_id, bin_section_id, sensor_type_id, value) VALUES (44, 14, 13, 10, 112.691833626);
INSERT INTO reading_data (reading_id, bin_id, bin_section_id, sensor_type_id, value) VALUES (44, 14, 13, 11, 98.5515270475);
INSERT INTO reading_data (reading_id, bin_id, bin_section_id, sensor_type_id, value) VALUES (44, 14, 13, 12, 94.0092107031);
INSERT INTO reading_data (reading_id, bin_id, bin_section_id, sensor_type_id, value) VALUES (44, 14, 13, 13, 0);
INSERT INTO reading_data (reading_id, bin_id, bin_section_id, sensor_type_id, value) VALUES (44, 14, 14, 10, 91.1407923621);
INSERT INTO reading_data (reading_id, bin_id, bin_section_id, sensor_type_id, value) VALUES (44, 14, 14, 11, 84.7679124348);
INSERT INTO reading_data (reading_id, bin_id, bin_section_id, sensor_type_id, value) VALUES (44, 15, 13, 10, 89.7839892942);
INSERT INTO reading_data (reading_id, bin_id, bin_section_id, sensor_type_id, value) VALUES (44, 15, 13, 11, 102.912700774);
INSERT INTO reading_data (reading_id, bin_id, bin_section_id, sensor_type_id, value) VALUES (44, 15, 13, 12, 119.039949751);
INSERT INTO reading_data (reading_id, bin_id, bin_section_id, sensor_type_id, value) VALUES (44, 15, 13, 13, 0);
INSERT INTO reading_data (reading_id, bin_id, bin_section_id, sensor_type_id, value) VALUES (44, 15, 14, 10, 120.961601559);
INSERT INTO reading_data (reading_id, bin_id, bin_section_id, sensor_type_id, value) VALUES (44, 15, 14, 11, 117.902555094);
INSERT INTO reading_data (reading_id, bin_id, bin_section_id, sensor_type_id, value) VALUES (44, 17, 13, 10, 100.615795373);
INSERT INTO reading_data (reading_id, bin_id, bin_section_id, sensor_type_id, value) VALUES (44, 17, 13, 11, 106.173841975);
INSERT INTO reading_data (reading_id, bin_id, bin_section_id, sensor_type_id, value) VALUES (44, 17, 13, 12, 80.3259705844);
INSERT INTO reading_data (reading_id, bin_id, bin_section_id, sensor_type_id, value) VALUES (44, 17, 13, 13, 0);
INSERT INTO reading_data (reading_id, bin_id, bin_section_id, sensor_type_id, value) VALUES (44, 17, 14, 10, 88.7560301622);
INSERT INTO reading_data (reading_id, bin_id, bin_section_id, sensor_type_id, value) VALUES (44, 17, 14, 11, 98.603652779);
INSERT INTO reading_data (reading_id, bin_id, bin_section_id, sensor_type_id, value) VALUES (44, 21, 13, 10, 122.772412792);
INSERT INTO reading_data (reading_id, bin_id, bin_section_id, sensor_type_id, value) VALUES (44, 21, 13, 11, 123.903517892);
INSERT INTO reading_data (reading_id, bin_id, bin_section_id, sensor_type_id, value) VALUES (44, 21, 13, 12, 104.718289326);
INSERT INTO reading_data (reading_id, bin_id, bin_section_id, sensor_type_id, value) VALUES (44, 21, 13, 13, 0);
INSERT INTO reading_data (reading_id, bin_id, bin_section_id, sensor_type_id, value) VALUES (44, 21, 14, 10, 99.4660083591);
INSERT INTO reading_data (reading_id, bin_id, bin_section_id, sensor_type_id, value) VALUES (44, 21, 14, 11, 105.928324976);
INSERT INTO reading_data (reading_id, bin_id, bin_section_id, sensor_type_id, value) VALUES (44, 22, 13, 10, 86.5925338416);
INSERT INTO reading_data (reading_id, bin_id, bin_section_id, sensor_type_id, value) VALUES (44, 22, 13, 11, 124.63070943);
INSERT INTO reading_data (reading_id, bin_id, bin_section_id, sensor_type_id, value) VALUES (44, 22, 13, 12, 111.819209048);
INSERT INTO reading_data (reading_id, bin_id, bin_section_id, sensor_type_id, value) VALUES (44, 22, 13, 13, 0);
INSERT INTO reading_data (reading_id, bin_id, bin_section_id, sensor_type_id, value) VALUES (44, 22, 14, 10, 120.805760764);
INSERT INTO reading_data (reading_id, bin_id, bin_section_id, sensor_type_id, value) VALUES (44, 22, 14, 11, 84.5233267602);
INSERT INTO reading_data (reading_id, bin_id, bin_section_id, sensor_type_id, value) VALUES (44, 23, 13, 10, 129.531060654);
INSERT INTO reading_data (reading_id, bin_id, bin_section_id, sensor_type_id, value) VALUES (44, 23, 13, 11, 94.5120533035);
INSERT INTO reading_data (reading_id, bin_id, bin_section_id, sensor_type_id, value) VALUES (44, 23, 13, 12, 120.138690835);
INSERT INTO reading_data (reading_id, bin_id, bin_section_id, sensor_type_id, value) VALUES (44, 23, 13, 13, 1);
INSERT INTO reading_data (reading_id, bin_id, bin_section_id, sensor_type_id, value) VALUES (44, 23, 14, 10, 109.649913195);
INSERT INTO reading_data (reading_id, bin_id, bin_section_id, sensor_type_id, value) VALUES (44, 23, 14, 11, 92.3594940097);
INSERT INTO reading_data (reading_id, bin_id, bin_section_id, sensor_type_id, value) VALUES (44, 24, 13, 10, 115.833343395);
INSERT INTO reading_data (reading_id, bin_id, bin_section_id, sensor_type_id, value) VALUES (44, 24, 13, 11, 125.218638123);
INSERT INTO reading_data (reading_id, bin_id, bin_section_id, sensor_type_id, value) VALUES (44, 24, 13, 12, 85.7992736756);
INSERT INTO reading_data (reading_id, bin_id, bin_section_id, sensor_type_id, value) VALUES (44, 24, 13, 13, 0);
INSERT INTO reading_data (reading_id, bin_id, bin_section_id, sensor_type_id, value) VALUES (44, 24, 14, 10, 105.303530103);
INSERT INTO reading_data (reading_id, bin_id, bin_section_id, sensor_type_id, value) VALUES (44, 24, 14, 11, 87.2728045426);
INSERT INTO reading_data (reading_id, bin_id, bin_section_id, sensor_type_id, value) VALUES (44, 25, 13, 10, 113.399419126);
INSERT INTO reading_data (reading_id, bin_id, bin_section_id, sensor_type_id, value) VALUES (44, 25, 13, 11, 88.1244564769);
INSERT INTO reading_data (reading_id, bin_id, bin_section_id, sensor_type_id, value) VALUES (44, 25, 13, 12, 80.0244644758);
INSERT INTO reading_data (reading_id, bin_id, bin_section_id, sensor_type_id, value) VALUES (44, 25, 13, 13, 0);
INSERT INTO reading_data (reading_id, bin_id, bin_section_id, sensor_type_id, value) VALUES (44, 25, 14, 10, 117.378689364);
INSERT INTO reading_data (reading_id, bin_id, bin_section_id, sensor_type_id, value) VALUES (44, 25, 14, 11, 99.4967954896);
INSERT INTO reading (id, datetime) VALUES (45, TIMESTAMP '2012-08-19 16:24:45');
INSERT INTO reading_data (reading_id, bin_id, bin_section_id, sensor_type_id, value) VALUES (45, 10, 10, 50, 104.546454761);
INSERT INTO reading_data (reading_id, bin_id, bin_section_id, sensor_type_id, value) VALUES (45, 10, 10, 51, 115.903188988);
INSERT INTO reading_data (reading_id, bin_id, bin_section_id, sensor_type_id, value) VALUES (45, 10, 10, 40, 109.615871593);
INSERT INTO reading_data (reading_id, bin_id, bin_section_id, sensor_type_id, value) VALUES (45, 19, 10, 50, 114.016719802);
INSERT INTO reading_data (reading_id, bin_id, bin_section_id, sensor_type_id, value) VALUES (45, 19, 10, 51, 94.480022367);
INSERT INTO reading_data (reading_id, bin_id, bin_section_id, sensor_type_id, value) VALUES (45, 19, 10, 40, 127.452450436);
INSERT INTO reading_data (reading_id, bin_id, bin_section_id, sensor_type_id, value) VALUES (45, 11, 11, 20, 119.011681673);
INSERT INTO reading_data (reading_id, bin_id, bin_section_id, sensor_type_id, value) VALUES (45, 11, 11, 21, 81.4315604861);
INSERT INTO reading_data (reading_id, bin_id, bin_section_id, sensor_type_id, value) VALUES (45, 11, 11, 10, 80.6422371825);
INSERT INTO reading_data (reading_id, bin_id, bin_section_id, sensor_type_id, value) VALUES (45, 11, 11, 11, 101.022686509);
INSERT INTO reading_data (reading_id, bin_id, bin_section_id, sensor_type_id, value) VALUES (45, 21, 11, 20, 108.490500828);
INSERT INTO reading_data (reading_id, bin_id, bin_section_id, sensor_type_id, value) VALUES (45, 21, 11, 21, 94.8308466364);
INSERT INTO reading_data (reading_id, bin_id, bin_section_id, sensor_type_id, value) VALUES (45, 21, 11, 10, 95.2016790624);
INSERT INTO reading_data (reading_id, bin_id, bin_section_id, sensor_type_id, value) VALUES (45, 21, 11, 11, 125.849328156);
INSERT INTO reading_data (reading_id, bin_id, bin_section_id, sensor_type_id, value) VALUES (45, 9, 14, 10, 112.477248727);
INSERT INTO reading_data (reading_id, bin_id, bin_section_id, sensor_type_id, value) VALUES (45, 9, 14, 11, 118.149658165);
INSERT INTO reading_data (reading_id, bin_id, bin_section_id, sensor_type_id, value) VALUES (45, 12, 13, 10, 95.2805667125);
INSERT INTO reading_data (reading_id, bin_id, bin_section_id, sensor_type_id, value) VALUES (45, 12, 13, 11, 118.584215887);
INSERT INTO reading_data (reading_id, bin_id, bin_section_id, sensor_type_id, value) VALUES (45, 12, 13, 12, 117.145904128);
INSERT INTO reading_data (reading_id, bin_id, bin_section_id, sensor_type_id, value) VALUES (45, 12, 13, 13, 1);
INSERT INTO reading_data (reading_id, bin_id, bin_section_id, sensor_type_id, value) VALUES (45, 12, 14, 10, 96.3538856683);
INSERT INTO reading_data (reading_id, bin_id, bin_section_id, sensor_type_id, value) VALUES (45, 12, 14, 11, 86.6046986279);
INSERT INTO reading_data (reading_id, bin_id, bin_section_id, sensor_type_id, value) VALUES (45, 13, 13, 10, 108.188226727);
INSERT INTO reading_data (reading_id, bin_id, bin_section_id, sensor_type_id, value) VALUES (45, 13, 13, 11, 82.0451454224);
INSERT INTO reading_data (reading_id, bin_id, bin_section_id, sensor_type_id, value) VALUES (45, 13, 13, 12, 80.2570602935);
INSERT INTO reading_data (reading_id, bin_id, bin_section_id, sensor_type_id, value) VALUES (45, 13, 13, 13, 1);
INSERT INTO reading_data (reading_id, bin_id, bin_section_id, sensor_type_id, value) VALUES (45, 13, 14, 10, 106.045770278);
INSERT INTO reading_data (reading_id, bin_id, bin_section_id, sensor_type_id, value) VALUES (45, 13, 14, 11, 123.615490603);
INSERT INTO reading_data (reading_id, bin_id, bin_section_id, sensor_type_id, value) VALUES (45, 14, 13, 10, 80.2277135609);
INSERT INTO reading_data (reading_id, bin_id, bin_section_id, sensor_type_id, value) VALUES (45, 14, 13, 11, 115.378305807);
INSERT INTO reading_data (reading_id, bin_id, bin_section_id, sensor_type_id, value) VALUES (45, 14, 13, 12, 94.1819670241);
INSERT INTO reading_data (reading_id, bin_id, bin_section_id, sensor_type_id, value) VALUES (45, 14, 13, 13, 1);
INSERT INTO reading_data (reading_id, bin_id, bin_section_id, sensor_type_id, value) VALUES (45, 14, 14, 10, 100.940316915);
INSERT INTO reading_data (reading_id, bin_id, bin_section_id, sensor_type_id, value) VALUES (45, 14, 14, 11, 86.5849843359);
INSERT INTO reading_data (reading_id, bin_id, bin_section_id, sensor_type_id, value) VALUES (45, 15, 13, 10, 121.895404648);
INSERT INTO reading_data (reading_id, bin_id, bin_section_id, sensor_type_id, value) VALUES (45, 15, 13, 11, 82.2850000548);
INSERT INTO reading_data (reading_id, bin_id, bin_section_id, sensor_type_id, value) VALUES (45, 15, 13, 12, 119.947342855);
INSERT INTO reading_data (reading_id, bin_id, bin_section_id, sensor_type_id, value) VALUES (45, 15, 13, 13, 0);
INSERT INTO reading_data (reading_id, bin_id, bin_section_id, sensor_type_id, value) VALUES (45, 15, 14, 10, 110.611264267);
INSERT INTO reading_data (reading_id, bin_id, bin_section_id, sensor_type_id, value) VALUES (45, 15, 14, 11, 123.137491334);
INSERT INTO reading_data (reading_id, bin_id, bin_section_id, sensor_type_id, value) VALUES (45, 17, 13, 10, 81.9445480849);
INSERT INTO reading_data (reading_id, bin_id, bin_section_id, sensor_type_id, value) VALUES (45, 17, 13, 11, 96.2662452968);
INSERT INTO reading_data (reading_id, bin_id, bin_section_id, sensor_type_id, value) VALUES (45, 17, 13, 12, 103.553695517);
INSERT INTO reading_data (reading_id, bin_id, bin_section_id, sensor_type_id, value) VALUES (45, 17, 13, 13, 0);
INSERT INTO reading_data (reading_id, bin_id, bin_section_id, sensor_type_id, value) VALUES (45, 17, 14, 10, 80.739303012);
INSERT INTO reading_data (reading_id, bin_id, bin_section_id, sensor_type_id, value) VALUES (45, 17, 14, 11, 107.553721692);
INSERT INTO reading_data (reading_id, bin_id, bin_section_id, sensor_type_id, value) VALUES (45, 21, 13, 10, 89.7038264135);
INSERT INTO reading_data (reading_id, bin_id, bin_section_id, sensor_type_id, value) VALUES (45, 21, 13, 11, 101.695584965);
INSERT INTO reading_data (reading_id, bin_id, bin_section_id, sensor_type_id, value) VALUES (45, 21, 13, 12, 112.43747713);
INSERT INTO reading_data (reading_id, bin_id, bin_section_id, sensor_type_id, value) VALUES (45, 21, 13, 13, 1);
INSERT INTO reading_data (reading_id, bin_id, bin_section_id, sensor_type_id, value) VALUES (45, 21, 14, 10, 101.778101128);
INSERT INTO reading_data (reading_id, bin_id, bin_section_id, sensor_type_id, value) VALUES (45, 21, 14, 11, 109.614415778);
INSERT INTO reading_data (reading_id, bin_id, bin_section_id, sensor_type_id, value) VALUES (45, 22, 13, 10, 102.009565838);
INSERT INTO reading_data (reading_id, bin_id, bin_section_id, sensor_type_id, value) VALUES (45, 22, 13, 11, 124.669965189);
INSERT INTO reading_data (reading_id, bin_id, bin_section_id, sensor_type_id, value) VALUES (45, 22, 13, 12, 81.9010868217);
INSERT INTO reading_data (reading_id, bin_id, bin_section_id, sensor_type_id, value) VALUES (45, 22, 13, 13, 0);
INSERT INTO reading_data (reading_id, bin_id, bin_section_id, sensor_type_id, value) VALUES (45, 22, 14, 10, 102.33218115);
INSERT INTO reading_data (reading_id, bin_id, bin_section_id, sensor_type_id, value) VALUES (45, 22, 14, 11, 123.227737831);
INSERT INTO reading_data (reading_id, bin_id, bin_section_id, sensor_type_id, value) VALUES (45, 23, 13, 10, 118.918366751);
INSERT INTO reading_data (reading_id, bin_id, bin_section_id, sensor_type_id, value) VALUES (45, 23, 13, 11, 80.1052972431);
INSERT INTO reading_data (reading_id, bin_id, bin_section_id, sensor_type_id, value) VALUES (45, 23, 13, 12, 117.223347231);
INSERT INTO reading_data (reading_id, bin_id, bin_section_id, sensor_type_id, value) VALUES (45, 23, 13, 13, 0);
INSERT INTO reading_data (reading_id, bin_id, bin_section_id, sensor_type_id, value) VALUES (45, 23, 14, 10, 97.8433405075);
INSERT INTO reading_data (reading_id, bin_id, bin_section_id, sensor_type_id, value) VALUES (45, 23, 14, 11, 126.732817104);
INSERT INTO reading_data (reading_id, bin_id, bin_section_id, sensor_type_id, value) VALUES (45, 24, 13, 10, 113.254699775);
INSERT INTO reading_data (reading_id, bin_id, bin_section_id, sensor_type_id, value) VALUES (45, 24, 13, 11, 121.198487717);
INSERT INTO reading_data (reading_id, bin_id, bin_section_id, sensor_type_id, value) VALUES (45, 24, 13, 12, 94.9816968022);
INSERT INTO reading_data (reading_id, bin_id, bin_section_id, sensor_type_id, value) VALUES (45, 24, 13, 13, 0);
INSERT INTO reading_data (reading_id, bin_id, bin_section_id, sensor_type_id, value) VALUES (45, 24, 14, 10, 81.7169263053);
INSERT INTO reading_data (reading_id, bin_id, bin_section_id, sensor_type_id, value) VALUES (45, 24, 14, 11, 85.7386335263);
INSERT INTO reading_data (reading_id, bin_id, bin_section_id, sensor_type_id, value) VALUES (45, 25, 13, 10, 105.517822544);
INSERT INTO reading_data (reading_id, bin_id, bin_section_id, sensor_type_id, value) VALUES (45, 25, 13, 11, 111.188615365);
INSERT INTO reading_data (reading_id, bin_id, bin_section_id, sensor_type_id, value) VALUES (45, 25, 13, 12, 105.309826427);
INSERT INTO reading_data (reading_id, bin_id, bin_section_id, sensor_type_id, value) VALUES (45, 25, 13, 13, 1);
INSERT INTO reading_data (reading_id, bin_id, bin_section_id, sensor_type_id, value) VALUES (45, 25, 14, 10, 101.488040851);
INSERT INTO reading_data (reading_id, bin_id, bin_section_id, sensor_type_id, value) VALUES (45, 25, 14, 11, 125.51004021);
INSERT INTO reading (id, datetime) VALUES (46, TIMESTAMP '2012-08-19 16:29:45');
INSERT INTO reading_data (reading_id, bin_id, bin_section_id, sensor_type_id, value) VALUES (46, 10, 10, 50, 124.60639604);
INSERT INTO reading_data (reading_id, bin_id, bin_section_id, sensor_type_id, value) VALUES (46, 10, 10, 51, 89.333229776);
INSERT INTO reading_data (reading_id, bin_id, bin_section_id, sensor_type_id, value) VALUES (46, 10, 10, 40, 84.8895863128);
INSERT INTO reading_data (reading_id, bin_id, bin_section_id, sensor_type_id, value) VALUES (46, 19, 10, 50, 114.797016388);
INSERT INTO reading_data (reading_id, bin_id, bin_section_id, sensor_type_id, value) VALUES (46, 19, 10, 51, 99.8918014299);
INSERT INTO reading_data (reading_id, bin_id, bin_section_id, sensor_type_id, value) VALUES (46, 19, 10, 40, 122.175896741);
INSERT INTO reading_data (reading_id, bin_id, bin_section_id, sensor_type_id, value) VALUES (46, 11, 11, 20, 109.377229749);
INSERT INTO reading_data (reading_id, bin_id, bin_section_id, sensor_type_id, value) VALUES (46, 11, 11, 21, 105.638802823);
INSERT INTO reading_data (reading_id, bin_id, bin_section_id, sensor_type_id, value) VALUES (46, 11, 11, 10, 120.470852078);
INSERT INTO reading_data (reading_id, bin_id, bin_section_id, sensor_type_id, value) VALUES (46, 11, 11, 11, 115.513648052);
INSERT INTO reading_data (reading_id, bin_id, bin_section_id, sensor_type_id, value) VALUES (46, 21, 11, 20, 95.2714264913);
INSERT INTO reading_data (reading_id, bin_id, bin_section_id, sensor_type_id, value) VALUES (46, 21, 11, 21, 94.4794556189);
INSERT INTO reading_data (reading_id, bin_id, bin_section_id, sensor_type_id, value) VALUES (46, 21, 11, 10, 107.331495513);
INSERT INTO reading_data (reading_id, bin_id, bin_section_id, sensor_type_id, value) VALUES (46, 21, 11, 11, 93.927750474);
INSERT INTO reading_data (reading_id, bin_id, bin_section_id, sensor_type_id, value) VALUES (46, 9, 14, 10, 80.2798117678);
INSERT INTO reading_data (reading_id, bin_id, bin_section_id, sensor_type_id, value) VALUES (46, 9, 14, 11, 122.481273644);
INSERT INTO reading_data (reading_id, bin_id, bin_section_id, sensor_type_id, value) VALUES (46, 12, 13, 10, 113.040663846);
INSERT INTO reading_data (reading_id, bin_id, bin_section_id, sensor_type_id, value) VALUES (46, 12, 13, 11, 102.943234277);
INSERT INTO reading_data (reading_id, bin_id, bin_section_id, sensor_type_id, value) VALUES (46, 12, 13, 12, 109.469045325);
INSERT INTO reading_data (reading_id, bin_id, bin_section_id, sensor_type_id, value) VALUES (46, 12, 13, 13, 0);
INSERT INTO reading_data (reading_id, bin_id, bin_section_id, sensor_type_id, value) VALUES (46, 12, 14, 10, 98.3655883809);
INSERT INTO reading_data (reading_id, bin_id, bin_section_id, sensor_type_id, value) VALUES (46, 12, 14, 11, 97.5544107257);
INSERT INTO reading_data (reading_id, bin_id, bin_section_id, sensor_type_id, value) VALUES (46, 13, 13, 10, 118.718763495);
INSERT INTO reading_data (reading_id, bin_id, bin_section_id, sensor_type_id, value) VALUES (46, 13, 13, 11, 91.9607853096);
INSERT INTO reading_data (reading_id, bin_id, bin_section_id, sensor_type_id, value) VALUES (46, 13, 13, 12, 98.3818824735);
INSERT INTO reading_data (reading_id, bin_id, bin_section_id, sensor_type_id, value) VALUES (46, 13, 13, 13, 0);
INSERT INTO reading_data (reading_id, bin_id, bin_section_id, sensor_type_id, value) VALUES (46, 13, 14, 10, 81.4022409692);
INSERT INTO reading_data (reading_id, bin_id, bin_section_id, sensor_type_id, value) VALUES (46, 13, 14, 11, 95.8556656758);
INSERT INTO reading_data (reading_id, bin_id, bin_section_id, sensor_type_id, value) VALUES (46, 14, 13, 10, 98.0090453204);
INSERT INTO reading_data (reading_id, bin_id, bin_section_id, sensor_type_id, value) VALUES (46, 14, 13, 11, 91.1354814124);
INSERT INTO reading_data (reading_id, bin_id, bin_section_id, sensor_type_id, value) VALUES (46, 14, 13, 12, 99.9280983785);
INSERT INTO reading_data (reading_id, bin_id, bin_section_id, sensor_type_id, value) VALUES (46, 14, 13, 13, 0);
INSERT INTO reading_data (reading_id, bin_id, bin_section_id, sensor_type_id, value) VALUES (46, 14, 14, 10, 94.3938933543);
INSERT INTO reading_data (reading_id, bin_id, bin_section_id, sensor_type_id, value) VALUES (46, 14, 14, 11, 113.786761396);
INSERT INTO reading_data (reading_id, bin_id, bin_section_id, sensor_type_id, value) VALUES (46, 15, 13, 10, 102.516760217);
INSERT INTO reading_data (reading_id, bin_id, bin_section_id, sensor_type_id, value) VALUES (46, 15, 13, 11, 87.1981456279);
INSERT INTO reading_data (reading_id, bin_id, bin_section_id, sensor_type_id, value) VALUES (46, 15, 13, 12, 108.002403396);
INSERT INTO reading_data (reading_id, bin_id, bin_section_id, sensor_type_id, value) VALUES (46, 15, 13, 13, 1);
INSERT INTO reading_data (reading_id, bin_id, bin_section_id, sensor_type_id, value) VALUES (46, 15, 14, 10, 119.230391426);
INSERT INTO reading_data (reading_id, bin_id, bin_section_id, sensor_type_id, value) VALUES (46, 15, 14, 11, 117.690411427);
INSERT INTO reading_data (reading_id, bin_id, bin_section_id, sensor_type_id, value) VALUES (46, 17, 13, 10, 105.429781251);
INSERT INTO reading_data (reading_id, bin_id, bin_section_id, sensor_type_id, value) VALUES (46, 17, 13, 11, 99.0169519459);
INSERT INTO reading_data (reading_id, bin_id, bin_section_id, sensor_type_id, value) VALUES (46, 17, 13, 12, 103.907280312);
INSERT INTO reading_data (reading_id, bin_id, bin_section_id, sensor_type_id, value) VALUES (46, 17, 13, 13, 0);
INSERT INTO reading_data (reading_id, bin_id, bin_section_id, sensor_type_id, value) VALUES (46, 17, 14, 10, 91.0049843561);
INSERT INTO reading_data (reading_id, bin_id, bin_section_id, sensor_type_id, value) VALUES (46, 17, 14, 11, 89.7468967639);
INSERT INTO reading_data (reading_id, bin_id, bin_section_id, sensor_type_id, value) VALUES (46, 21, 13, 10, 100.403364865);
INSERT INTO reading_data (reading_id, bin_id, bin_section_id, sensor_type_id, value) VALUES (46, 21, 13, 11, 84.6383790371);
INSERT INTO reading_data (reading_id, bin_id, bin_section_id, sensor_type_id, value) VALUES (46, 21, 13, 12, 83.5023750094);
INSERT INTO reading_data (reading_id, bin_id, bin_section_id, sensor_type_id, value) VALUES (46, 21, 13, 13, 0);
INSERT INTO reading_data (reading_id, bin_id, bin_section_id, sensor_type_id, value) VALUES (46, 21, 14, 10, 96.7468387801);
INSERT INTO reading_data (reading_id, bin_id, bin_section_id, sensor_type_id, value) VALUES (46, 21, 14, 11, 95.3375403181);
INSERT INTO reading_data (reading_id, bin_id, bin_section_id, sensor_type_id, value) VALUES (46, 22, 13, 10, 126.705086928);
INSERT INTO reading_data (reading_id, bin_id, bin_section_id, sensor_type_id, value) VALUES (46, 22, 13, 11, 123.470282946);
INSERT INTO reading_data (reading_id, bin_id, bin_section_id, sensor_type_id, value) VALUES (46, 22, 13, 12, 110.092109576);
INSERT INTO reading_data (reading_id, bin_id, bin_section_id, sensor_type_id, value) VALUES (46, 22, 13, 13, 0);
INSERT INTO reading_data (reading_id, bin_id, bin_section_id, sensor_type_id, value) VALUES (46, 22, 14, 10, 128.023296867);
INSERT INTO reading_data (reading_id, bin_id, bin_section_id, sensor_type_id, value) VALUES (46, 22, 14, 11, 104.538711025);
INSERT INTO reading_data (reading_id, bin_id, bin_section_id, sensor_type_id, value) VALUES (46, 23, 13, 10, 113.883510549);
INSERT INTO reading_data (reading_id, bin_id, bin_section_id, sensor_type_id, value) VALUES (46, 23, 13, 11, 115.191637099);
INSERT INTO reading_data (reading_id, bin_id, bin_section_id, sensor_type_id, value) VALUES (46, 23, 13, 12, 120.410958327);
INSERT INTO reading_data (reading_id, bin_id, bin_section_id, sensor_type_id, value) VALUES (46, 23, 13, 13, 0);
INSERT INTO reading_data (reading_id, bin_id, bin_section_id, sensor_type_id, value) VALUES (46, 23, 14, 10, 104.694554219);
INSERT INTO reading_data (reading_id, bin_id, bin_section_id, sensor_type_id, value) VALUES (46, 23, 14, 11, 118.610890614);
INSERT INTO reading_data (reading_id, bin_id, bin_section_id, sensor_type_id, value) VALUES (46, 24, 13, 10, 99.7737779331);
INSERT INTO reading_data (reading_id, bin_id, bin_section_id, sensor_type_id, value) VALUES (46, 24, 13, 11, 103.31456026);
INSERT INTO reading_data (reading_id, bin_id, bin_section_id, sensor_type_id, value) VALUES (46, 24, 13, 12, 84.2803950173);
INSERT INTO reading_data (reading_id, bin_id, bin_section_id, sensor_type_id, value) VALUES (46, 24, 13, 13, 1);
INSERT INTO reading_data (reading_id, bin_id, bin_section_id, sensor_type_id, value) VALUES (46, 24, 14, 10, 87.8543427179);
INSERT INTO reading_data (reading_id, bin_id, bin_section_id, sensor_type_id, value) VALUES (46, 24, 14, 11, 94.7499021207);
INSERT INTO reading_data (reading_id, bin_id, bin_section_id, sensor_type_id, value) VALUES (46, 25, 13, 10, 95.2332232262);
INSERT INTO reading_data (reading_id, bin_id, bin_section_id, sensor_type_id, value) VALUES (46, 25, 13, 11, 122.479019026);
INSERT INTO reading_data (reading_id, bin_id, bin_section_id, sensor_type_id, value) VALUES (46, 25, 13, 12, 85.085380494);
INSERT INTO reading_data (reading_id, bin_id, bin_section_id, sensor_type_id, value) VALUES (46, 25, 13, 13, 1);
INSERT INTO reading_data (reading_id, bin_id, bin_section_id, sensor_type_id, value) VALUES (46, 25, 14, 10, 128.340688907);
INSERT INTO reading_data (reading_id, bin_id, bin_section_id, sensor_type_id, value) VALUES (46, 25, 14, 11, 125.271411579);
INSERT INTO reading (id, datetime) VALUES (47, TIMESTAMP '2012-08-19 16:34:45');
INSERT INTO reading_data (reading_id, bin_id, bin_section_id, sensor_type_id, value) VALUES (47, 10, 10, 50, 105.369141478);
INSERT INTO reading_data (reading_id, bin_id, bin_section_id, sensor_type_id, value) VALUES (47, 10, 10, 51, 108.255348118);
INSERT INTO reading_data (reading_id, bin_id, bin_section_id, sensor_type_id, value) VALUES (47, 10, 10, 40, 90.7470652345);
INSERT INTO reading_data (reading_id, bin_id, bin_section_id, sensor_type_id, value) VALUES (47, 19, 10, 50, 96.0840493501);
INSERT INTO reading_data (reading_id, bin_id, bin_section_id, sensor_type_id, value) VALUES (47, 19, 10, 51, 112.853922012);
INSERT INTO reading_data (reading_id, bin_id, bin_section_id, sensor_type_id, value) VALUES (47, 19, 10, 40, 110.808378121);
INSERT INTO reading_data (reading_id, bin_id, bin_section_id, sensor_type_id, value) VALUES (47, 11, 11, 20, 104.953471131);
INSERT INTO reading_data (reading_id, bin_id, bin_section_id, sensor_type_id, value) VALUES (47, 11, 11, 21, 93.9780318323);
INSERT INTO reading_data (reading_id, bin_id, bin_section_id, sensor_type_id, value) VALUES (47, 11, 11, 10, 93.2073527307);
INSERT INTO reading_data (reading_id, bin_id, bin_section_id, sensor_type_id, value) VALUES (47, 11, 11, 11, 121.128202782);
INSERT INTO reading_data (reading_id, bin_id, bin_section_id, sensor_type_id, value) VALUES (47, 21, 11, 20, 111.06403513);
INSERT INTO reading_data (reading_id, bin_id, bin_section_id, sensor_type_id, value) VALUES (47, 21, 11, 21, 103.912911529);
INSERT INTO reading_data (reading_id, bin_id, bin_section_id, sensor_type_id, value) VALUES (47, 21, 11, 10, 82.0935000159);
INSERT INTO reading_data (reading_id, bin_id, bin_section_id, sensor_type_id, value) VALUES (47, 21, 11, 11, 118.14327729);
INSERT INTO reading_data (reading_id, bin_id, bin_section_id, sensor_type_id, value) VALUES (47, 9, 14, 10, 123.557836483);
INSERT INTO reading_data (reading_id, bin_id, bin_section_id, sensor_type_id, value) VALUES (47, 9, 14, 11, 121.946301393);
INSERT INTO reading_data (reading_id, bin_id, bin_section_id, sensor_type_id, value) VALUES (47, 12, 13, 10, 105.592065115);
INSERT INTO reading_data (reading_id, bin_id, bin_section_id, sensor_type_id, value) VALUES (47, 12, 13, 11, 110.843137638);
INSERT INTO reading_data (reading_id, bin_id, bin_section_id, sensor_type_id, value) VALUES (47, 12, 13, 12, 106.234308538);
INSERT INTO reading_data (reading_id, bin_id, bin_section_id, sensor_type_id, value) VALUES (47, 12, 13, 13, 0);
INSERT INTO reading_data (reading_id, bin_id, bin_section_id, sensor_type_id, value) VALUES (47, 12, 14, 10, 118.539010194);
INSERT INTO reading_data (reading_id, bin_id, bin_section_id, sensor_type_id, value) VALUES (47, 12, 14, 11, 89.8042809616);
INSERT INTO reading_data (reading_id, bin_id, bin_section_id, sensor_type_id, value) VALUES (47, 13, 13, 10, 81.8492953925);
INSERT INTO reading_data (reading_id, bin_id, bin_section_id, sensor_type_id, value) VALUES (47, 13, 13, 11, 83.0764505267);
INSERT INTO reading_data (reading_id, bin_id, bin_section_id, sensor_type_id, value) VALUES (47, 13, 13, 12, 119.627340552);
INSERT INTO reading_data (reading_id, bin_id, bin_section_id, sensor_type_id, value) VALUES (47, 13, 13, 13, 0);
INSERT INTO reading_data (reading_id, bin_id, bin_section_id, sensor_type_id, value) VALUES (47, 13, 14, 10, 117.459386952);
INSERT INTO reading_data (reading_id, bin_id, bin_section_id, sensor_type_id, value) VALUES (47, 13, 14, 11, 113.990442255);
INSERT INTO reading_data (reading_id, bin_id, bin_section_id, sensor_type_id, value) VALUES (47, 14, 13, 10, 93.6214134197);
INSERT INTO reading_data (reading_id, bin_id, bin_section_id, sensor_type_id, value) VALUES (47, 14, 13, 11, 114.072590729);
INSERT INTO reading_data (reading_id, bin_id, bin_section_id, sensor_type_id, value) VALUES (47, 14, 13, 12, 96.7341529251);
INSERT INTO reading_data (reading_id, bin_id, bin_section_id, sensor_type_id, value) VALUES (47, 14, 13, 13, 1);
INSERT INTO reading_data (reading_id, bin_id, bin_section_id, sensor_type_id, value) VALUES (47, 14, 14, 10, 115.647515845);
INSERT INTO reading_data (reading_id, bin_id, bin_section_id, sensor_type_id, value) VALUES (47, 14, 14, 11, 86.7026882977);
INSERT INTO reading_data (reading_id, bin_id, bin_section_id, sensor_type_id, value) VALUES (47, 15, 13, 10, 84.0062725612);
INSERT INTO reading_data (reading_id, bin_id, bin_section_id, sensor_type_id, value) VALUES (47, 15, 13, 11, 119.969166575);
INSERT INTO reading_data (reading_id, bin_id, bin_section_id, sensor_type_id, value) VALUES (47, 15, 13, 12, 85.9531449419);
INSERT INTO reading_data (reading_id, bin_id, bin_section_id, sensor_type_id, value) VALUES (47, 15, 13, 13, 1);
INSERT INTO reading_data (reading_id, bin_id, bin_section_id, sensor_type_id, value) VALUES (47, 15, 14, 10, 83.7282877339);
INSERT INTO reading_data (reading_id, bin_id, bin_section_id, sensor_type_id, value) VALUES (47, 15, 14, 11, 89.1106826518);
INSERT INTO reading_data (reading_id, bin_id, bin_section_id, sensor_type_id, value) VALUES (47, 17, 13, 10, 112.994165852);
INSERT INTO reading_data (reading_id, bin_id, bin_section_id, sensor_type_id, value) VALUES (47, 17, 13, 11, 80.2528585969);
INSERT INTO reading_data (reading_id, bin_id, bin_section_id, sensor_type_id, value) VALUES (47, 17, 13, 12, 111.963506129);
INSERT INTO reading_data (reading_id, bin_id, bin_section_id, sensor_type_id, value) VALUES (47, 17, 13, 13, 1);
INSERT INTO reading_data (reading_id, bin_id, bin_section_id, sensor_type_id, value) VALUES (47, 17, 14, 10, 116.286887922);
INSERT INTO reading_data (reading_id, bin_id, bin_section_id, sensor_type_id, value) VALUES (47, 17, 14, 11, 84.2774277413);
INSERT INTO reading_data (reading_id, bin_id, bin_section_id, sensor_type_id, value) VALUES (47, 21, 13, 10, 119.466350123);
INSERT INTO reading_data (reading_id, bin_id, bin_section_id, sensor_type_id, value) VALUES (47, 21, 13, 11, 93.0755744278);
INSERT INTO reading_data (reading_id, bin_id, bin_section_id, sensor_type_id, value) VALUES (47, 21, 13, 12, 124.784787724);
INSERT INTO reading_data (reading_id, bin_id, bin_section_id, sensor_type_id, value) VALUES (47, 21, 13, 13, 0);
INSERT INTO reading_data (reading_id, bin_id, bin_section_id, sensor_type_id, value) VALUES (47, 21, 14, 10, 81.8540140916);
INSERT INTO reading_data (reading_id, bin_id, bin_section_id, sensor_type_id, value) VALUES (47, 21, 14, 11, 111.334779004);
INSERT INTO reading_data (reading_id, bin_id, bin_section_id, sensor_type_id, value) VALUES (47, 22, 13, 10, 107.292266102);
INSERT INTO reading_data (reading_id, bin_id, bin_section_id, sensor_type_id, value) VALUES (47, 22, 13, 11, 110.946609007);
INSERT INTO reading_data (reading_id, bin_id, bin_section_id, sensor_type_id, value) VALUES (47, 22, 13, 12, 90.5037071523);
INSERT INTO reading_data (reading_id, bin_id, bin_section_id, sensor_type_id, value) VALUES (47, 22, 13, 13, 0);
INSERT INTO reading_data (reading_id, bin_id, bin_section_id, sensor_type_id, value) VALUES (47, 22, 14, 10, 127.299576749);
INSERT INTO reading_data (reading_id, bin_id, bin_section_id, sensor_type_id, value) VALUES (47, 22, 14, 11, 112.729100059);
INSERT INTO reading_data (reading_id, bin_id, bin_section_id, sensor_type_id, value) VALUES (47, 23, 13, 10, 89.5475578003);
INSERT INTO reading_data (reading_id, bin_id, bin_section_id, sensor_type_id, value) VALUES (47, 23, 13, 11, 123.890189742);
INSERT INTO reading_data (reading_id, bin_id, bin_section_id, sensor_type_id, value) VALUES (47, 23, 13, 12, 98.9597276127);
INSERT INTO reading_data (reading_id, bin_id, bin_section_id, sensor_type_id, value) VALUES (47, 23, 13, 13, 0);
INSERT INTO reading_data (reading_id, bin_id, bin_section_id, sensor_type_id, value) VALUES (47, 23, 14, 10, 128.145589825);
INSERT INTO reading_data (reading_id, bin_id, bin_section_id, sensor_type_id, value) VALUES (47, 23, 14, 11, 85.0615373528);
INSERT INTO reading_data (reading_id, bin_id, bin_section_id, sensor_type_id, value) VALUES (47, 24, 13, 10, 105.885159877);
INSERT INTO reading_data (reading_id, bin_id, bin_section_id, sensor_type_id, value) VALUES (47, 24, 13, 11, 122.268162638);
INSERT INTO reading_data (reading_id, bin_id, bin_section_id, sensor_type_id, value) VALUES (47, 24, 13, 12, 93.2661447616);
INSERT INTO reading_data (reading_id, bin_id, bin_section_id, sensor_type_id, value) VALUES (47, 24, 13, 13, 0);
INSERT INTO reading_data (reading_id, bin_id, bin_section_id, sensor_type_id, value) VALUES (47, 24, 14, 10, 126.634355113);
INSERT INTO reading_data (reading_id, bin_id, bin_section_id, sensor_type_id, value) VALUES (47, 24, 14, 11, 123.720693423);
INSERT INTO reading_data (reading_id, bin_id, bin_section_id, sensor_type_id, value) VALUES (47, 25, 13, 10, 111.106137244);
INSERT INTO reading_data (reading_id, bin_id, bin_section_id, sensor_type_id, value) VALUES (47, 25, 13, 11, 80.0657932798);
INSERT INTO reading_data (reading_id, bin_id, bin_section_id, sensor_type_id, value) VALUES (47, 25, 13, 12, 107.254400308);
INSERT INTO reading_data (reading_id, bin_id, bin_section_id, sensor_type_id, value) VALUES (47, 25, 13, 13, 0);
INSERT INTO reading_data (reading_id, bin_id, bin_section_id, sensor_type_id, value) VALUES (47, 25, 14, 10, 102.092009166);
INSERT INTO reading_data (reading_id, bin_id, bin_section_id, sensor_type_id, value) VALUES (47, 25, 14, 11, 104.672630587);
INSERT INTO reading (id, datetime) VALUES (48, TIMESTAMP '2012-08-19 16:39:45');
INSERT INTO reading_data (reading_id, bin_id, bin_section_id, sensor_type_id, value) VALUES (48, 10, 10, 50, 85.716503268);
INSERT INTO reading_data (reading_id, bin_id, bin_section_id, sensor_type_id, value) VALUES (48, 10, 10, 51, 129.150036996);
INSERT INTO reading_data (reading_id, bin_id, bin_section_id, sensor_type_id, value) VALUES (48, 10, 10, 40, 127.378049207);
INSERT INTO reading_data (reading_id, bin_id, bin_section_id, sensor_type_id, value) VALUES (48, 19, 10, 50, 121.463746964);
INSERT INTO reading_data (reading_id, bin_id, bin_section_id, sensor_type_id, value) VALUES (48, 19, 10, 51, 102.22303995);
INSERT INTO reading_data (reading_id, bin_id, bin_section_id, sensor_type_id, value) VALUES (48, 19, 10, 40, 122.341742792);
INSERT INTO reading_data (reading_id, bin_id, bin_section_id, sensor_type_id, value) VALUES (48, 11, 11, 20, 110.070084539);
INSERT INTO reading_data (reading_id, bin_id, bin_section_id, sensor_type_id, value) VALUES (48, 11, 11, 21, 86.7303964765);
INSERT INTO reading_data (reading_id, bin_id, bin_section_id, sensor_type_id, value) VALUES (48, 11, 11, 10, 80.1963879356);
INSERT INTO reading_data (reading_id, bin_id, bin_section_id, sensor_type_id, value) VALUES (48, 11, 11, 11, 114.204355286);
INSERT INTO reading_data (reading_id, bin_id, bin_section_id, sensor_type_id, value) VALUES (48, 21, 11, 20, 91.9457618628);
INSERT INTO reading_data (reading_id, bin_id, bin_section_id, sensor_type_id, value) VALUES (48, 21, 11, 21, 106.872848296);
INSERT INTO reading_data (reading_id, bin_id, bin_section_id, sensor_type_id, value) VALUES (48, 21, 11, 10, 101.616632919);
INSERT INTO reading_data (reading_id, bin_id, bin_section_id, sensor_type_id, value) VALUES (48, 21, 11, 11, 127.350165332);
INSERT INTO reading_data (reading_id, bin_id, bin_section_id, sensor_type_id, value) VALUES (48, 9, 14, 10, 110.750789148);
INSERT INTO reading_data (reading_id, bin_id, bin_section_id, sensor_type_id, value) VALUES (48, 9, 14, 11, 128.440293029);
INSERT INTO reading_data (reading_id, bin_id, bin_section_id, sensor_type_id, value) VALUES (48, 12, 13, 10, 112.507798913);
INSERT INTO reading_data (reading_id, bin_id, bin_section_id, sensor_type_id, value) VALUES (48, 12, 13, 11, 115.899716223);
INSERT INTO reading_data (reading_id, bin_id, bin_section_id, sensor_type_id, value) VALUES (48, 12, 13, 12, 84.8233018406);
INSERT INTO reading_data (reading_id, bin_id, bin_section_id, sensor_type_id, value) VALUES (48, 12, 13, 13, 1);
INSERT INTO reading_data (reading_id, bin_id, bin_section_id, sensor_type_id, value) VALUES (48, 12, 14, 10, 113.72541032);
INSERT INTO reading_data (reading_id, bin_id, bin_section_id, sensor_type_id, value) VALUES (48, 12, 14, 11, 115.714971151);
INSERT INTO reading_data (reading_id, bin_id, bin_section_id, sensor_type_id, value) VALUES (48, 13, 13, 10, 127.587361804);
INSERT INTO reading_data (reading_id, bin_id, bin_section_id, sensor_type_id, value) VALUES (48, 13, 13, 11, 91.5618795627);
INSERT INTO reading_data (reading_id, bin_id, bin_section_id, sensor_type_id, value) VALUES (48, 13, 13, 12, 116.635201733);
INSERT INTO reading_data (reading_id, bin_id, bin_section_id, sensor_type_id, value) VALUES (48, 13, 13, 13, 0);
INSERT INTO reading_data (reading_id, bin_id, bin_section_id, sensor_type_id, value) VALUES (48, 13, 14, 10, 108.162893946);
INSERT INTO reading_data (reading_id, bin_id, bin_section_id, sensor_type_id, value) VALUES (48, 13, 14, 11, 92.1062639496);
INSERT INTO reading_data (reading_id, bin_id, bin_section_id, sensor_type_id, value) VALUES (48, 14, 13, 10, 107.338841382);
INSERT INTO reading_data (reading_id, bin_id, bin_section_id, sensor_type_id, value) VALUES (48, 14, 13, 11, 96.6105185646);
INSERT INTO reading_data (reading_id, bin_id, bin_section_id, sensor_type_id, value) VALUES (48, 14, 13, 12, 97.774446955);
INSERT INTO reading_data (reading_id, bin_id, bin_section_id, sensor_type_id, value) VALUES (48, 14, 13, 13, 1);
INSERT INTO reading_data (reading_id, bin_id, bin_section_id, sensor_type_id, value) VALUES (48, 14, 14, 10, 83.201405519);
INSERT INTO reading_data (reading_id, bin_id, bin_section_id, sensor_type_id, value) VALUES (48, 14, 14, 11, 101.843088433);
INSERT INTO reading_data (reading_id, bin_id, bin_section_id, sensor_type_id, value) VALUES (48, 15, 13, 10, 90.2831004267);
INSERT INTO reading_data (reading_id, bin_id, bin_section_id, sensor_type_id, value) VALUES (48, 15, 13, 11, 122.594756296);
INSERT INTO reading_data (reading_id, bin_id, bin_section_id, sensor_type_id, value) VALUES (48, 15, 13, 12, 113.846738455);
INSERT INTO reading_data (reading_id, bin_id, bin_section_id, sensor_type_id, value) VALUES (48, 15, 13, 13, 1);
INSERT INTO reading_data (reading_id, bin_id, bin_section_id, sensor_type_id, value) VALUES (48, 15, 14, 10, 83.9194292222);
INSERT INTO reading_data (reading_id, bin_id, bin_section_id, sensor_type_id, value) VALUES (48, 15, 14, 11, 118.853645864);
INSERT INTO reading_data (reading_id, bin_id, bin_section_id, sensor_type_id, value) VALUES (48, 17, 13, 10, 126.56631297);
INSERT INTO reading_data (reading_id, bin_id, bin_section_id, sensor_type_id, value) VALUES (48, 17, 13, 11, 122.550869706);
INSERT INTO reading_data (reading_id, bin_id, bin_section_id, sensor_type_id, value) VALUES (48, 17, 13, 12, 117.553242782);
INSERT INTO reading_data (reading_id, bin_id, bin_section_id, sensor_type_id, value) VALUES (48, 17, 13, 13, 0);
INSERT INTO reading_data (reading_id, bin_id, bin_section_id, sensor_type_id, value) VALUES (48, 17, 14, 10, 117.295734559);
INSERT INTO reading_data (reading_id, bin_id, bin_section_id, sensor_type_id, value) VALUES (48, 17, 14, 11, 104.470716319);
INSERT INTO reading_data (reading_id, bin_id, bin_section_id, sensor_type_id, value) VALUES (48, 21, 13, 10, 89.2654020556);
INSERT INTO reading_data (reading_id, bin_id, bin_section_id, sensor_type_id, value) VALUES (48, 21, 13, 11, 110.304589405);
INSERT INTO reading_data (reading_id, bin_id, bin_section_id, sensor_type_id, value) VALUES (48, 21, 13, 12, 101.943570761);
INSERT INTO reading_data (reading_id, bin_id, bin_section_id, sensor_type_id, value) VALUES (48, 21, 13, 13, 0);
INSERT INTO reading_data (reading_id, bin_id, bin_section_id, sensor_type_id, value) VALUES (48, 21, 14, 10, 80.7507031368);
INSERT INTO reading_data (reading_id, bin_id, bin_section_id, sensor_type_id, value) VALUES (48, 21, 14, 11, 127.41602836);
INSERT INTO reading_data (reading_id, bin_id, bin_section_id, sensor_type_id, value) VALUES (48, 22, 13, 10, 116.564801318);
INSERT INTO reading_data (reading_id, bin_id, bin_section_id, sensor_type_id, value) VALUES (48, 22, 13, 11, 109.885035411);
INSERT INTO reading_data (reading_id, bin_id, bin_section_id, sensor_type_id, value) VALUES (48, 22, 13, 12, 119.880110332);
INSERT INTO reading_data (reading_id, bin_id, bin_section_id, sensor_type_id, value) VALUES (48, 22, 13, 13, 0);
INSERT INTO reading_data (reading_id, bin_id, bin_section_id, sensor_type_id, value) VALUES (48, 22, 14, 10, 103.880610093);
INSERT INTO reading_data (reading_id, bin_id, bin_section_id, sensor_type_id, value) VALUES (48, 22, 14, 11, 97.5101422327);
INSERT INTO reading_data (reading_id, bin_id, bin_section_id, sensor_type_id, value) VALUES (48, 23, 13, 10, 114.674024996);
INSERT INTO reading_data (reading_id, bin_id, bin_section_id, sensor_type_id, value) VALUES (48, 23, 13, 11, 118.992801507);
INSERT INTO reading_data (reading_id, bin_id, bin_section_id, sensor_type_id, value) VALUES (48, 23, 13, 12, 115.601076336);
INSERT INTO reading_data (reading_id, bin_id, bin_section_id, sensor_type_id, value) VALUES (48, 23, 13, 13, 1);
INSERT INTO reading_data (reading_id, bin_id, bin_section_id, sensor_type_id, value) VALUES (48, 23, 14, 10, 85.5855638186);
INSERT INTO reading_data (reading_id, bin_id, bin_section_id, sensor_type_id, value) VALUES (48, 23, 14, 11, 112.094951703);
INSERT INTO reading_data (reading_id, bin_id, bin_section_id, sensor_type_id, value) VALUES (48, 24, 13, 10, 105.622015579);
INSERT INTO reading_data (reading_id, bin_id, bin_section_id, sensor_type_id, value) VALUES (48, 24, 13, 11, 129.834911082);
INSERT INTO reading_data (reading_id, bin_id, bin_section_id, sensor_type_id, value) VALUES (48, 24, 13, 12, 96.4102538911);
INSERT INTO reading_data (reading_id, bin_id, bin_section_id, sensor_type_id, value) VALUES (48, 24, 13, 13, 1);
INSERT INTO reading_data (reading_id, bin_id, bin_section_id, sensor_type_id, value) VALUES (48, 24, 14, 10, 115.0267913);
INSERT INTO reading_data (reading_id, bin_id, bin_section_id, sensor_type_id, value) VALUES (48, 24, 14, 11, 121.835385345);
INSERT INTO reading_data (reading_id, bin_id, bin_section_id, sensor_type_id, value) VALUES (48, 25, 13, 10, 90.2904360831);
INSERT INTO reading_data (reading_id, bin_id, bin_section_id, sensor_type_id, value) VALUES (48, 25, 13, 11, 84.5541619645);
INSERT INTO reading_data (reading_id, bin_id, bin_section_id, sensor_type_id, value) VALUES (48, 25, 13, 12, 84.3597900108);
INSERT INTO reading_data (reading_id, bin_id, bin_section_id, sensor_type_id, value) VALUES (48, 25, 13, 13, 0);
INSERT INTO reading_data (reading_id, bin_id, bin_section_id, sensor_type_id, value) VALUES (48, 25, 14, 10, 83.0875759049);
INSERT INTO reading_data (reading_id, bin_id, bin_section_id, sensor_type_id, value) VALUES (48, 25, 14, 11, 114.564915775);
INSERT INTO reading (id, datetime) VALUES (49, TIMESTAMP '2012-08-19 16:44:45');
INSERT INTO reading_data (reading_id, bin_id, bin_section_id, sensor_type_id, value) VALUES (49, 10, 10, 50, 124.454095662);
INSERT INTO reading_data (reading_id, bin_id, bin_section_id, sensor_type_id, value) VALUES (49, 10, 10, 51, 94.5963188553);
INSERT INTO reading_data (reading_id, bin_id, bin_section_id, sensor_type_id, value) VALUES (49, 10, 10, 40, 119.690342221);
INSERT INTO reading_data (reading_id, bin_id, bin_section_id, sensor_type_id, value) VALUES (49, 19, 10, 50, 97.6610678498);
INSERT INTO reading_data (reading_id, bin_id, bin_section_id, sensor_type_id, value) VALUES (49, 19, 10, 51, 88.5821913902);
INSERT INTO reading_data (reading_id, bin_id, bin_section_id, sensor_type_id, value) VALUES (49, 19, 10, 40, 123.576222014);
INSERT INTO reading_data (reading_id, bin_id, bin_section_id, sensor_type_id, value) VALUES (49, 11, 11, 20, 85.8834532752);
INSERT INTO reading_data (reading_id, bin_id, bin_section_id, sensor_type_id, value) VALUES (49, 11, 11, 21, 124.068672986);
INSERT INTO reading_data (reading_id, bin_id, bin_section_id, sensor_type_id, value) VALUES (49, 11, 11, 10, 106.30837117);
INSERT INTO reading_data (reading_id, bin_id, bin_section_id, sensor_type_id, value) VALUES (49, 11, 11, 11, 84.6490275114);
INSERT INTO reading_data (reading_id, bin_id, bin_section_id, sensor_type_id, value) VALUES (49, 21, 11, 20, 124.587494414);
INSERT INTO reading_data (reading_id, bin_id, bin_section_id, sensor_type_id, value) VALUES (49, 21, 11, 21, 111.303176752);
INSERT INTO reading_data (reading_id, bin_id, bin_section_id, sensor_type_id, value) VALUES (49, 21, 11, 10, 125.777907207);
INSERT INTO reading_data (reading_id, bin_id, bin_section_id, sensor_type_id, value) VALUES (49, 21, 11, 11, 111.607222191);
INSERT INTO reading_data (reading_id, bin_id, bin_section_id, sensor_type_id, value) VALUES (49, 9, 14, 10, 115.431262152);
INSERT INTO reading_data (reading_id, bin_id, bin_section_id, sensor_type_id, value) VALUES (49, 9, 14, 11, 108.4934424);
INSERT INTO reading_data (reading_id, bin_id, bin_section_id, sensor_type_id, value) VALUES (49, 12, 13, 10, 112.716082375);
INSERT INTO reading_data (reading_id, bin_id, bin_section_id, sensor_type_id, value) VALUES (49, 12, 13, 11, 100.846444697);
INSERT INTO reading_data (reading_id, bin_id, bin_section_id, sensor_type_id, value) VALUES (49, 12, 13, 12, 84.5091261179);
INSERT INTO reading_data (reading_id, bin_id, bin_section_id, sensor_type_id, value) VALUES (49, 12, 13, 13, 1);
INSERT INTO reading_data (reading_id, bin_id, bin_section_id, sensor_type_id, value) VALUES (49, 12, 14, 10, 92.089379897);
INSERT INTO reading_data (reading_id, bin_id, bin_section_id, sensor_type_id, value) VALUES (49, 12, 14, 11, 125.499204911);
INSERT INTO reading_data (reading_id, bin_id, bin_section_id, sensor_type_id, value) VALUES (49, 13, 13, 10, 117.941718868);
INSERT INTO reading_data (reading_id, bin_id, bin_section_id, sensor_type_id, value) VALUES (49, 13, 13, 11, 80.662431321);
INSERT INTO reading_data (reading_id, bin_id, bin_section_id, sensor_type_id, value) VALUES (49, 13, 13, 12, 92.2148724512);
INSERT INTO reading_data (reading_id, bin_id, bin_section_id, sensor_type_id, value) VALUES (49, 13, 13, 13, 0);
INSERT INTO reading_data (reading_id, bin_id, bin_section_id, sensor_type_id, value) VALUES (49, 13, 14, 10, 92.6646769281);
INSERT INTO reading_data (reading_id, bin_id, bin_section_id, sensor_type_id, value) VALUES (49, 13, 14, 11, 123.317547883);
INSERT INTO reading_data (reading_id, bin_id, bin_section_id, sensor_type_id, value) VALUES (49, 14, 13, 10, 115.417518786);
INSERT INTO reading_data (reading_id, bin_id, bin_section_id, sensor_type_id, value) VALUES (49, 14, 13, 11, 108.542406952);
INSERT INTO reading_data (reading_id, bin_id, bin_section_id, sensor_type_id, value) VALUES (49, 14, 13, 12, 123.120950829);
INSERT INTO reading_data (reading_id, bin_id, bin_section_id, sensor_type_id, value) VALUES (49, 14, 13, 13, 0);
INSERT INTO reading_data (reading_id, bin_id, bin_section_id, sensor_type_id, value) VALUES (49, 14, 14, 10, 82.9607369395);
INSERT INTO reading_data (reading_id, bin_id, bin_section_id, sensor_type_id, value) VALUES (49, 14, 14, 11, 81.8450996763);
INSERT INTO reading_data (reading_id, bin_id, bin_section_id, sensor_type_id, value) VALUES (49, 15, 13, 10, 100.896133023);
INSERT INTO reading_data (reading_id, bin_id, bin_section_id, sensor_type_id, value) VALUES (49, 15, 13, 11, 87.0975460603);
INSERT INTO reading_data (reading_id, bin_id, bin_section_id, sensor_type_id, value) VALUES (49, 15, 13, 12, 110.903529174);
INSERT INTO reading_data (reading_id, bin_id, bin_section_id, sensor_type_id, value) VALUES (49, 15, 13, 13, 1);
INSERT INTO reading_data (reading_id, bin_id, bin_section_id, sensor_type_id, value) VALUES (49, 15, 14, 10, 84.0734406865);
INSERT INTO reading_data (reading_id, bin_id, bin_section_id, sensor_type_id, value) VALUES (49, 15, 14, 11, 127.191786318);
INSERT INTO reading_data (reading_id, bin_id, bin_section_id, sensor_type_id, value) VALUES (49, 17, 13, 10, 115.463543317);
INSERT INTO reading_data (reading_id, bin_id, bin_section_id, sensor_type_id, value) VALUES (49, 17, 13, 11, 119.499463497);
INSERT INTO reading_data (reading_id, bin_id, bin_section_id, sensor_type_id, value) VALUES (49, 17, 13, 12, 112.837712758);
INSERT INTO reading_data (reading_id, bin_id, bin_section_id, sensor_type_id, value) VALUES (49, 17, 13, 13, 1);
INSERT INTO reading_data (reading_id, bin_id, bin_section_id, sensor_type_id, value) VALUES (49, 17, 14, 10, 95.7280650353);
INSERT INTO reading_data (reading_id, bin_id, bin_section_id, sensor_type_id, value) VALUES (49, 17, 14, 11, 85.0728771975);
INSERT INTO reading_data (reading_id, bin_id, bin_section_id, sensor_type_id, value) VALUES (49, 21, 13, 10, 112.899196365);
INSERT INTO reading_data (reading_id, bin_id, bin_section_id, sensor_type_id, value) VALUES (49, 21, 13, 11, 85.6045249297);
INSERT INTO reading_data (reading_id, bin_id, bin_section_id, sensor_type_id, value) VALUES (49, 21, 13, 12, 102.805930508);
INSERT INTO reading_data (reading_id, bin_id, bin_section_id, sensor_type_id, value) VALUES (49, 21, 13, 13, 1);
INSERT INTO reading_data (reading_id, bin_id, bin_section_id, sensor_type_id, value) VALUES (49, 21, 14, 10, 112.264542105);
INSERT INTO reading_data (reading_id, bin_id, bin_section_id, sensor_type_id, value) VALUES (49, 21, 14, 11, 117.036581319);
INSERT INTO reading_data (reading_id, bin_id, bin_section_id, sensor_type_id, value) VALUES (49, 22, 13, 10, 105.627527837);
INSERT INTO reading_data (reading_id, bin_id, bin_section_id, sensor_type_id, value) VALUES (49, 22, 13, 11, 116.374389964);
INSERT INTO reading_data (reading_id, bin_id, bin_section_id, sensor_type_id, value) VALUES (49, 22, 13, 12, 89.3646008099);
INSERT INTO reading_data (reading_id, bin_id, bin_section_id, sensor_type_id, value) VALUES (49, 22, 13, 13, 1);
INSERT INTO reading_data (reading_id, bin_id, bin_section_id, sensor_type_id, value) VALUES (49, 22, 14, 10, 85.1485881539);
INSERT INTO reading_data (reading_id, bin_id, bin_section_id, sensor_type_id, value) VALUES (49, 22, 14, 11, 103.452614609);
INSERT INTO reading_data (reading_id, bin_id, bin_section_id, sensor_type_id, value) VALUES (49, 23, 13, 10, 100.869029836);
INSERT INTO reading_data (reading_id, bin_id, bin_section_id, sensor_type_id, value) VALUES (49, 23, 13, 11, 83.4607127434);
INSERT INTO reading_data (reading_id, bin_id, bin_section_id, sensor_type_id, value) VALUES (49, 23, 13, 12, 101.960407148);
INSERT INTO reading_data (reading_id, bin_id, bin_section_id, sensor_type_id, value) VALUES (49, 23, 13, 13, 0);
INSERT INTO reading_data (reading_id, bin_id, bin_section_id, sensor_type_id, value) VALUES (49, 23, 14, 10, 124.379484861);
INSERT INTO reading_data (reading_id, bin_id, bin_section_id, sensor_type_id, value) VALUES (49, 23, 14, 11, 93.3760471647);
INSERT INTO reading_data (reading_id, bin_id, bin_section_id, sensor_type_id, value) VALUES (49, 24, 13, 10, 127.630250174);
INSERT INTO reading_data (reading_id, bin_id, bin_section_id, sensor_type_id, value) VALUES (49, 24, 13, 11, 127.969584693);
INSERT INTO reading_data (reading_id, bin_id, bin_section_id, sensor_type_id, value) VALUES (49, 24, 13, 12, 114.479145638);
INSERT INTO reading_data (reading_id, bin_id, bin_section_id, sensor_type_id, value) VALUES (49, 24, 13, 13, 1);
INSERT INTO reading_data (reading_id, bin_id, bin_section_id, sensor_type_id, value) VALUES (49, 24, 14, 10, 92.7026563138);
INSERT INTO reading_data (reading_id, bin_id, bin_section_id, sensor_type_id, value) VALUES (49, 24, 14, 11, 97.9600768739);
INSERT INTO reading_data (reading_id, bin_id, bin_section_id, sensor_type_id, value) VALUES (49, 25, 13, 10, 88.6030639143);
INSERT INTO reading_data (reading_id, bin_id, bin_section_id, sensor_type_id, value) VALUES (49, 25, 13, 11, 85.5763968623);
INSERT INTO reading_data (reading_id, bin_id, bin_section_id, sensor_type_id, value) VALUES (49, 25, 13, 12, 119.500061373);
INSERT INTO reading_data (reading_id, bin_id, bin_section_id, sensor_type_id, value) VALUES (49, 25, 13, 13, 0);
INSERT INTO reading_data (reading_id, bin_id, bin_section_id, sensor_type_id, value) VALUES (49, 25, 14, 10, 125.837812017);
INSERT INTO reading_data (reading_id, bin_id, bin_section_id, sensor_type_id, value) VALUES (49, 25, 14, 11, 83.6529296908);
INSERT INTO reading (id, datetime) VALUES (50, TIMESTAMP '2012-08-19 16:49:45');
INSERT INTO reading_data (reading_id, bin_id, bin_section_id, sensor_type_id, value) VALUES (50, 10, 10, 50, 111.962879366);
INSERT INTO reading_data (reading_id, bin_id, bin_section_id, sensor_type_id, value) VALUES (50, 10, 10, 51, 85.539182186);
INSERT INTO reading_data (reading_id, bin_id, bin_section_id, sensor_type_id, value) VALUES (50, 10, 10, 40, 112.711739077);
INSERT INTO reading_data (reading_id, bin_id, bin_section_id, sensor_type_id, value) VALUES (50, 19, 10, 50, 111.735877431);
INSERT INTO reading_data (reading_id, bin_id, bin_section_id, sensor_type_id, value) VALUES (50, 19, 10, 51, 96.5878345489);
INSERT INTO reading_data (reading_id, bin_id, bin_section_id, sensor_type_id, value) VALUES (50, 19, 10, 40, 105.47548578);
INSERT INTO reading_data (reading_id, bin_id, bin_section_id, sensor_type_id, value) VALUES (50, 11, 11, 20, 86.3850134501);
INSERT INTO reading_data (reading_id, bin_id, bin_section_id, sensor_type_id, value) VALUES (50, 11, 11, 21, 82.9034047797);
INSERT INTO reading_data (reading_id, bin_id, bin_section_id, sensor_type_id, value) VALUES (50, 11, 11, 10, 88.9746987272);
INSERT INTO reading_data (reading_id, bin_id, bin_section_id, sensor_type_id, value) VALUES (50, 11, 11, 11, 115.413263166);
INSERT INTO reading_data (reading_id, bin_id, bin_section_id, sensor_type_id, value) VALUES (50, 21, 11, 20, 115.824671861);
INSERT INTO reading_data (reading_id, bin_id, bin_section_id, sensor_type_id, value) VALUES (50, 21, 11, 21, 97.9365819658);
INSERT INTO reading_data (reading_id, bin_id, bin_section_id, sensor_type_id, value) VALUES (50, 21, 11, 10, 127.044857972);
INSERT INTO reading_data (reading_id, bin_id, bin_section_id, sensor_type_id, value) VALUES (50, 21, 11, 11, 106.037749518);
INSERT INTO reading_data (reading_id, bin_id, bin_section_id, sensor_type_id, value) VALUES (50, 9, 14, 10, 95.2158353088);
INSERT INTO reading_data (reading_id, bin_id, bin_section_id, sensor_type_id, value) VALUES (50, 9, 14, 11, 106.513364752);
INSERT INTO reading_data (reading_id, bin_id, bin_section_id, sensor_type_id, value) VALUES (50, 12, 13, 10, 104.241020955);
INSERT INTO reading_data (reading_id, bin_id, bin_section_id, sensor_type_id, value) VALUES (50, 12, 13, 11, 85.8508024145);
INSERT INTO reading_data (reading_id, bin_id, bin_section_id, sensor_type_id, value) VALUES (50, 12, 13, 12, 85.2881147938);
INSERT INTO reading_data (reading_id, bin_id, bin_section_id, sensor_type_id, value) VALUES (50, 12, 13, 13, 0);
INSERT INTO reading_data (reading_id, bin_id, bin_section_id, sensor_type_id, value) VALUES (50, 12, 14, 10, 124.296660501);
INSERT INTO reading_data (reading_id, bin_id, bin_section_id, sensor_type_id, value) VALUES (50, 12, 14, 11, 95.5002839297);
INSERT INTO reading_data (reading_id, bin_id, bin_section_id, sensor_type_id, value) VALUES (50, 13, 13, 10, 123.534814343);
INSERT INTO reading_data (reading_id, bin_id, bin_section_id, sensor_type_id, value) VALUES (50, 13, 13, 11, 88.5516655494);
INSERT INTO reading_data (reading_id, bin_id, bin_section_id, sensor_type_id, value) VALUES (50, 13, 13, 12, 105.825945346);
INSERT INTO reading_data (reading_id, bin_id, bin_section_id, sensor_type_id, value) VALUES (50, 13, 13, 13, 0);
INSERT INTO reading_data (reading_id, bin_id, bin_section_id, sensor_type_id, value) VALUES (50, 13, 14, 10, 112.766449749);
INSERT INTO reading_data (reading_id, bin_id, bin_section_id, sensor_type_id, value) VALUES (50, 13, 14, 11, 118.081375731);
INSERT INTO reading_data (reading_id, bin_id, bin_section_id, sensor_type_id, value) VALUES (50, 14, 13, 10, 125.901757624);
INSERT INTO reading_data (reading_id, bin_id, bin_section_id, sensor_type_id, value) VALUES (50, 14, 13, 11, 114.556722612);
INSERT INTO reading_data (reading_id, bin_id, bin_section_id, sensor_type_id, value) VALUES (50, 14, 13, 12, 90.9897928732);
INSERT INTO reading_data (reading_id, bin_id, bin_section_id, sensor_type_id, value) VALUES (50, 14, 13, 13, 0);
INSERT INTO reading_data (reading_id, bin_id, bin_section_id, sensor_type_id, value) VALUES (50, 14, 14, 10, 103.879067527);
INSERT INTO reading_data (reading_id, bin_id, bin_section_id, sensor_type_id, value) VALUES (50, 14, 14, 11, 118.531672377);
INSERT INTO reading_data (reading_id, bin_id, bin_section_id, sensor_type_id, value) VALUES (50, 15, 13, 10, 101.723714311);
INSERT INTO reading_data (reading_id, bin_id, bin_section_id, sensor_type_id, value) VALUES (50, 15, 13, 11, 110.83240084);
INSERT INTO reading_data (reading_id, bin_id, bin_section_id, sensor_type_id, value) VALUES (50, 15, 13, 12, 96.3348403884);
INSERT INTO reading_data (reading_id, bin_id, bin_section_id, sensor_type_id, value) VALUES (50, 15, 13, 13, 1);
INSERT INTO reading_data (reading_id, bin_id, bin_section_id, sensor_type_id, value) VALUES (50, 15, 14, 10, 111.881216771);
INSERT INTO reading_data (reading_id, bin_id, bin_section_id, sensor_type_id, value) VALUES (50, 15, 14, 11, 109.272941376);
INSERT INTO reading_data (reading_id, bin_id, bin_section_id, sensor_type_id, value) VALUES (50, 17, 13, 10, 103.50046492);
INSERT INTO reading_data (reading_id, bin_id, bin_section_id, sensor_type_id, value) VALUES (50, 17, 13, 11, 85.125345643);
INSERT INTO reading_data (reading_id, bin_id, bin_section_id, sensor_type_id, value) VALUES (50, 17, 13, 12, 126.599130537);
INSERT INTO reading_data (reading_id, bin_id, bin_section_id, sensor_type_id, value) VALUES (50, 17, 13, 13, 1);
INSERT INTO reading_data (reading_id, bin_id, bin_section_id, sensor_type_id, value) VALUES (50, 17, 14, 10, 100.003999085);
INSERT INTO reading_data (reading_id, bin_id, bin_section_id, sensor_type_id, value) VALUES (50, 17, 14, 11, 129.797539004);
INSERT INTO reading_data (reading_id, bin_id, bin_section_id, sensor_type_id, value) VALUES (50, 21, 13, 10, 85.6138494973);
INSERT INTO reading_data (reading_id, bin_id, bin_section_id, sensor_type_id, value) VALUES (50, 21, 13, 11, 97.2622617349);
INSERT INTO reading_data (reading_id, bin_id, bin_section_id, sensor_type_id, value) VALUES (50, 21, 13, 12, 123.381414724);
INSERT INTO reading_data (reading_id, bin_id, bin_section_id, sensor_type_id, value) VALUES (50, 21, 13, 13, 0);
INSERT INTO reading_data (reading_id, bin_id, bin_section_id, sensor_type_id, value) VALUES (50, 21, 14, 10, 89.0374849038);
INSERT INTO reading_data (reading_id, bin_id, bin_section_id, sensor_type_id, value) VALUES (50, 21, 14, 11, 80.6871845162);
INSERT INTO reading_data (reading_id, bin_id, bin_section_id, sensor_type_id, value) VALUES (50, 22, 13, 10, 119.121529296);
INSERT INTO reading_data (reading_id, bin_id, bin_section_id, sensor_type_id, value) VALUES (50, 22, 13, 11, 84.616876181);
INSERT INTO reading_data (reading_id, bin_id, bin_section_id, sensor_type_id, value) VALUES (50, 22, 13, 12, 81.5766551421);
INSERT INTO reading_data (reading_id, bin_id, bin_section_id, sensor_type_id, value) VALUES (50, 22, 13, 13, 1);
INSERT INTO reading_data (reading_id, bin_id, bin_section_id, sensor_type_id, value) VALUES (50, 22, 14, 10, 95.0467746377);
INSERT INTO reading_data (reading_id, bin_id, bin_section_id, sensor_type_id, value) VALUES (50, 22, 14, 11, 110.137704576);
INSERT INTO reading_data (reading_id, bin_id, bin_section_id, sensor_type_id, value) VALUES (50, 23, 13, 10, 111.9089144);
INSERT INTO reading_data (reading_id, bin_id, bin_section_id, sensor_type_id, value) VALUES (50, 23, 13, 11, 104.471278946);
INSERT INTO reading_data (reading_id, bin_id, bin_section_id, sensor_type_id, value) VALUES (50, 23, 13, 12, 81.2235638007);
INSERT INTO reading_data (reading_id, bin_id, bin_section_id, sensor_type_id, value) VALUES (50, 23, 13, 13, 1);
INSERT INTO reading_data (reading_id, bin_id, bin_section_id, sensor_type_id, value) VALUES (50, 23, 14, 10, 96.4200056432);
INSERT INTO reading_data (reading_id, bin_id, bin_section_id, sensor_type_id, value) VALUES (50, 23, 14, 11, 81.9557618518);
INSERT INTO reading_data (reading_id, bin_id, bin_section_id, sensor_type_id, value) VALUES (50, 24, 13, 10, 126.58075507);
INSERT INTO reading_data (reading_id, bin_id, bin_section_id, sensor_type_id, value) VALUES (50, 24, 13, 11, 96.0446102875);
INSERT INTO reading_data (reading_id, bin_id, bin_section_id, sensor_type_id, value) VALUES (50, 24, 13, 12, 128.603155374);
INSERT INTO reading_data (reading_id, bin_id, bin_section_id, sensor_type_id, value) VALUES (50, 24, 13, 13, 0);
INSERT INTO reading_data (reading_id, bin_id, bin_section_id, sensor_type_id, value) VALUES (50, 24, 14, 10, 118.804366437);
INSERT INTO reading_data (reading_id, bin_id, bin_section_id, sensor_type_id, value) VALUES (50, 24, 14, 11, 83.3569825589);
INSERT INTO reading_data (reading_id, bin_id, bin_section_id, sensor_type_id, value) VALUES (50, 25, 13, 10, 119.95884905);
INSERT INTO reading_data (reading_id, bin_id, bin_section_id, sensor_type_id, value) VALUES (50, 25, 13, 11, 91.6928360554);
INSERT INTO reading_data (reading_id, bin_id, bin_section_id, sensor_type_id, value) VALUES (50, 25, 13, 12, 127.008011339);
INSERT INTO reading_data (reading_id, bin_id, bin_section_id, sensor_type_id, value) VALUES (50, 25, 13, 13, 1);
INSERT INTO reading_data (reading_id, bin_id, bin_section_id, sensor_type_id, value) VALUES (50, 25, 14, 10, 128.754465147);
INSERT INTO reading_data (reading_id, bin_id, bin_section_id, sensor_type_id, value) VALUES (50, 25, 14, 11, 124.828150582);
INSERT INTO reading (id, datetime) VALUES (51, TIMESTAMP '2012-08-19 16:54:45');
INSERT INTO reading_data (reading_id, bin_id, bin_section_id, sensor_type_id, value) VALUES (51, 10, 10, 50, 124.835603918);
INSERT INTO reading_data (reading_id, bin_id, bin_section_id, sensor_type_id, value) VALUES (51, 10, 10, 51, 128.106942411);
INSERT INTO reading_data (reading_id, bin_id, bin_section_id, sensor_type_id, value) VALUES (51, 10, 10, 40, 87.3002571206);
INSERT INTO reading_data (reading_id, bin_id, bin_section_id, sensor_type_id, value) VALUES (51, 19, 10, 50, 105.030458107);
INSERT INTO reading_data (reading_id, bin_id, bin_section_id, sensor_type_id, value) VALUES (51, 19, 10, 51, 108.282710932);
INSERT INTO reading_data (reading_id, bin_id, bin_section_id, sensor_type_id, value) VALUES (51, 19, 10, 40, 97.6738503084);
INSERT INTO reading_data (reading_id, bin_id, bin_section_id, sensor_type_id, value) VALUES (51, 11, 11, 20, 97.3192224025);
INSERT INTO reading_data (reading_id, bin_id, bin_section_id, sensor_type_id, value) VALUES (51, 11, 11, 21, 87.3020048474);
INSERT INTO reading_data (reading_id, bin_id, bin_section_id, sensor_type_id, value) VALUES (51, 11, 11, 10, 110.430294562);
INSERT INTO reading_data (reading_id, bin_id, bin_section_id, sensor_type_id, value) VALUES (51, 11, 11, 11, 94.910259231);
INSERT INTO reading_data (reading_id, bin_id, bin_section_id, sensor_type_id, value) VALUES (51, 21, 11, 20, 102.931578794);
INSERT INTO reading_data (reading_id, bin_id, bin_section_id, sensor_type_id, value) VALUES (51, 21, 11, 21, 112.60903767);
INSERT INTO reading_data (reading_id, bin_id, bin_section_id, sensor_type_id, value) VALUES (51, 21, 11, 10, 129.400302614);
INSERT INTO reading_data (reading_id, bin_id, bin_section_id, sensor_type_id, value) VALUES (51, 21, 11, 11, 91.9205527503);
INSERT INTO reading_data (reading_id, bin_id, bin_section_id, sensor_type_id, value) VALUES (51, 9, 14, 10, 88.4008911364);
INSERT INTO reading_data (reading_id, bin_id, bin_section_id, sensor_type_id, value) VALUES (51, 9, 14, 11, 114.480474376);
INSERT INTO reading_data (reading_id, bin_id, bin_section_id, sensor_type_id, value) VALUES (51, 12, 13, 10, 117.365839443);
INSERT INTO reading_data (reading_id, bin_id, bin_section_id, sensor_type_id, value) VALUES (51, 12, 13, 11, 89.9854806042);
INSERT INTO reading_data (reading_id, bin_id, bin_section_id, sensor_type_id, value) VALUES (51, 12, 13, 12, 93.9519793013);
INSERT INTO reading_data (reading_id, bin_id, bin_section_id, sensor_type_id, value) VALUES (51, 12, 13, 13, 1);
INSERT INTO reading_data (reading_id, bin_id, bin_section_id, sensor_type_id, value) VALUES (51, 12, 14, 10, 93.5188378429);
INSERT INTO reading_data (reading_id, bin_id, bin_section_id, sensor_type_id, value) VALUES (51, 12, 14, 11, 115.714929346);
INSERT INTO reading_data (reading_id, bin_id, bin_section_id, sensor_type_id, value) VALUES (51, 13, 13, 10, 123.815580529);
INSERT INTO reading_data (reading_id, bin_id, bin_section_id, sensor_type_id, value) VALUES (51, 13, 13, 11, 117.702640439);
INSERT INTO reading_data (reading_id, bin_id, bin_section_id, sensor_type_id, value) VALUES (51, 13, 13, 12, 115.040732377);
INSERT INTO reading_data (reading_id, bin_id, bin_section_id, sensor_type_id, value) VALUES (51, 13, 13, 13, 1);
INSERT INTO reading_data (reading_id, bin_id, bin_section_id, sensor_type_id, value) VALUES (51, 13, 14, 10, 123.32830319);
INSERT INTO reading_data (reading_id, bin_id, bin_section_id, sensor_type_id, value) VALUES (51, 13, 14, 11, 115.492625669);
INSERT INTO reading_data (reading_id, bin_id, bin_section_id, sensor_type_id, value) VALUES (51, 14, 13, 10, 95.1418835911);
INSERT INTO reading_data (reading_id, bin_id, bin_section_id, sensor_type_id, value) VALUES (51, 14, 13, 11, 128.463732999);
INSERT INTO reading_data (reading_id, bin_id, bin_section_id, sensor_type_id, value) VALUES (51, 14, 13, 12, 91.6501672945);
INSERT INTO reading_data (reading_id, bin_id, bin_section_id, sensor_type_id, value) VALUES (51, 14, 13, 13, 0);
INSERT INTO reading_data (reading_id, bin_id, bin_section_id, sensor_type_id, value) VALUES (51, 14, 14, 10, 112.0889923);
INSERT INTO reading_data (reading_id, bin_id, bin_section_id, sensor_type_id, value) VALUES (51, 14, 14, 11, 104.231170689);
INSERT INTO reading_data (reading_id, bin_id, bin_section_id, sensor_type_id, value) VALUES (51, 15, 13, 10, 88.4708673968);
INSERT INTO reading_data (reading_id, bin_id, bin_section_id, sensor_type_id, value) VALUES (51, 15, 13, 11, 124.455399722);
INSERT INTO reading_data (reading_id, bin_id, bin_section_id, sensor_type_id, value) VALUES (51, 15, 13, 12, 98.0350626176);
INSERT INTO reading_data (reading_id, bin_id, bin_section_id, sensor_type_id, value) VALUES (51, 15, 13, 13, 0);
INSERT INTO reading_data (reading_id, bin_id, bin_section_id, sensor_type_id, value) VALUES (51, 15, 14, 10, 124.232483154);
INSERT INTO reading_data (reading_id, bin_id, bin_section_id, sensor_type_id, value) VALUES (51, 15, 14, 11, 101.160952168);
INSERT INTO reading_data (reading_id, bin_id, bin_section_id, sensor_type_id, value) VALUES (51, 17, 13, 10, 109.678261087);
INSERT INTO reading_data (reading_id, bin_id, bin_section_id, sensor_type_id, value) VALUES (51, 17, 13, 11, 99.6710906031);
INSERT INTO reading_data (reading_id, bin_id, bin_section_id, sensor_type_id, value) VALUES (51, 17, 13, 12, 85.3048563896);
INSERT INTO reading_data (reading_id, bin_id, bin_section_id, sensor_type_id, value) VALUES (51, 17, 13, 13, 0);
INSERT INTO reading_data (reading_id, bin_id, bin_section_id, sensor_type_id, value) VALUES (51, 17, 14, 10, 109.194564276);
INSERT INTO reading_data (reading_id, bin_id, bin_section_id, sensor_type_id, value) VALUES (51, 17, 14, 11, 124.992697312);
INSERT INTO reading_data (reading_id, bin_id, bin_section_id, sensor_type_id, value) VALUES (51, 21, 13, 10, 103.600516713);
INSERT INTO reading_data (reading_id, bin_id, bin_section_id, sensor_type_id, value) VALUES (51, 21, 13, 11, 102.504290245);
INSERT INTO reading_data (reading_id, bin_id, bin_section_id, sensor_type_id, value) VALUES (51, 21, 13, 12, 115.50239325);
INSERT INTO reading_data (reading_id, bin_id, bin_section_id, sensor_type_id, value) VALUES (51, 21, 13, 13, 0);
INSERT INTO reading_data (reading_id, bin_id, bin_section_id, sensor_type_id, value) VALUES (51, 21, 14, 10, 86.9582435729);
INSERT INTO reading_data (reading_id, bin_id, bin_section_id, sensor_type_id, value) VALUES (51, 21, 14, 11, 82.9148025427);
INSERT INTO reading_data (reading_id, bin_id, bin_section_id, sensor_type_id, value) VALUES (51, 22, 13, 10, 110.389540314);
INSERT INTO reading_data (reading_id, bin_id, bin_section_id, sensor_type_id, value) VALUES (51, 22, 13, 11, 118.574583492);
INSERT INTO reading_data (reading_id, bin_id, bin_section_id, sensor_type_id, value) VALUES (51, 22, 13, 12, 93.5492559382);
INSERT INTO reading_data (reading_id, bin_id, bin_section_id, sensor_type_id, value) VALUES (51, 22, 13, 13, 1);
INSERT INTO reading_data (reading_id, bin_id, bin_section_id, sensor_type_id, value) VALUES (51, 22, 14, 10, 86.2335001724);
INSERT INTO reading_data (reading_id, bin_id, bin_section_id, sensor_type_id, value) VALUES (51, 22, 14, 11, 83.5525629396);
INSERT INTO reading_data (reading_id, bin_id, bin_section_id, sensor_type_id, value) VALUES (51, 23, 13, 10, 89.9744322193);
INSERT INTO reading_data (reading_id, bin_id, bin_section_id, sensor_type_id, value) VALUES (51, 23, 13, 11, 112.340066259);
INSERT INTO reading_data (reading_id, bin_id, bin_section_id, sensor_type_id, value) VALUES (51, 23, 13, 12, 81.2242040494);
INSERT INTO reading_data (reading_id, bin_id, bin_section_id, sensor_type_id, value) VALUES (51, 23, 13, 13, 1);
INSERT INTO reading_data (reading_id, bin_id, bin_section_id, sensor_type_id, value) VALUES (51, 23, 14, 10, 84.3194566347);
INSERT INTO reading_data (reading_id, bin_id, bin_section_id, sensor_type_id, value) VALUES (51, 23, 14, 11, 86.743987724);
INSERT INTO reading_data (reading_id, bin_id, bin_section_id, sensor_type_id, value) VALUES (51, 24, 13, 10, 112.164277276);
INSERT INTO reading_data (reading_id, bin_id, bin_section_id, sensor_type_id, value) VALUES (51, 24, 13, 11, 80.85796842);
INSERT INTO reading_data (reading_id, bin_id, bin_section_id, sensor_type_id, value) VALUES (51, 24, 13, 12, 115.673576861);
INSERT INTO reading_data (reading_id, bin_id, bin_section_id, sensor_type_id, value) VALUES (51, 24, 13, 13, 1);
INSERT INTO reading_data (reading_id, bin_id, bin_section_id, sensor_type_id, value) VALUES (51, 24, 14, 10, 98.8065920488);
INSERT INTO reading_data (reading_id, bin_id, bin_section_id, sensor_type_id, value) VALUES (51, 24, 14, 11, 81.0478572875);
INSERT INTO reading_data (reading_id, bin_id, bin_section_id, sensor_type_id, value) VALUES (51, 25, 13, 10, 110.949635243);
INSERT INTO reading_data (reading_id, bin_id, bin_section_id, sensor_type_id, value) VALUES (51, 25, 13, 11, 112.777244779);
INSERT INTO reading_data (reading_id, bin_id, bin_section_id, sensor_type_id, value) VALUES (51, 25, 13, 12, 107.812065411);
INSERT INTO reading_data (reading_id, bin_id, bin_section_id, sensor_type_id, value) VALUES (51, 25, 13, 13, 1);
INSERT INTO reading_data (reading_id, bin_id, bin_section_id, sensor_type_id, value) VALUES (51, 25, 14, 10, 99.214573719);
INSERT INTO reading_data (reading_id, bin_id, bin_section_id, sensor_type_id, value) VALUES (51, 25, 14, 11, 95.6634014562);
INSERT INTO reading (id, datetime) VALUES (52, TIMESTAMP '2012-08-19 16:59:45');
INSERT INTO reading_data (reading_id, bin_id, bin_section_id, sensor_type_id, value) VALUES (52, 10, 10, 50, 103.81984663);
INSERT INTO reading_data (reading_id, bin_id, bin_section_id, sensor_type_id, value) VALUES (52, 10, 10, 51, 91.0768302317);
INSERT INTO reading_data (reading_id, bin_id, bin_section_id, sensor_type_id, value) VALUES (52, 10, 10, 40, 109.794300659);
INSERT INTO reading_data (reading_id, bin_id, bin_section_id, sensor_type_id, value) VALUES (52, 19, 10, 50, 129.977687471);
INSERT INTO reading_data (reading_id, bin_id, bin_section_id, sensor_type_id, value) VALUES (52, 19, 10, 51, 114.863786392);
INSERT INTO reading_data (reading_id, bin_id, bin_section_id, sensor_type_id, value) VALUES (52, 19, 10, 40, 111.485695414);
INSERT INTO reading_data (reading_id, bin_id, bin_section_id, sensor_type_id, value) VALUES (52, 11, 11, 20, 129.073010265);
INSERT INTO reading_data (reading_id, bin_id, bin_section_id, sensor_type_id, value) VALUES (52, 11, 11, 21, 106.837904787);
INSERT INTO reading_data (reading_id, bin_id, bin_section_id, sensor_type_id, value) VALUES (52, 11, 11, 10, 116.202112912);
INSERT INTO reading_data (reading_id, bin_id, bin_section_id, sensor_type_id, value) VALUES (52, 11, 11, 11, 122.889503195);
INSERT INTO reading_data (reading_id, bin_id, bin_section_id, sensor_type_id, value) VALUES (52, 21, 11, 20, 82.6470353872);
INSERT INTO reading_data (reading_id, bin_id, bin_section_id, sensor_type_id, value) VALUES (52, 21, 11, 21, 96.3602381557);
INSERT INTO reading_data (reading_id, bin_id, bin_section_id, sensor_type_id, value) VALUES (52, 21, 11, 10, 82.9238472382);
INSERT INTO reading_data (reading_id, bin_id, bin_section_id, sensor_type_id, value) VALUES (52, 21, 11, 11, 104.973951819);
INSERT INTO reading_data (reading_id, bin_id, bin_section_id, sensor_type_id, value) VALUES (52, 9, 14, 10, 90.0657135357);
INSERT INTO reading_data (reading_id, bin_id, bin_section_id, sensor_type_id, value) VALUES (52, 9, 14, 11, 110.041366627);
INSERT INTO reading_data (reading_id, bin_id, bin_section_id, sensor_type_id, value) VALUES (52, 12, 13, 10, 88.5397737744);
INSERT INTO reading_data (reading_id, bin_id, bin_section_id, sensor_type_id, value) VALUES (52, 12, 13, 11, 83.7454524687);
INSERT INTO reading_data (reading_id, bin_id, bin_section_id, sensor_type_id, value) VALUES (52, 12, 13, 12, 110.146318756);
INSERT INTO reading_data (reading_id, bin_id, bin_section_id, sensor_type_id, value) VALUES (52, 12, 13, 13, 0);
INSERT INTO reading_data (reading_id, bin_id, bin_section_id, sensor_type_id, value) VALUES (52, 12, 14, 10, 122.76061906);
INSERT INTO reading_data (reading_id, bin_id, bin_section_id, sensor_type_id, value) VALUES (52, 12, 14, 11, 107.872592712);
INSERT INTO reading_data (reading_id, bin_id, bin_section_id, sensor_type_id, value) VALUES (52, 13, 13, 10, 129.082097849);
INSERT INTO reading_data (reading_id, bin_id, bin_section_id, sensor_type_id, value) VALUES (52, 13, 13, 11, 110.558633702);
INSERT INTO reading_data (reading_id, bin_id, bin_section_id, sensor_type_id, value) VALUES (52, 13, 13, 12, 110.10940623);
INSERT INTO reading_data (reading_id, bin_id, bin_section_id, sensor_type_id, value) VALUES (52, 13, 13, 13, 1);
INSERT INTO reading_data (reading_id, bin_id, bin_section_id, sensor_type_id, value) VALUES (52, 13, 14, 10, 82.9351361763);
INSERT INTO reading_data (reading_id, bin_id, bin_section_id, sensor_type_id, value) VALUES (52, 13, 14, 11, 112.427947588);
INSERT INTO reading_data (reading_id, bin_id, bin_section_id, sensor_type_id, value) VALUES (52, 14, 13, 10, 103.995569442);
INSERT INTO reading_data (reading_id, bin_id, bin_section_id, sensor_type_id, value) VALUES (52, 14, 13, 11, 129.915583144);
INSERT INTO reading_data (reading_id, bin_id, bin_section_id, sensor_type_id, value) VALUES (52, 14, 13, 12, 87.2967401415);
INSERT INTO reading_data (reading_id, bin_id, bin_section_id, sensor_type_id, value) VALUES (52, 14, 13, 13, 1);
INSERT INTO reading_data (reading_id, bin_id, bin_section_id, sensor_type_id, value) VALUES (52, 14, 14, 10, 103.658389077);
INSERT INTO reading_data (reading_id, bin_id, bin_section_id, sensor_type_id, value) VALUES (52, 14, 14, 11, 109.523649395);
INSERT INTO reading_data (reading_id, bin_id, bin_section_id, sensor_type_id, value) VALUES (52, 15, 13, 10, 103.863366081);
INSERT INTO reading_data (reading_id, bin_id, bin_section_id, sensor_type_id, value) VALUES (52, 15, 13, 11, 108.251688221);
INSERT INTO reading_data (reading_id, bin_id, bin_section_id, sensor_type_id, value) VALUES (52, 15, 13, 12, 111.1184969);
INSERT INTO reading_data (reading_id, bin_id, bin_section_id, sensor_type_id, value) VALUES (52, 15, 13, 13, 1);
INSERT INTO reading_data (reading_id, bin_id, bin_section_id, sensor_type_id, value) VALUES (52, 15, 14, 10, 104.696524862);
INSERT INTO reading_data (reading_id, bin_id, bin_section_id, sensor_type_id, value) VALUES (52, 15, 14, 11, 95.8269413366);
INSERT INTO reading_data (reading_id, bin_id, bin_section_id, sensor_type_id, value) VALUES (52, 17, 13, 10, 125.342957842);
INSERT INTO reading_data (reading_id, bin_id, bin_section_id, sensor_type_id, value) VALUES (52, 17, 13, 11, 95.6302247094);
INSERT INTO reading_data (reading_id, bin_id, bin_section_id, sensor_type_id, value) VALUES (52, 17, 13, 12, 120.709282857);
INSERT INTO reading_data (reading_id, bin_id, bin_section_id, sensor_type_id, value) VALUES (52, 17, 13, 13, 0);
INSERT INTO reading_data (reading_id, bin_id, bin_section_id, sensor_type_id, value) VALUES (52, 17, 14, 10, 117.755018061);
INSERT INTO reading_data (reading_id, bin_id, bin_section_id, sensor_type_id, value) VALUES (52, 17, 14, 11, 122.330349375);
INSERT INTO reading_data (reading_id, bin_id, bin_section_id, sensor_type_id, value) VALUES (52, 21, 13, 10, 98.25524003);
INSERT INTO reading_data (reading_id, bin_id, bin_section_id, sensor_type_id, value) VALUES (52, 21, 13, 11, 105.412213732);
INSERT INTO reading_data (reading_id, bin_id, bin_section_id, sensor_type_id, value) VALUES (52, 21, 13, 12, 112.021471901);
INSERT INTO reading_data (reading_id, bin_id, bin_section_id, sensor_type_id, value) VALUES (52, 21, 13, 13, 0);
INSERT INTO reading_data (reading_id, bin_id, bin_section_id, sensor_type_id, value) VALUES (52, 21, 14, 10, 119.961104496);
INSERT INTO reading_data (reading_id, bin_id, bin_section_id, sensor_type_id, value) VALUES (52, 21, 14, 11, 87.754807846);
INSERT INTO reading_data (reading_id, bin_id, bin_section_id, sensor_type_id, value) VALUES (52, 22, 13, 10, 88.3158657451);
INSERT INTO reading_data (reading_id, bin_id, bin_section_id, sensor_type_id, value) VALUES (52, 22, 13, 11, 86.4797317769);
INSERT INTO reading_data (reading_id, bin_id, bin_section_id, sensor_type_id, value) VALUES (52, 22, 13, 12, 127.495392302);
INSERT INTO reading_data (reading_id, bin_id, bin_section_id, sensor_type_id, value) VALUES (52, 22, 13, 13, 0);
INSERT INTO reading_data (reading_id, bin_id, bin_section_id, sensor_type_id, value) VALUES (52, 22, 14, 10, 106.965382277);
INSERT INTO reading_data (reading_id, bin_id, bin_section_id, sensor_type_id, value) VALUES (52, 22, 14, 11, 104.382913735);
INSERT INTO reading_data (reading_id, bin_id, bin_section_id, sensor_type_id, value) VALUES (52, 23, 13, 10, 94.5874409339);
INSERT INTO reading_data (reading_id, bin_id, bin_section_id, sensor_type_id, value) VALUES (52, 23, 13, 11, 99.082913718);
INSERT INTO reading_data (reading_id, bin_id, bin_section_id, sensor_type_id, value) VALUES (52, 23, 13, 12, 106.926602082);
INSERT INTO reading_data (reading_id, bin_id, bin_section_id, sensor_type_id, value) VALUES (52, 23, 13, 13, 0);
INSERT INTO reading_data (reading_id, bin_id, bin_section_id, sensor_type_id, value) VALUES (52, 23, 14, 10, 111.168725913);
INSERT INTO reading_data (reading_id, bin_id, bin_section_id, sensor_type_id, value) VALUES (52, 23, 14, 11, 119.392143047);
INSERT INTO reading_data (reading_id, bin_id, bin_section_id, sensor_type_id, value) VALUES (52, 24, 13, 10, 92.5182862641);
INSERT INTO reading_data (reading_id, bin_id, bin_section_id, sensor_type_id, value) VALUES (52, 24, 13, 11, 109.917955662);
INSERT INTO reading_data (reading_id, bin_id, bin_section_id, sensor_type_id, value) VALUES (52, 24, 13, 12, 104.593181346);
INSERT INTO reading_data (reading_id, bin_id, bin_section_id, sensor_type_id, value) VALUES (52, 24, 13, 13, 1);
INSERT INTO reading_data (reading_id, bin_id, bin_section_id, sensor_type_id, value) VALUES (52, 24, 14, 10, 119.927153852);
INSERT INTO reading_data (reading_id, bin_id, bin_section_id, sensor_type_id, value) VALUES (52, 24, 14, 11, 124.297234976);
INSERT INTO reading_data (reading_id, bin_id, bin_section_id, sensor_type_id, value) VALUES (52, 25, 13, 10, 97.1838120181);
INSERT INTO reading_data (reading_id, bin_id, bin_section_id, sensor_type_id, value) VALUES (52, 25, 13, 11, 111.969195638);
INSERT INTO reading_data (reading_id, bin_id, bin_section_id, sensor_type_id, value) VALUES (52, 25, 13, 12, 127.521300625);
INSERT INTO reading_data (reading_id, bin_id, bin_section_id, sensor_type_id, value) VALUES (52, 25, 13, 13, 1);
INSERT INTO reading_data (reading_id, bin_id, bin_section_id, sensor_type_id, value) VALUES (52, 25, 14, 10, 95.6476660674);
INSERT INTO reading_data (reading_id, bin_id, bin_section_id, sensor_type_id, value) VALUES (52, 25, 14, 11, 111.644720381);
INSERT INTO reading (id, datetime) VALUES (53, TIMESTAMP '2012-08-19 17:04:45');
INSERT INTO reading_data (reading_id, bin_id, bin_section_id, sensor_type_id, value) VALUES (53, 10, 10, 50, 84.6156933015);
INSERT INTO reading_data (reading_id, bin_id, bin_section_id, sensor_type_id, value) VALUES (53, 10, 10, 51, 95.8835513165);
INSERT INTO reading_data (reading_id, bin_id, bin_section_id, sensor_type_id, value) VALUES (53, 10, 10, 40, 83.8885803561);
INSERT INTO reading_data (reading_id, bin_id, bin_section_id, sensor_type_id, value) VALUES (53, 19, 10, 50, 87.5640075088);
INSERT INTO reading_data (reading_id, bin_id, bin_section_id, sensor_type_id, value) VALUES (53, 19, 10, 51, 128.353647988);
INSERT INTO reading_data (reading_id, bin_id, bin_section_id, sensor_type_id, value) VALUES (53, 19, 10, 40, 126.637932561);
INSERT INTO reading_data (reading_id, bin_id, bin_section_id, sensor_type_id, value) VALUES (53, 11, 11, 20, 96.3824932192);
INSERT INTO reading_data (reading_id, bin_id, bin_section_id, sensor_type_id, value) VALUES (53, 11, 11, 21, 95.8011687476);
INSERT INTO reading_data (reading_id, bin_id, bin_section_id, sensor_type_id, value) VALUES (53, 11, 11, 10, 129.874458663);
INSERT INTO reading_data (reading_id, bin_id, bin_section_id, sensor_type_id, value) VALUES (53, 11, 11, 11, 91.4554904517);
INSERT INTO reading_data (reading_id, bin_id, bin_section_id, sensor_type_id, value) VALUES (53, 21, 11, 20, 90.9429476001);
INSERT INTO reading_data (reading_id, bin_id, bin_section_id, sensor_type_id, value) VALUES (53, 21, 11, 21, 110.008052143);
INSERT INTO reading_data (reading_id, bin_id, bin_section_id, sensor_type_id, value) VALUES (53, 21, 11, 10, 91.303080853);
INSERT INTO reading_data (reading_id, bin_id, bin_section_id, sensor_type_id, value) VALUES (53, 21, 11, 11, 89.2930701383);
INSERT INTO reading_data (reading_id, bin_id, bin_section_id, sensor_type_id, value) VALUES (53, 9, 14, 10, 120.442410152);
INSERT INTO reading_data (reading_id, bin_id, bin_section_id, sensor_type_id, value) VALUES (53, 9, 14, 11, 105.723987707);
INSERT INTO reading_data (reading_id, bin_id, bin_section_id, sensor_type_id, value) VALUES (53, 12, 13, 10, 93.8552631162);
INSERT INTO reading_data (reading_id, bin_id, bin_section_id, sensor_type_id, value) VALUES (53, 12, 13, 11, 94.0399216019);
INSERT INTO reading_data (reading_id, bin_id, bin_section_id, sensor_type_id, value) VALUES (53, 12, 13, 12, 81.375064241);
INSERT INTO reading_data (reading_id, bin_id, bin_section_id, sensor_type_id, value) VALUES (53, 12, 13, 13, 1);
INSERT INTO reading_data (reading_id, bin_id, bin_section_id, sensor_type_id, value) VALUES (53, 12, 14, 10, 82.8855349204);
INSERT INTO reading_data (reading_id, bin_id, bin_section_id, sensor_type_id, value) VALUES (53, 12, 14, 11, 87.3954377932);
INSERT INTO reading_data (reading_id, bin_id, bin_section_id, sensor_type_id, value) VALUES (53, 13, 13, 10, 98.8446356517);
INSERT INTO reading_data (reading_id, bin_id, bin_section_id, sensor_type_id, value) VALUES (53, 13, 13, 11, 116.5545244);
INSERT INTO reading_data (reading_id, bin_id, bin_section_id, sensor_type_id, value) VALUES (53, 13, 13, 12, 91.4183503523);
INSERT INTO reading_data (reading_id, bin_id, bin_section_id, sensor_type_id, value) VALUES (53, 13, 13, 13, 0);
INSERT INTO reading_data (reading_id, bin_id, bin_section_id, sensor_type_id, value) VALUES (53, 13, 14, 10, 110.455033239);
INSERT INTO reading_data (reading_id, bin_id, bin_section_id, sensor_type_id, value) VALUES (53, 13, 14, 11, 111.932921653);
INSERT INTO reading_data (reading_id, bin_id, bin_section_id, sensor_type_id, value) VALUES (53, 14, 13, 10, 109.863821991);
INSERT INTO reading_data (reading_id, bin_id, bin_section_id, sensor_type_id, value) VALUES (53, 14, 13, 11, 114.153031975);
INSERT INTO reading_data (reading_id, bin_id, bin_section_id, sensor_type_id, value) VALUES (53, 14, 13, 12, 127.295157141);
INSERT INTO reading_data (reading_id, bin_id, bin_section_id, sensor_type_id, value) VALUES (53, 14, 13, 13, 0);
INSERT INTO reading_data (reading_id, bin_id, bin_section_id, sensor_type_id, value) VALUES (53, 14, 14, 10, 88.2886654992);
INSERT INTO reading_data (reading_id, bin_id, bin_section_id, sensor_type_id, value) VALUES (53, 14, 14, 11, 100.110728366);
INSERT INTO reading_data (reading_id, bin_id, bin_section_id, sensor_type_id, value) VALUES (53, 15, 13, 10, 117.982611302);
INSERT INTO reading_data (reading_id, bin_id, bin_section_id, sensor_type_id, value) VALUES (53, 15, 13, 11, 125.545780289);
INSERT INTO reading_data (reading_id, bin_id, bin_section_id, sensor_type_id, value) VALUES (53, 15, 13, 12, 124.732034086);
INSERT INTO reading_data (reading_id, bin_id, bin_section_id, sensor_type_id, value) VALUES (53, 15, 13, 13, 1);
INSERT INTO reading_data (reading_id, bin_id, bin_section_id, sensor_type_id, value) VALUES (53, 15, 14, 10, 113.958865568);
INSERT INTO reading_data (reading_id, bin_id, bin_section_id, sensor_type_id, value) VALUES (53, 15, 14, 11, 113.786666906);
INSERT INTO reading_data (reading_id, bin_id, bin_section_id, sensor_type_id, value) VALUES (53, 17, 13, 10, 121.544486556);
INSERT INTO reading_data (reading_id, bin_id, bin_section_id, sensor_type_id, value) VALUES (53, 17, 13, 11, 103.967359045);
INSERT INTO reading_data (reading_id, bin_id, bin_section_id, sensor_type_id, value) VALUES (53, 17, 13, 12, 89.4880965318);
INSERT INTO reading_data (reading_id, bin_id, bin_section_id, sensor_type_id, value) VALUES (53, 17, 13, 13, 0);
INSERT INTO reading_data (reading_id, bin_id, bin_section_id, sensor_type_id, value) VALUES (53, 17, 14, 10, 123.563557045);
INSERT INTO reading_data (reading_id, bin_id, bin_section_id, sensor_type_id, value) VALUES (53, 17, 14, 11, 128.125053774);
INSERT INTO reading_data (reading_id, bin_id, bin_section_id, sensor_type_id, value) VALUES (53, 21, 13, 10, 123.04501309);
INSERT INTO reading_data (reading_id, bin_id, bin_section_id, sensor_type_id, value) VALUES (53, 21, 13, 11, 112.097694662);
INSERT INTO reading_data (reading_id, bin_id, bin_section_id, sensor_type_id, value) VALUES (53, 21, 13, 12, 80.3671738169);
INSERT INTO reading_data (reading_id, bin_id, bin_section_id, sensor_type_id, value) VALUES (53, 21, 13, 13, 1);
INSERT INTO reading_data (reading_id, bin_id, bin_section_id, sensor_type_id, value) VALUES (53, 21, 14, 10, 99.1951998937);
INSERT INTO reading_data (reading_id, bin_id, bin_section_id, sensor_type_id, value) VALUES (53, 21, 14, 11, 100.541400376);
INSERT INTO reading_data (reading_id, bin_id, bin_section_id, sensor_type_id, value) VALUES (53, 22, 13, 10, 118.207921787);
INSERT INTO reading_data (reading_id, bin_id, bin_section_id, sensor_type_id, value) VALUES (53, 22, 13, 11, 128.916519487);
INSERT INTO reading_data (reading_id, bin_id, bin_section_id, sensor_type_id, value) VALUES (53, 22, 13, 12, 97.6007507215);
INSERT INTO reading_data (reading_id, bin_id, bin_section_id, sensor_type_id, value) VALUES (53, 22, 13, 13, 1);
INSERT INTO reading_data (reading_id, bin_id, bin_section_id, sensor_type_id, value) VALUES (53, 22, 14, 10, 115.349306887);
INSERT INTO reading_data (reading_id, bin_id, bin_section_id, sensor_type_id, value) VALUES (53, 22, 14, 11, 128.531493265);
INSERT INTO reading_data (reading_id, bin_id, bin_section_id, sensor_type_id, value) VALUES (53, 23, 13, 10, 98.7094625076);
INSERT INTO reading_data (reading_id, bin_id, bin_section_id, sensor_type_id, value) VALUES (53, 23, 13, 11, 80.8166874819);
INSERT INTO reading_data (reading_id, bin_id, bin_section_id, sensor_type_id, value) VALUES (53, 23, 13, 12, 125.567925774);
INSERT INTO reading_data (reading_id, bin_id, bin_section_id, sensor_type_id, value) VALUES (53, 23, 13, 13, 0);
INSERT INTO reading_data (reading_id, bin_id, bin_section_id, sensor_type_id, value) VALUES (53, 23, 14, 10, 129.704342211);
INSERT INTO reading_data (reading_id, bin_id, bin_section_id, sensor_type_id, value) VALUES (53, 23, 14, 11, 88.8225980816);
INSERT INTO reading_data (reading_id, bin_id, bin_section_id, sensor_type_id, value) VALUES (53, 24, 13, 10, 129.153958266);
INSERT INTO reading_data (reading_id, bin_id, bin_section_id, sensor_type_id, value) VALUES (53, 24, 13, 11, 110.180366008);
INSERT INTO reading_data (reading_id, bin_id, bin_section_id, sensor_type_id, value) VALUES (53, 24, 13, 12, 109.503511207);
INSERT INTO reading_data (reading_id, bin_id, bin_section_id, sensor_type_id, value) VALUES (53, 24, 13, 13, 1);
INSERT INTO reading_data (reading_id, bin_id, bin_section_id, sensor_type_id, value) VALUES (53, 24, 14, 10, 90.4795102613);
INSERT INTO reading_data (reading_id, bin_id, bin_section_id, sensor_type_id, value) VALUES (53, 24, 14, 11, 85.2452540415);
INSERT INTO reading_data (reading_id, bin_id, bin_section_id, sensor_type_id, value) VALUES (53, 25, 13, 10, 111.908032117);
INSERT INTO reading_data (reading_id, bin_id, bin_section_id, sensor_type_id, value) VALUES (53, 25, 13, 11, 118.205196751);
INSERT INTO reading_data (reading_id, bin_id, bin_section_id, sensor_type_id, value) VALUES (53, 25, 13, 12, 97.7854832087);
INSERT INTO reading_data (reading_id, bin_id, bin_section_id, sensor_type_id, value) VALUES (53, 25, 13, 13, 1);
INSERT INTO reading_data (reading_id, bin_id, bin_section_id, sensor_type_id, value) VALUES (53, 25, 14, 10, 102.439044189);
INSERT INTO reading_data (reading_id, bin_id, bin_section_id, sensor_type_id, value) VALUES (53, 25, 14, 11, 112.872169875);
INSERT INTO reading (id, datetime) VALUES (54, TIMESTAMP '2012-08-19 17:09:45');
INSERT INTO reading_data (reading_id, bin_id, bin_section_id, sensor_type_id, value) VALUES (54, 10, 10, 50, 103.244824163);
INSERT INTO reading_data (reading_id, bin_id, bin_section_id, sensor_type_id, value) VALUES (54, 10, 10, 51, 85.5606628983);
INSERT INTO reading_data (reading_id, bin_id, bin_section_id, sensor_type_id, value) VALUES (54, 10, 10, 40, 107.00694671);
INSERT INTO reading_data (reading_id, bin_id, bin_section_id, sensor_type_id, value) VALUES (54, 19, 10, 50, 101.292837823);
INSERT INTO reading_data (reading_id, bin_id, bin_section_id, sensor_type_id, value) VALUES (54, 19, 10, 51, 110.68419051);
INSERT INTO reading_data (reading_id, bin_id, bin_section_id, sensor_type_id, value) VALUES (54, 19, 10, 40, 97.1805375235);
INSERT INTO reading_data (reading_id, bin_id, bin_section_id, sensor_type_id, value) VALUES (54, 11, 11, 20, 118.579204444);
INSERT INTO reading_data (reading_id, bin_id, bin_section_id, sensor_type_id, value) VALUES (54, 11, 11, 21, 88.8485464795);
INSERT INTO reading_data (reading_id, bin_id, bin_section_id, sensor_type_id, value) VALUES (54, 11, 11, 10, 105.201977955);
INSERT INTO reading_data (reading_id, bin_id, bin_section_id, sensor_type_id, value) VALUES (54, 11, 11, 11, 103.750507906);
INSERT INTO reading_data (reading_id, bin_id, bin_section_id, sensor_type_id, value) VALUES (54, 21, 11, 20, 84.1224205905);
INSERT INTO reading_data (reading_id, bin_id, bin_section_id, sensor_type_id, value) VALUES (54, 21, 11, 21, 83.386369304);
INSERT INTO reading_data (reading_id, bin_id, bin_section_id, sensor_type_id, value) VALUES (54, 21, 11, 10, 96.8365703117);
INSERT INTO reading_data (reading_id, bin_id, bin_section_id, sensor_type_id, value) VALUES (54, 21, 11, 11, 118.072336277);
INSERT INTO reading_data (reading_id, bin_id, bin_section_id, sensor_type_id, value) VALUES (54, 9, 14, 10, 120.762541483);
INSERT INTO reading_data (reading_id, bin_id, bin_section_id, sensor_type_id, value) VALUES (54, 9, 14, 11, 113.743091647);
INSERT INTO reading_data (reading_id, bin_id, bin_section_id, sensor_type_id, value) VALUES (54, 12, 13, 10, 91.0895021855);
INSERT INTO reading_data (reading_id, bin_id, bin_section_id, sensor_type_id, value) VALUES (54, 12, 13, 11, 85.5614895818);
INSERT INTO reading_data (reading_id, bin_id, bin_section_id, sensor_type_id, value) VALUES (54, 12, 13, 12, 129.711953123);
INSERT INTO reading_data (reading_id, bin_id, bin_section_id, sensor_type_id, value) VALUES (54, 12, 13, 13, 0);
INSERT INTO reading_data (reading_id, bin_id, bin_section_id, sensor_type_id, value) VALUES (54, 12, 14, 10, 98.2415761911);
INSERT INTO reading_data (reading_id, bin_id, bin_section_id, sensor_type_id, value) VALUES (54, 12, 14, 11, 99.3277595585);
INSERT INTO reading_data (reading_id, bin_id, bin_section_id, sensor_type_id, value) VALUES (54, 13, 13, 10, 125.426231617);
INSERT INTO reading_data (reading_id, bin_id, bin_section_id, sensor_type_id, value) VALUES (54, 13, 13, 11, 125.054394033);
INSERT INTO reading_data (reading_id, bin_id, bin_section_id, sensor_type_id, value) VALUES (54, 13, 13, 12, 106.092211958);
INSERT INTO reading_data (reading_id, bin_id, bin_section_id, sensor_type_id, value) VALUES (54, 13, 13, 13, 0);
INSERT INTO reading_data (reading_id, bin_id, bin_section_id, sensor_type_id, value) VALUES (54, 13, 14, 10, 89.6349411274);
INSERT INTO reading_data (reading_id, bin_id, bin_section_id, sensor_type_id, value) VALUES (54, 13, 14, 11, 115.266568196);
INSERT INTO reading_data (reading_id, bin_id, bin_section_id, sensor_type_id, value) VALUES (54, 14, 13, 10, 117.838678997);
INSERT INTO reading_data (reading_id, bin_id, bin_section_id, sensor_type_id, value) VALUES (54, 14, 13, 11, 94.9037410978);
INSERT INTO reading_data (reading_id, bin_id, bin_section_id, sensor_type_id, value) VALUES (54, 14, 13, 12, 116.314509693);
INSERT INTO reading_data (reading_id, bin_id, bin_section_id, sensor_type_id, value) VALUES (54, 14, 13, 13, 1);
INSERT INTO reading_data (reading_id, bin_id, bin_section_id, sensor_type_id, value) VALUES (54, 14, 14, 10, 99.3752979043);
INSERT INTO reading_data (reading_id, bin_id, bin_section_id, sensor_type_id, value) VALUES (54, 14, 14, 11, 102.447093749);
INSERT INTO reading_data (reading_id, bin_id, bin_section_id, sensor_type_id, value) VALUES (54, 15, 13, 10, 81.8674030136);
INSERT INTO reading_data (reading_id, bin_id, bin_section_id, sensor_type_id, value) VALUES (54, 15, 13, 11, 124.713110988);
INSERT INTO reading_data (reading_id, bin_id, bin_section_id, sensor_type_id, value) VALUES (54, 15, 13, 12, 85.2650308521);
INSERT INTO reading_data (reading_id, bin_id, bin_section_id, sensor_type_id, value) VALUES (54, 15, 13, 13, 1);
INSERT INTO reading_data (reading_id, bin_id, bin_section_id, sensor_type_id, value) VALUES (54, 15, 14, 10, 126.414353551);
INSERT INTO reading_data (reading_id, bin_id, bin_section_id, sensor_type_id, value) VALUES (54, 15, 14, 11, 95.5865995808);
INSERT INTO reading_data (reading_id, bin_id, bin_section_id, sensor_type_id, value) VALUES (54, 17, 13, 10, 114.209023687);
INSERT INTO reading_data (reading_id, bin_id, bin_section_id, sensor_type_id, value) VALUES (54, 17, 13, 11, 120.36178229);
INSERT INTO reading_data (reading_id, bin_id, bin_section_id, sensor_type_id, value) VALUES (54, 17, 13, 12, 86.49364247);
INSERT INTO reading_data (reading_id, bin_id, bin_section_id, sensor_type_id, value) VALUES (54, 17, 13, 13, 0);
INSERT INTO reading_data (reading_id, bin_id, bin_section_id, sensor_type_id, value) VALUES (54, 17, 14, 10, 126.066178324);
INSERT INTO reading_data (reading_id, bin_id, bin_section_id, sensor_type_id, value) VALUES (54, 17, 14, 11, 105.550911003);
INSERT INTO reading_data (reading_id, bin_id, bin_section_id, sensor_type_id, value) VALUES (54, 21, 13, 10, 105.232679148);
INSERT INTO reading_data (reading_id, bin_id, bin_section_id, sensor_type_id, value) VALUES (54, 21, 13, 11, 99.8067113407);
INSERT INTO reading_data (reading_id, bin_id, bin_section_id, sensor_type_id, value) VALUES (54, 21, 13, 12, 86.7828461696);
INSERT INTO reading_data (reading_id, bin_id, bin_section_id, sensor_type_id, value) VALUES (54, 21, 13, 13, 1);
INSERT INTO reading_data (reading_id, bin_id, bin_section_id, sensor_type_id, value) VALUES (54, 21, 14, 10, 100.870666802);
INSERT INTO reading_data (reading_id, bin_id, bin_section_id, sensor_type_id, value) VALUES (54, 21, 14, 11, 98.9330017567);
INSERT INTO reading_data (reading_id, bin_id, bin_section_id, sensor_type_id, value) VALUES (54, 22, 13, 10, 91.2271917264);
INSERT INTO reading_data (reading_id, bin_id, bin_section_id, sensor_type_id, value) VALUES (54, 22, 13, 11, 97.99913969);
INSERT INTO reading_data (reading_id, bin_id, bin_section_id, sensor_type_id, value) VALUES (54, 22, 13, 12, 115.386436562);
INSERT INTO reading_data (reading_id, bin_id, bin_section_id, sensor_type_id, value) VALUES (54, 22, 13, 13, 1);
INSERT INTO reading_data (reading_id, bin_id, bin_section_id, sensor_type_id, value) VALUES (54, 22, 14, 10, 95.7059567657);
INSERT INTO reading_data (reading_id, bin_id, bin_section_id, sensor_type_id, value) VALUES (54, 22, 14, 11, 85.585931648);
INSERT INTO reading_data (reading_id, bin_id, bin_section_id, sensor_type_id, value) VALUES (54, 23, 13, 10, 129.966004736);
INSERT INTO reading_data (reading_id, bin_id, bin_section_id, sensor_type_id, value) VALUES (54, 23, 13, 11, 86.3635254015);
INSERT INTO reading_data (reading_id, bin_id, bin_section_id, sensor_type_id, value) VALUES (54, 23, 13, 12, 96.6506846453);
INSERT INTO reading_data (reading_id, bin_id, bin_section_id, sensor_type_id, value) VALUES (54, 23, 13, 13, 1);
INSERT INTO reading_data (reading_id, bin_id, bin_section_id, sensor_type_id, value) VALUES (54, 23, 14, 10, 123.474163558);
INSERT INTO reading_data (reading_id, bin_id, bin_section_id, sensor_type_id, value) VALUES (54, 23, 14, 11, 107.600468077);
INSERT INTO reading_data (reading_id, bin_id, bin_section_id, sensor_type_id, value) VALUES (54, 24, 13, 10, 116.066067194);
INSERT INTO reading_data (reading_id, bin_id, bin_section_id, sensor_type_id, value) VALUES (54, 24, 13, 11, 100.401934862);
INSERT INTO reading_data (reading_id, bin_id, bin_section_id, sensor_type_id, value) VALUES (54, 24, 13, 12, 126.431024508);
INSERT INTO reading_data (reading_id, bin_id, bin_section_id, sensor_type_id, value) VALUES (54, 24, 13, 13, 1);
INSERT INTO reading_data (reading_id, bin_id, bin_section_id, sensor_type_id, value) VALUES (54, 24, 14, 10, 102.992678856);
INSERT INTO reading_data (reading_id, bin_id, bin_section_id, sensor_type_id, value) VALUES (54, 24, 14, 11, 101.31281073);
INSERT INTO reading_data (reading_id, bin_id, bin_section_id, sensor_type_id, value) VALUES (54, 25, 13, 10, 110.214168303);
INSERT INTO reading_data (reading_id, bin_id, bin_section_id, sensor_type_id, value) VALUES (54, 25, 13, 11, 86.5307489729);
INSERT INTO reading_data (reading_id, bin_id, bin_section_id, sensor_type_id, value) VALUES (54, 25, 13, 12, 110.38989037);
INSERT INTO reading_data (reading_id, bin_id, bin_section_id, sensor_type_id, value) VALUES (54, 25, 13, 13, 1);
INSERT INTO reading_data (reading_id, bin_id, bin_section_id, sensor_type_id, value) VALUES (54, 25, 14, 10, 127.244212773);
INSERT INTO reading_data (reading_id, bin_id, bin_section_id, sensor_type_id, value) VALUES (54, 25, 14, 11, 114.798255252);
INSERT INTO reading (id, datetime) VALUES (55, TIMESTAMP '2012-08-19 17:14:45');
INSERT INTO reading_data (reading_id, bin_id, bin_section_id, sensor_type_id, value) VALUES (55, 10, 10, 50, 116.49426713);
INSERT INTO reading_data (reading_id, bin_id, bin_section_id, sensor_type_id, value) VALUES (55, 10, 10, 51, 96.0945012932);
INSERT INTO reading_data (reading_id, bin_id, bin_section_id, sensor_type_id, value) VALUES (55, 10, 10, 40, 125.091900611);
INSERT INTO reading_data (reading_id, bin_id, bin_section_id, sensor_type_id, value) VALUES (55, 19, 10, 50, 123.678859888);
INSERT INTO reading_data (reading_id, bin_id, bin_section_id, sensor_type_id, value) VALUES (55, 19, 10, 51, 97.9672103116);
INSERT INTO reading_data (reading_id, bin_id, bin_section_id, sensor_type_id, value) VALUES (55, 19, 10, 40, 125.512545016);
INSERT INTO reading_data (reading_id, bin_id, bin_section_id, sensor_type_id, value) VALUES (55, 11, 11, 20, 105.438536423);
INSERT INTO reading_data (reading_id, bin_id, bin_section_id, sensor_type_id, value) VALUES (55, 11, 11, 21, 91.7021974414);
INSERT INTO reading_data (reading_id, bin_id, bin_section_id, sensor_type_id, value) VALUES (55, 11, 11, 10, 118.844165454);
INSERT INTO reading_data (reading_id, bin_id, bin_section_id, sensor_type_id, value) VALUES (55, 11, 11, 11, 128.112619728);
INSERT INTO reading_data (reading_id, bin_id, bin_section_id, sensor_type_id, value) VALUES (55, 21, 11, 20, 84.5943855517);
INSERT INTO reading_data (reading_id, bin_id, bin_section_id, sensor_type_id, value) VALUES (55, 21, 11, 21, 97.3307062641);
INSERT INTO reading_data (reading_id, bin_id, bin_section_id, sensor_type_id, value) VALUES (55, 21, 11, 10, 89.2105009959);
INSERT INTO reading_data (reading_id, bin_id, bin_section_id, sensor_type_id, value) VALUES (55, 21, 11, 11, 112.344384039);
INSERT INTO reading_data (reading_id, bin_id, bin_section_id, sensor_type_id, value) VALUES (55, 9, 14, 10, 100.889089898);
INSERT INTO reading_data (reading_id, bin_id, bin_section_id, sensor_type_id, value) VALUES (55, 9, 14, 11, 119.124163571);
INSERT INTO reading_data (reading_id, bin_id, bin_section_id, sensor_type_id, value) VALUES (55, 12, 13, 10, 82.0914296581);
INSERT INTO reading_data (reading_id, bin_id, bin_section_id, sensor_type_id, value) VALUES (55, 12, 13, 11, 128.515485613);
INSERT INTO reading_data (reading_id, bin_id, bin_section_id, sensor_type_id, value) VALUES (55, 12, 13, 12, 104.504181545);
INSERT INTO reading_data (reading_id, bin_id, bin_section_id, sensor_type_id, value) VALUES (55, 12, 13, 13, 0);
INSERT INTO reading_data (reading_id, bin_id, bin_section_id, sensor_type_id, value) VALUES (55, 12, 14, 10, 127.17035984);
INSERT INTO reading_data (reading_id, bin_id, bin_section_id, sensor_type_id, value) VALUES (55, 12, 14, 11, 116.982890026);
INSERT INTO reading_data (reading_id, bin_id, bin_section_id, sensor_type_id, value) VALUES (55, 13, 13, 10, 90.7451792039);
INSERT INTO reading_data (reading_id, bin_id, bin_section_id, sensor_type_id, value) VALUES (55, 13, 13, 11, 96.5473896417);
INSERT INTO reading_data (reading_id, bin_id, bin_section_id, sensor_type_id, value) VALUES (55, 13, 13, 12, 96.9595219913);
INSERT INTO reading_data (reading_id, bin_id, bin_section_id, sensor_type_id, value) VALUES (55, 13, 13, 13, 1);
INSERT INTO reading_data (reading_id, bin_id, bin_section_id, sensor_type_id, value) VALUES (55, 13, 14, 10, 112.17307087);
INSERT INTO reading_data (reading_id, bin_id, bin_section_id, sensor_type_id, value) VALUES (55, 13, 14, 11, 121.221375236);
INSERT INTO reading_data (reading_id, bin_id, bin_section_id, sensor_type_id, value) VALUES (55, 14, 13, 10, 95.723589549);
INSERT INTO reading_data (reading_id, bin_id, bin_section_id, sensor_type_id, value) VALUES (55, 14, 13, 11, 119.006438427);
INSERT INTO reading_data (reading_id, bin_id, bin_section_id, sensor_type_id, value) VALUES (55, 14, 13, 12, 128.291499111);
INSERT INTO reading_data (reading_id, bin_id, bin_section_id, sensor_type_id, value) VALUES (55, 14, 13, 13, 1);
INSERT INTO reading_data (reading_id, bin_id, bin_section_id, sensor_type_id, value) VALUES (55, 14, 14, 10, 90.3850712187);
INSERT INTO reading_data (reading_id, bin_id, bin_section_id, sensor_type_id, value) VALUES (55, 14, 14, 11, 113.110407678);
INSERT INTO reading_data (reading_id, bin_id, bin_section_id, sensor_type_id, value) VALUES (55, 15, 13, 10, 91.4257618493);
INSERT INTO reading_data (reading_id, bin_id, bin_section_id, sensor_type_id, value) VALUES (55, 15, 13, 11, 109.924665314);
INSERT INTO reading_data (reading_id, bin_id, bin_section_id, sensor_type_id, value) VALUES (55, 15, 13, 12, 123.285494786);
INSERT INTO reading_data (reading_id, bin_id, bin_section_id, sensor_type_id, value) VALUES (55, 15, 13, 13, 0);
INSERT INTO reading_data (reading_id, bin_id, bin_section_id, sensor_type_id, value) VALUES (55, 15, 14, 10, 98.0890358755);
INSERT INTO reading_data (reading_id, bin_id, bin_section_id, sensor_type_id, value) VALUES (55, 15, 14, 11, 99.545074257);
INSERT INTO reading_data (reading_id, bin_id, bin_section_id, sensor_type_id, value) VALUES (55, 17, 13, 10, 122.605851096);
INSERT INTO reading_data (reading_id, bin_id, bin_section_id, sensor_type_id, value) VALUES (55, 17, 13, 11, 91.2832710307);
INSERT INTO reading_data (reading_id, bin_id, bin_section_id, sensor_type_id, value) VALUES (55, 17, 13, 12, 119.400072612);
INSERT INTO reading_data (reading_id, bin_id, bin_section_id, sensor_type_id, value) VALUES (55, 17, 13, 13, 0);
INSERT INTO reading_data (reading_id, bin_id, bin_section_id, sensor_type_id, value) VALUES (55, 17, 14, 10, 114.084932799);
INSERT INTO reading_data (reading_id, bin_id, bin_section_id, sensor_type_id, value) VALUES (55, 17, 14, 11, 93.3326850512);
INSERT INTO reading_data (reading_id, bin_id, bin_section_id, sensor_type_id, value) VALUES (55, 21, 13, 10, 87.3769714443);
INSERT INTO reading_data (reading_id, bin_id, bin_section_id, sensor_type_id, value) VALUES (55, 21, 13, 11, 118.799114098);
INSERT INTO reading_data (reading_id, bin_id, bin_section_id, sensor_type_id, value) VALUES (55, 21, 13, 12, 117.756387228);
INSERT INTO reading_data (reading_id, bin_id, bin_section_id, sensor_type_id, value) VALUES (55, 21, 13, 13, 1);
INSERT INTO reading_data (reading_id, bin_id, bin_section_id, sensor_type_id, value) VALUES (55, 21, 14, 10, 118.734439248);
INSERT INTO reading_data (reading_id, bin_id, bin_section_id, sensor_type_id, value) VALUES (55, 21, 14, 11, 121.295701465);
INSERT INTO reading_data (reading_id, bin_id, bin_section_id, sensor_type_id, value) VALUES (55, 22, 13, 10, 97.7113810037);
INSERT INTO reading_data (reading_id, bin_id, bin_section_id, sensor_type_id, value) VALUES (55, 22, 13, 11, 89.6061207221);
INSERT INTO reading_data (reading_id, bin_id, bin_section_id, sensor_type_id, value) VALUES (55, 22, 13, 12, 116.6611203);
INSERT INTO reading_data (reading_id, bin_id, bin_section_id, sensor_type_id, value) VALUES (55, 22, 13, 13, 1);
INSERT INTO reading_data (reading_id, bin_id, bin_section_id, sensor_type_id, value) VALUES (55, 22, 14, 10, 116.494501329);
INSERT INTO reading_data (reading_id, bin_id, bin_section_id, sensor_type_id, value) VALUES (55, 22, 14, 11, 84.5807798012);
INSERT INTO reading_data (reading_id, bin_id, bin_section_id, sensor_type_id, value) VALUES (55, 23, 13, 10, 110.12735311);
INSERT INTO reading_data (reading_id, bin_id, bin_section_id, sensor_type_id, value) VALUES (55, 23, 13, 11, 105.192544409);
INSERT INTO reading_data (reading_id, bin_id, bin_section_id, sensor_type_id, value) VALUES (55, 23, 13, 12, 105.705553148);
INSERT INTO reading_data (reading_id, bin_id, bin_section_id, sensor_type_id, value) VALUES (55, 23, 13, 13, 1);
INSERT INTO reading_data (reading_id, bin_id, bin_section_id, sensor_type_id, value) VALUES (55, 23, 14, 10, 98.1808417316);
INSERT INTO reading_data (reading_id, bin_id, bin_section_id, sensor_type_id, value) VALUES (55, 23, 14, 11, 125.815134441);
INSERT INTO reading_data (reading_id, bin_id, bin_section_id, sensor_type_id, value) VALUES (55, 24, 13, 10, 82.6168776602);
INSERT INTO reading_data (reading_id, bin_id, bin_section_id, sensor_type_id, value) VALUES (55, 24, 13, 11, 102.425528445);
INSERT INTO reading_data (reading_id, bin_id, bin_section_id, sensor_type_id, value) VALUES (55, 24, 13, 12, 117.551642441);
INSERT INTO reading_data (reading_id, bin_id, bin_section_id, sensor_type_id, value) VALUES (55, 24, 13, 13, 0);
INSERT INTO reading_data (reading_id, bin_id, bin_section_id, sensor_type_id, value) VALUES (55, 24, 14, 10, 111.222815582);
INSERT INTO reading_data (reading_id, bin_id, bin_section_id, sensor_type_id, value) VALUES (55, 24, 14, 11, 87.7023866657);
INSERT INTO reading_data (reading_id, bin_id, bin_section_id, sensor_type_id, value) VALUES (55, 25, 13, 10, 96.76313196);
INSERT INTO reading_data (reading_id, bin_id, bin_section_id, sensor_type_id, value) VALUES (55, 25, 13, 11, 126.316894032);
INSERT INTO reading_data (reading_id, bin_id, bin_section_id, sensor_type_id, value) VALUES (55, 25, 13, 12, 84.9471574416);
INSERT INTO reading_data (reading_id, bin_id, bin_section_id, sensor_type_id, value) VALUES (55, 25, 13, 13, 1);
INSERT INTO reading_data (reading_id, bin_id, bin_section_id, sensor_type_id, value) VALUES (55, 25, 14, 10, 117.388750683);
INSERT INTO reading_data (reading_id, bin_id, bin_section_id, sensor_type_id, value) VALUES (55, 25, 14, 11, 89.1068462936);
INSERT INTO reading (id, datetime) VALUES (56, TIMESTAMP '2012-08-19 17:19:45');
INSERT INTO reading_data (reading_id, bin_id, bin_section_id, sensor_type_id, value) VALUES (56, 10, 10, 50, 86.6359702396);
INSERT INTO reading_data (reading_id, bin_id, bin_section_id, sensor_type_id, value) VALUES (56, 10, 10, 51, 127.620113136);
INSERT INTO reading_data (reading_id, bin_id, bin_section_id, sensor_type_id, value) VALUES (56, 10, 10, 40, 111.933370364);
INSERT INTO reading_data (reading_id, bin_id, bin_section_id, sensor_type_id, value) VALUES (56, 19, 10, 50, 108.855949374);
INSERT INTO reading_data (reading_id, bin_id, bin_section_id, sensor_type_id, value) VALUES (56, 19, 10, 51, 104.422840631);
INSERT INTO reading_data (reading_id, bin_id, bin_section_id, sensor_type_id, value) VALUES (56, 19, 10, 40, 106.971416963);
INSERT INTO reading_data (reading_id, bin_id, bin_section_id, sensor_type_id, value) VALUES (56, 11, 11, 20, 110.072438041);
INSERT INTO reading_data (reading_id, bin_id, bin_section_id, sensor_type_id, value) VALUES (56, 11, 11, 21, 116.262187116);
INSERT INTO reading_data (reading_id, bin_id, bin_section_id, sensor_type_id, value) VALUES (56, 11, 11, 10, 129.049523688);
INSERT INTO reading_data (reading_id, bin_id, bin_section_id, sensor_type_id, value) VALUES (56, 11, 11, 11, 90.7347021684);
INSERT INTO reading_data (reading_id, bin_id, bin_section_id, sensor_type_id, value) VALUES (56, 21, 11, 20, 97.8065117446);
INSERT INTO reading_data (reading_id, bin_id, bin_section_id, sensor_type_id, value) VALUES (56, 21, 11, 21, 93.7742997349);
INSERT INTO reading_data (reading_id, bin_id, bin_section_id, sensor_type_id, value) VALUES (56, 21, 11, 10, 113.44858816);
INSERT INTO reading_data (reading_id, bin_id, bin_section_id, sensor_type_id, value) VALUES (56, 21, 11, 11, 126.001942042);
INSERT INTO reading_data (reading_id, bin_id, bin_section_id, sensor_type_id, value) VALUES (56, 9, 14, 10, 102.954938922);
INSERT INTO reading_data (reading_id, bin_id, bin_section_id, sensor_type_id, value) VALUES (56, 9, 14, 11, 126.120645016);
INSERT INTO reading_data (reading_id, bin_id, bin_section_id, sensor_type_id, value) VALUES (56, 12, 13, 10, 90.5937966477);
INSERT INTO reading_data (reading_id, bin_id, bin_section_id, sensor_type_id, value) VALUES (56, 12, 13, 11, 114.535780903);
INSERT INTO reading_data (reading_id, bin_id, bin_section_id, sensor_type_id, value) VALUES (56, 12, 13, 12, 96.7983567623);
INSERT INTO reading_data (reading_id, bin_id, bin_section_id, sensor_type_id, value) VALUES (56, 12, 13, 13, 0);
INSERT INTO reading_data (reading_id, bin_id, bin_section_id, sensor_type_id, value) VALUES (56, 12, 14, 10, 85.1615096877);
INSERT INTO reading_data (reading_id, bin_id, bin_section_id, sensor_type_id, value) VALUES (56, 12, 14, 11, 99.4977290578);
INSERT INTO reading_data (reading_id, bin_id, bin_section_id, sensor_type_id, value) VALUES (56, 13, 13, 10, 99.8740960592);
INSERT INTO reading_data (reading_id, bin_id, bin_section_id, sensor_type_id, value) VALUES (56, 13, 13, 11, 125.647152537);
INSERT INTO reading_data (reading_id, bin_id, bin_section_id, sensor_type_id, value) VALUES (56, 13, 13, 12, 124.164652937);
INSERT INTO reading_data (reading_id, bin_id, bin_section_id, sensor_type_id, value) VALUES (56, 13, 13, 13, 0);
INSERT INTO reading_data (reading_id, bin_id, bin_section_id, sensor_type_id, value) VALUES (56, 13, 14, 10, 97.896533048);
INSERT INTO reading_data (reading_id, bin_id, bin_section_id, sensor_type_id, value) VALUES (56, 13, 14, 11, 107.874627105);
INSERT INTO reading_data (reading_id, bin_id, bin_section_id, sensor_type_id, value) VALUES (56, 14, 13, 10, 94.3100899674);
INSERT INTO reading_data (reading_id, bin_id, bin_section_id, sensor_type_id, value) VALUES (56, 14, 13, 11, 128.10775921);
INSERT INTO reading_data (reading_id, bin_id, bin_section_id, sensor_type_id, value) VALUES (56, 14, 13, 12, 121.221408563);
INSERT INTO reading_data (reading_id, bin_id, bin_section_id, sensor_type_id, value) VALUES (56, 14, 13, 13, 1);
INSERT INTO reading_data (reading_id, bin_id, bin_section_id, sensor_type_id, value) VALUES (56, 14, 14, 10, 121.878063933);
INSERT INTO reading_data (reading_id, bin_id, bin_section_id, sensor_type_id, value) VALUES (56, 14, 14, 11, 104.737813918);
INSERT INTO reading_data (reading_id, bin_id, bin_section_id, sensor_type_id, value) VALUES (56, 15, 13, 10, 116.060465583);
INSERT INTO reading_data (reading_id, bin_id, bin_section_id, sensor_type_id, value) VALUES (56, 15, 13, 11, 128.755327356);
INSERT INTO reading_data (reading_id, bin_id, bin_section_id, sensor_type_id, value) VALUES (56, 15, 13, 12, 104.943582115);
INSERT INTO reading_data (reading_id, bin_id, bin_section_id, sensor_type_id, value) VALUES (56, 15, 13, 13, 1);
INSERT INTO reading_data (reading_id, bin_id, bin_section_id, sensor_type_id, value) VALUES (56, 15, 14, 10, 118.74171284);
INSERT INTO reading_data (reading_id, bin_id, bin_section_id, sensor_type_id, value) VALUES (56, 15, 14, 11, 115.978697453);
INSERT INTO reading_data (reading_id, bin_id, bin_section_id, sensor_type_id, value) VALUES (56, 17, 13, 10, 80.7664433512);
INSERT INTO reading_data (reading_id, bin_id, bin_section_id, sensor_type_id, value) VALUES (56, 17, 13, 11, 81.7420664876);
INSERT INTO reading_data (reading_id, bin_id, bin_section_id, sensor_type_id, value) VALUES (56, 17, 13, 12, 96.6472252817);
INSERT INTO reading_data (reading_id, bin_id, bin_section_id, sensor_type_id, value) VALUES (56, 17, 13, 13, 0);
INSERT INTO reading_data (reading_id, bin_id, bin_section_id, sensor_type_id, value) VALUES (56, 17, 14, 10, 100.379172498);
INSERT INTO reading_data (reading_id, bin_id, bin_section_id, sensor_type_id, value) VALUES (56, 17, 14, 11, 102.020727584);
INSERT INTO reading_data (reading_id, bin_id, bin_section_id, sensor_type_id, value) VALUES (56, 21, 13, 10, 110.010673341);
INSERT INTO reading_data (reading_id, bin_id, bin_section_id, sensor_type_id, value) VALUES (56, 21, 13, 11, 111.719914244);
INSERT INTO reading_data (reading_id, bin_id, bin_section_id, sensor_type_id, value) VALUES (56, 21, 13, 12, 117.504752068);
INSERT INTO reading_data (reading_id, bin_id, bin_section_id, sensor_type_id, value) VALUES (56, 21, 13, 13, 0);
INSERT INTO reading_data (reading_id, bin_id, bin_section_id, sensor_type_id, value) VALUES (56, 21, 14, 10, 128.140960196);
INSERT INTO reading_data (reading_id, bin_id, bin_section_id, sensor_type_id, value) VALUES (56, 21, 14, 11, 119.273305158);
INSERT INTO reading_data (reading_id, bin_id, bin_section_id, sensor_type_id, value) VALUES (56, 22, 13, 10, 123.129430309);
INSERT INTO reading_data (reading_id, bin_id, bin_section_id, sensor_type_id, value) VALUES (56, 22, 13, 11, 125.692453116);
INSERT INTO reading_data (reading_id, bin_id, bin_section_id, sensor_type_id, value) VALUES (56, 22, 13, 12, 82.8891891094);
INSERT INTO reading_data (reading_id, bin_id, bin_section_id, sensor_type_id, value) VALUES (56, 22, 13, 13, 1);
INSERT INTO reading_data (reading_id, bin_id, bin_section_id, sensor_type_id, value) VALUES (56, 22, 14, 10, 125.272250472);
INSERT INTO reading_data (reading_id, bin_id, bin_section_id, sensor_type_id, value) VALUES (56, 22, 14, 11, 80.7264535388);
INSERT INTO reading_data (reading_id, bin_id, bin_section_id, sensor_type_id, value) VALUES (56, 23, 13, 10, 83.5398196502);
INSERT INTO reading_data (reading_id, bin_id, bin_section_id, sensor_type_id, value) VALUES (56, 23, 13, 11, 93.6762347344);
INSERT INTO reading_data (reading_id, bin_id, bin_section_id, sensor_type_id, value) VALUES (56, 23, 13, 12, 111.079315988);
INSERT INTO reading_data (reading_id, bin_id, bin_section_id, sensor_type_id, value) VALUES (56, 23, 13, 13, 0);
INSERT INTO reading_data (reading_id, bin_id, bin_section_id, sensor_type_id, value) VALUES (56, 23, 14, 10, 129.10792324);
INSERT INTO reading_data (reading_id, bin_id, bin_section_id, sensor_type_id, value) VALUES (56, 23, 14, 11, 114.127015843);
INSERT INTO reading_data (reading_id, bin_id, bin_section_id, sensor_type_id, value) VALUES (56, 24, 13, 10, 100.799908167);
INSERT INTO reading_data (reading_id, bin_id, bin_section_id, sensor_type_id, value) VALUES (56, 24, 13, 11, 84.1290834514);
INSERT INTO reading_data (reading_id, bin_id, bin_section_id, sensor_type_id, value) VALUES (56, 24, 13, 12, 128.84675582);
INSERT INTO reading_data (reading_id, bin_id, bin_section_id, sensor_type_id, value) VALUES (56, 24, 13, 13, 1);
INSERT INTO reading_data (reading_id, bin_id, bin_section_id, sensor_type_id, value) VALUES (56, 24, 14, 10, 82.943203375);
INSERT INTO reading_data (reading_id, bin_id, bin_section_id, sensor_type_id, value) VALUES (56, 24, 14, 11, 94.02890218);
INSERT INTO reading_data (reading_id, bin_id, bin_section_id, sensor_type_id, value) VALUES (56, 25, 13, 10, 80.6314162364);
INSERT INTO reading_data (reading_id, bin_id, bin_section_id, sensor_type_id, value) VALUES (56, 25, 13, 11, 118.317753187);
INSERT INTO reading_data (reading_id, bin_id, bin_section_id, sensor_type_id, value) VALUES (56, 25, 13, 12, 89.2429409126);
INSERT INTO reading_data (reading_id, bin_id, bin_section_id, sensor_type_id, value) VALUES (56, 25, 13, 13, 1);
INSERT INTO reading_data (reading_id, bin_id, bin_section_id, sensor_type_id, value) VALUES (56, 25, 14, 10, 109.075253118);
INSERT INTO reading_data (reading_id, bin_id, bin_section_id, sensor_type_id, value) VALUES (56, 25, 14, 11, 81.2616927197);
INSERT INTO reading (id, datetime) VALUES (57, TIMESTAMP '2012-08-19 17:24:45');
INSERT INTO reading_data (reading_id, bin_id, bin_section_id, sensor_type_id, value) VALUES (57, 10, 10, 50, 111.263186965);
INSERT INTO reading_data (reading_id, bin_id, bin_section_id, sensor_type_id, value) VALUES (57, 10, 10, 51, 95.8822719984);
INSERT INTO reading_data (reading_id, bin_id, bin_section_id, sensor_type_id, value) VALUES (57, 10, 10, 40, 90.7217104896);
INSERT INTO reading_data (reading_id, bin_id, bin_section_id, sensor_type_id, value) VALUES (57, 19, 10, 50, 127.372788232);
INSERT INTO reading_data (reading_id, bin_id, bin_section_id, sensor_type_id, value) VALUES (57, 19, 10, 51, 120.544337175);
INSERT INTO reading_data (reading_id, bin_id, bin_section_id, sensor_type_id, value) VALUES (57, 19, 10, 40, 94.8351419349);
INSERT INTO reading_data (reading_id, bin_id, bin_section_id, sensor_type_id, value) VALUES (57, 11, 11, 20, 125.937129065);
INSERT INTO reading_data (reading_id, bin_id, bin_section_id, sensor_type_id, value) VALUES (57, 11, 11, 21, 117.018563982);
INSERT INTO reading_data (reading_id, bin_id, bin_section_id, sensor_type_id, value) VALUES (57, 11, 11, 10, 95.2504765314);
INSERT INTO reading_data (reading_id, bin_id, bin_section_id, sensor_type_id, value) VALUES (57, 11, 11, 11, 112.458343002);
INSERT INTO reading_data (reading_id, bin_id, bin_section_id, sensor_type_id, value) VALUES (57, 21, 11, 20, 103.285299451);
INSERT INTO reading_data (reading_id, bin_id, bin_section_id, sensor_type_id, value) VALUES (57, 21, 11, 21, 125.396179409);
INSERT INTO reading_data (reading_id, bin_id, bin_section_id, sensor_type_id, value) VALUES (57, 21, 11, 10, 86.3423440074);
INSERT INTO reading_data (reading_id, bin_id, bin_section_id, sensor_type_id, value) VALUES (57, 21, 11, 11, 114.303969058);
INSERT INTO reading_data (reading_id, bin_id, bin_section_id, sensor_type_id, value) VALUES (57, 9, 14, 10, 87.1623839884);
INSERT INTO reading_data (reading_id, bin_id, bin_section_id, sensor_type_id, value) VALUES (57, 9, 14, 11, 105.885751689);
INSERT INTO reading_data (reading_id, bin_id, bin_section_id, sensor_type_id, value) VALUES (57, 12, 13, 10, 106.202235419);
INSERT INTO reading_data (reading_id, bin_id, bin_section_id, sensor_type_id, value) VALUES (57, 12, 13, 11, 122.87533291);
INSERT INTO reading_data (reading_id, bin_id, bin_section_id, sensor_type_id, value) VALUES (57, 12, 13, 12, 106.196379205);
INSERT INTO reading_data (reading_id, bin_id, bin_section_id, sensor_type_id, value) VALUES (57, 12, 13, 13, 0);
INSERT INTO reading_data (reading_id, bin_id, bin_section_id, sensor_type_id, value) VALUES (57, 12, 14, 10, 94.2380521431);
INSERT INTO reading_data (reading_id, bin_id, bin_section_id, sensor_type_id, value) VALUES (57, 12, 14, 11, 96.6040580742);
INSERT INTO reading_data (reading_id, bin_id, bin_section_id, sensor_type_id, value) VALUES (57, 13, 13, 10, 115.856913463);
INSERT INTO reading_data (reading_id, bin_id, bin_section_id, sensor_type_id, value) VALUES (57, 13, 13, 11, 121.228438323);
INSERT INTO reading_data (reading_id, bin_id, bin_section_id, sensor_type_id, value) VALUES (57, 13, 13, 12, 116.227044087);
INSERT INTO reading_data (reading_id, bin_id, bin_section_id, sensor_type_id, value) VALUES (57, 13, 13, 13, 0);
INSERT INTO reading_data (reading_id, bin_id, bin_section_id, sensor_type_id, value) VALUES (57, 13, 14, 10, 88.3637647237);
INSERT INTO reading_data (reading_id, bin_id, bin_section_id, sensor_type_id, value) VALUES (57, 13, 14, 11, 102.446470134);
INSERT INTO reading_data (reading_id, bin_id, bin_section_id, sensor_type_id, value) VALUES (57, 14, 13, 10, 97.2569010679);
INSERT INTO reading_data (reading_id, bin_id, bin_section_id, sensor_type_id, value) VALUES (57, 14, 13, 11, 80.8814779277);
INSERT INTO reading_data (reading_id, bin_id, bin_section_id, sensor_type_id, value) VALUES (57, 14, 13, 12, 117.19087476);
INSERT INTO reading_data (reading_id, bin_id, bin_section_id, sensor_type_id, value) VALUES (57, 14, 13, 13, 1);
INSERT INTO reading_data (reading_id, bin_id, bin_section_id, sensor_type_id, value) VALUES (57, 14, 14, 10, 97.2723418084);
INSERT INTO reading_data (reading_id, bin_id, bin_section_id, sensor_type_id, value) VALUES (57, 14, 14, 11, 95.4790708862);
INSERT INTO reading_data (reading_id, bin_id, bin_section_id, sensor_type_id, value) VALUES (57, 15, 13, 10, 117.72154885);
INSERT INTO reading_data (reading_id, bin_id, bin_section_id, sensor_type_id, value) VALUES (57, 15, 13, 11, 116.677331727);
INSERT INTO reading_data (reading_id, bin_id, bin_section_id, sensor_type_id, value) VALUES (57, 15, 13, 12, 102.151494745);
INSERT INTO reading_data (reading_id, bin_id, bin_section_id, sensor_type_id, value) VALUES (57, 15, 13, 13, 0);
INSERT INTO reading_data (reading_id, bin_id, bin_section_id, sensor_type_id, value) VALUES (57, 15, 14, 10, 91.6561117005);
INSERT INTO reading_data (reading_id, bin_id, bin_section_id, sensor_type_id, value) VALUES (57, 15, 14, 11, 109.701368275);
INSERT INTO reading_data (reading_id, bin_id, bin_section_id, sensor_type_id, value) VALUES (57, 17, 13, 10, 86.3118514324);
INSERT INTO reading_data (reading_id, bin_id, bin_section_id, sensor_type_id, value) VALUES (57, 17, 13, 11, 122.658680949);
INSERT INTO reading_data (reading_id, bin_id, bin_section_id, sensor_type_id, value) VALUES (57, 17, 13, 12, 122.509504471);
INSERT INTO reading_data (reading_id, bin_id, bin_section_id, sensor_type_id, value) VALUES (57, 17, 13, 13, 0);
INSERT INTO reading_data (reading_id, bin_id, bin_section_id, sensor_type_id, value) VALUES (57, 17, 14, 10, 128.730495316);
INSERT INTO reading_data (reading_id, bin_id, bin_section_id, sensor_type_id, value) VALUES (57, 17, 14, 11, 105.163261096);
INSERT INTO reading_data (reading_id, bin_id, bin_section_id, sensor_type_id, value) VALUES (57, 21, 13, 10, 116.65636808);
INSERT INTO reading_data (reading_id, bin_id, bin_section_id, sensor_type_id, value) VALUES (57, 21, 13, 11, 90.8143477151);
INSERT INTO reading_data (reading_id, bin_id, bin_section_id, sensor_type_id, value) VALUES (57, 21, 13, 12, 112.989658289);
INSERT INTO reading_data (reading_id, bin_id, bin_section_id, sensor_type_id, value) VALUES (57, 21, 13, 13, 0);
INSERT INTO reading_data (reading_id, bin_id, bin_section_id, sensor_type_id, value) VALUES (57, 21, 14, 10, 87.9920840193);
INSERT INTO reading_data (reading_id, bin_id, bin_section_id, sensor_type_id, value) VALUES (57, 21, 14, 11, 128.122754836);
INSERT INTO reading_data (reading_id, bin_id, bin_section_id, sensor_type_id, value) VALUES (57, 22, 13, 10, 108.575788561);
INSERT INTO reading_data (reading_id, bin_id, bin_section_id, sensor_type_id, value) VALUES (57, 22, 13, 11, 91.1027346149);
INSERT INTO reading_data (reading_id, bin_id, bin_section_id, sensor_type_id, value) VALUES (57, 22, 13, 12, 88.3965770849);
INSERT INTO reading_data (reading_id, bin_id, bin_section_id, sensor_type_id, value) VALUES (57, 22, 13, 13, 0);
INSERT INTO reading_data (reading_id, bin_id, bin_section_id, sensor_type_id, value) VALUES (57, 22, 14, 10, 80.4409071939);
INSERT INTO reading_data (reading_id, bin_id, bin_section_id, sensor_type_id, value) VALUES (57, 22, 14, 11, 87.946465218);
INSERT INTO reading_data (reading_id, bin_id, bin_section_id, sensor_type_id, value) VALUES (57, 23, 13, 10, 89.596368449);
INSERT INTO reading_data (reading_id, bin_id, bin_section_id, sensor_type_id, value) VALUES (57, 23, 13, 11, 100.019702927);
INSERT INTO reading_data (reading_id, bin_id, bin_section_id, sensor_type_id, value) VALUES (57, 23, 13, 12, 117.417743075);
INSERT INTO reading_data (reading_id, bin_id, bin_section_id, sensor_type_id, value) VALUES (57, 23, 13, 13, 1);
INSERT INTO reading_data (reading_id, bin_id, bin_section_id, sensor_type_id, value) VALUES (57, 23, 14, 10, 101.948430879);
INSERT INTO reading_data (reading_id, bin_id, bin_section_id, sensor_type_id, value) VALUES (57, 23, 14, 11, 113.151665095);
INSERT INTO reading_data (reading_id, bin_id, bin_section_id, sensor_type_id, value) VALUES (57, 24, 13, 10, 102.273917687);
INSERT INTO reading_data (reading_id, bin_id, bin_section_id, sensor_type_id, value) VALUES (57, 24, 13, 11, 129.09703215);
INSERT INTO reading_data (reading_id, bin_id, bin_section_id, sensor_type_id, value) VALUES (57, 24, 13, 12, 114.746696581);
INSERT INTO reading_data (reading_id, bin_id, bin_section_id, sensor_type_id, value) VALUES (57, 24, 13, 13, 1);
INSERT INTO reading_data (reading_id, bin_id, bin_section_id, sensor_type_id, value) VALUES (57, 24, 14, 10, 86.311447722);
INSERT INTO reading_data (reading_id, bin_id, bin_section_id, sensor_type_id, value) VALUES (57, 24, 14, 11, 104.882687654);
INSERT INTO reading_data (reading_id, bin_id, bin_section_id, sensor_type_id, value) VALUES (57, 25, 13, 10, 115.664604905);
INSERT INTO reading_data (reading_id, bin_id, bin_section_id, sensor_type_id, value) VALUES (57, 25, 13, 11, 99.1669708532);
INSERT INTO reading_data (reading_id, bin_id, bin_section_id, sensor_type_id, value) VALUES (57, 25, 13, 12, 121.46183342);
INSERT INTO reading_data (reading_id, bin_id, bin_section_id, sensor_type_id, value) VALUES (57, 25, 13, 13, 1);
INSERT INTO reading_data (reading_id, bin_id, bin_section_id, sensor_type_id, value) VALUES (57, 25, 14, 10, 115.629299274);
INSERT INTO reading_data (reading_id, bin_id, bin_section_id, sensor_type_id, value) VALUES (57, 25, 14, 11, 93.0259293954);
INSERT INTO reading (id, datetime) VALUES (58, TIMESTAMP '2012-08-19 17:29:45');
INSERT INTO reading_data (reading_id, bin_id, bin_section_id, sensor_type_id, value) VALUES (58, 10, 10, 50, 87.8241162333);
INSERT INTO reading_data (reading_id, bin_id, bin_section_id, sensor_type_id, value) VALUES (58, 10, 10, 51, 82.0475371137);
INSERT INTO reading_data (reading_id, bin_id, bin_section_id, sensor_type_id, value) VALUES (58, 10, 10, 40, 122.975487632);
INSERT INTO reading_data (reading_id, bin_id, bin_section_id, sensor_type_id, value) VALUES (58, 19, 10, 50, 109.713933242);
INSERT INTO reading_data (reading_id, bin_id, bin_section_id, sensor_type_id, value) VALUES (58, 19, 10, 51, 87.3581359604);
INSERT INTO reading_data (reading_id, bin_id, bin_section_id, sensor_type_id, value) VALUES (58, 19, 10, 40, 118.58373305);
INSERT INTO reading_data (reading_id, bin_id, bin_section_id, sensor_type_id, value) VALUES (58, 11, 11, 20, 87.8337252951);
INSERT INTO reading_data (reading_id, bin_id, bin_section_id, sensor_type_id, value) VALUES (58, 11, 11, 21, 97.3075103516);
INSERT INTO reading_data (reading_id, bin_id, bin_section_id, sensor_type_id, value) VALUES (58, 11, 11, 10, 110.940828903);
INSERT INTO reading_data (reading_id, bin_id, bin_section_id, sensor_type_id, value) VALUES (58, 11, 11, 11, 124.52805166);
INSERT INTO reading_data (reading_id, bin_id, bin_section_id, sensor_type_id, value) VALUES (58, 21, 11, 20, 110.412181899);
INSERT INTO reading_data (reading_id, bin_id, bin_section_id, sensor_type_id, value) VALUES (58, 21, 11, 21, 102.646789708);
INSERT INTO reading_data (reading_id, bin_id, bin_section_id, sensor_type_id, value) VALUES (58, 21, 11, 10, 83.6278202633);
INSERT INTO reading_data (reading_id, bin_id, bin_section_id, sensor_type_id, value) VALUES (58, 21, 11, 11, 88.3531245492);
INSERT INTO reading_data (reading_id, bin_id, bin_section_id, sensor_type_id, value) VALUES (58, 9, 14, 10, 122.940477213);
INSERT INTO reading_data (reading_id, bin_id, bin_section_id, sensor_type_id, value) VALUES (58, 9, 14, 11, 100.313528483);
INSERT INTO reading_data (reading_id, bin_id, bin_section_id, sensor_type_id, value) VALUES (58, 12, 13, 10, 120.489108248);
INSERT INTO reading_data (reading_id, bin_id, bin_section_id, sensor_type_id, value) VALUES (58, 12, 13, 11, 100.56514209);
INSERT INTO reading_data (reading_id, bin_id, bin_section_id, sensor_type_id, value) VALUES (58, 12, 13, 12, 88.5010458898);
INSERT INTO reading_data (reading_id, bin_id, bin_section_id, sensor_type_id, value) VALUES (58, 12, 13, 13, 1);
INSERT INTO reading_data (reading_id, bin_id, bin_section_id, sensor_type_id, value) VALUES (58, 12, 14, 10, 114.57940785);
INSERT INTO reading_data (reading_id, bin_id, bin_section_id, sensor_type_id, value) VALUES (58, 12, 14, 11, 95.8197835167);
INSERT INTO reading_data (reading_id, bin_id, bin_section_id, sensor_type_id, value) VALUES (58, 13, 13, 10, 108.538688091);
INSERT INTO reading_data (reading_id, bin_id, bin_section_id, sensor_type_id, value) VALUES (58, 13, 13, 11, 93.972847512);
INSERT INTO reading_data (reading_id, bin_id, bin_section_id, sensor_type_id, value) VALUES (58, 13, 13, 12, 102.099149104);
INSERT INTO reading_data (reading_id, bin_id, bin_section_id, sensor_type_id, value) VALUES (58, 13, 13, 13, 0);
INSERT INTO reading_data (reading_id, bin_id, bin_section_id, sensor_type_id, value) VALUES (58, 13, 14, 10, 106.377136901);
INSERT INTO reading_data (reading_id, bin_id, bin_section_id, sensor_type_id, value) VALUES (58, 13, 14, 11, 82.1593646103);
INSERT INTO reading_data (reading_id, bin_id, bin_section_id, sensor_type_id, value) VALUES (58, 14, 13, 10, 113.277391696);
INSERT INTO reading_data (reading_id, bin_id, bin_section_id, sensor_type_id, value) VALUES (58, 14, 13, 11, 94.1113163695);
INSERT INTO reading_data (reading_id, bin_id, bin_section_id, sensor_type_id, value) VALUES (58, 14, 13, 12, 94.0300242301);
INSERT INTO reading_data (reading_id, bin_id, bin_section_id, sensor_type_id, value) VALUES (58, 14, 13, 13, 1);
INSERT INTO reading_data (reading_id, bin_id, bin_section_id, sensor_type_id, value) VALUES (58, 14, 14, 10, 107.59865488);
INSERT INTO reading_data (reading_id, bin_id, bin_section_id, sensor_type_id, value) VALUES (58, 14, 14, 11, 111.25096583);
INSERT INTO reading_data (reading_id, bin_id, bin_section_id, sensor_type_id, value) VALUES (58, 15, 13, 10, 85.1180215004);
INSERT INTO reading_data (reading_id, bin_id, bin_section_id, sensor_type_id, value) VALUES (58, 15, 13, 11, 125.517975304);
INSERT INTO reading_data (reading_id, bin_id, bin_section_id, sensor_type_id, value) VALUES (58, 15, 13, 12, 116.352196867);
INSERT INTO reading_data (reading_id, bin_id, bin_section_id, sensor_type_id, value) VALUES (58, 15, 13, 13, 0);
INSERT INTO reading_data (reading_id, bin_id, bin_section_id, sensor_type_id, value) VALUES (58, 15, 14, 10, 118.846591242);
INSERT INTO reading_data (reading_id, bin_id, bin_section_id, sensor_type_id, value) VALUES (58, 15, 14, 11, 121.911101062);
INSERT INTO reading_data (reading_id, bin_id, bin_section_id, sensor_type_id, value) VALUES (58, 17, 13, 10, 124.158220764);
INSERT INTO reading_data (reading_id, bin_id, bin_section_id, sensor_type_id, value) VALUES (58, 17, 13, 11, 101.617271367);
INSERT INTO reading_data (reading_id, bin_id, bin_section_id, sensor_type_id, value) VALUES (58, 17, 13, 12, 122.116320741);
INSERT INTO reading_data (reading_id, bin_id, bin_section_id, sensor_type_id, value) VALUES (58, 17, 13, 13, 0);
INSERT INTO reading_data (reading_id, bin_id, bin_section_id, sensor_type_id, value) VALUES (58, 17, 14, 10, 127.623875574);
INSERT INTO reading_data (reading_id, bin_id, bin_section_id, sensor_type_id, value) VALUES (58, 17, 14, 11, 105.915820063);
INSERT INTO reading_data (reading_id, bin_id, bin_section_id, sensor_type_id, value) VALUES (58, 21, 13, 10, 110.687090283);
INSERT INTO reading_data (reading_id, bin_id, bin_section_id, sensor_type_id, value) VALUES (58, 21, 13, 11, 110.245562277);
INSERT INTO reading_data (reading_id, bin_id, bin_section_id, sensor_type_id, value) VALUES (58, 21, 13, 12, 100.25139423);
INSERT INTO reading_data (reading_id, bin_id, bin_section_id, sensor_type_id, value) VALUES (58, 21, 13, 13, 0);
INSERT INTO reading_data (reading_id, bin_id, bin_section_id, sensor_type_id, value) VALUES (58, 21, 14, 10, 98.0073184498);
INSERT INTO reading_data (reading_id, bin_id, bin_section_id, sensor_type_id, value) VALUES (58, 21, 14, 11, 116.528252702);
INSERT INTO reading_data (reading_id, bin_id, bin_section_id, sensor_type_id, value) VALUES (58, 22, 13, 10, 108.554347281);
INSERT INTO reading_data (reading_id, bin_id, bin_section_id, sensor_type_id, value) VALUES (58, 22, 13, 11, 90.6130779195);
INSERT INTO reading_data (reading_id, bin_id, bin_section_id, sensor_type_id, value) VALUES (58, 22, 13, 12, 99.4780669065);
INSERT INTO reading_data (reading_id, bin_id, bin_section_id, sensor_type_id, value) VALUES (58, 22, 13, 13, 1);
INSERT INTO reading_data (reading_id, bin_id, bin_section_id, sensor_type_id, value) VALUES (58, 22, 14, 10, 87.7843967815);
INSERT INTO reading_data (reading_id, bin_id, bin_section_id, sensor_type_id, value) VALUES (58, 22, 14, 11, 94.0815041795);
INSERT INTO reading_data (reading_id, bin_id, bin_section_id, sensor_type_id, value) VALUES (58, 23, 13, 10, 99.5223511111);
INSERT INTO reading_data (reading_id, bin_id, bin_section_id, sensor_type_id, value) VALUES (58, 23, 13, 11, 85.8759703137);
INSERT INTO reading_data (reading_id, bin_id, bin_section_id, sensor_type_id, value) VALUES (58, 23, 13, 12, 129.588991539);
INSERT INTO reading_data (reading_id, bin_id, bin_section_id, sensor_type_id, value) VALUES (58, 23, 13, 13, 0);
INSERT INTO reading_data (reading_id, bin_id, bin_section_id, sensor_type_id, value) VALUES (58, 23, 14, 10, 85.5830698535);
INSERT INTO reading_data (reading_id, bin_id, bin_section_id, sensor_type_id, value) VALUES (58, 23, 14, 11, 117.516310439);
INSERT INTO reading_data (reading_id, bin_id, bin_section_id, sensor_type_id, value) VALUES (58, 24, 13, 10, 82.5437735358);
INSERT INTO reading_data (reading_id, bin_id, bin_section_id, sensor_type_id, value) VALUES (58, 24, 13, 11, 124.324323064);
INSERT INTO reading_data (reading_id, bin_id, bin_section_id, sensor_type_id, value) VALUES (58, 24, 13, 12, 83.8978265072);
INSERT INTO reading_data (reading_id, bin_id, bin_section_id, sensor_type_id, value) VALUES (58, 24, 13, 13, 0);
INSERT INTO reading_data (reading_id, bin_id, bin_section_id, sensor_type_id, value) VALUES (58, 24, 14, 10, 81.4671231541);
INSERT INTO reading_data (reading_id, bin_id, bin_section_id, sensor_type_id, value) VALUES (58, 24, 14, 11, 111.823771811);
INSERT INTO reading_data (reading_id, bin_id, bin_section_id, sensor_type_id, value) VALUES (58, 25, 13, 10, 127.203589852);
INSERT INTO reading_data (reading_id, bin_id, bin_section_id, sensor_type_id, value) VALUES (58, 25, 13, 11, 99.2165962117);
INSERT INTO reading_data (reading_id, bin_id, bin_section_id, sensor_type_id, value) VALUES (58, 25, 13, 12, 107.384217729);
INSERT INTO reading_data (reading_id, bin_id, bin_section_id, sensor_type_id, value) VALUES (58, 25, 13, 13, 1);
INSERT INTO reading_data (reading_id, bin_id, bin_section_id, sensor_type_id, value) VALUES (58, 25, 14, 10, 108.451755383);
INSERT INTO reading_data (reading_id, bin_id, bin_section_id, sensor_type_id, value) VALUES (58, 25, 14, 11, 106.428575748);
INSERT INTO reading (id, datetime) VALUES (59, TIMESTAMP '2012-08-19 17:34:45');
INSERT INTO reading_data (reading_id, bin_id, bin_section_id, sensor_type_id, value) VALUES (59, 10, 10, 50, 109.355828234);
INSERT INTO reading_data (reading_id, bin_id, bin_section_id, sensor_type_id, value) VALUES (59, 10, 10, 51, 84.8866417034);
INSERT INTO reading_data (reading_id, bin_id, bin_section_id, sensor_type_id, value) VALUES (59, 10, 10, 40, 120.74048893);
INSERT INTO reading_data (reading_id, bin_id, bin_section_id, sensor_type_id, value) VALUES (59, 19, 10, 50, 101.382348771);
INSERT INTO reading_data (reading_id, bin_id, bin_section_id, sensor_type_id, value) VALUES (59, 19, 10, 51, 92.8692590997);
INSERT INTO reading_data (reading_id, bin_id, bin_section_id, sensor_type_id, value) VALUES (59, 19, 10, 40, 119.803377885);
INSERT INTO reading_data (reading_id, bin_id, bin_section_id, sensor_type_id, value) VALUES (59, 11, 11, 20, 124.795863166);
INSERT INTO reading_data (reading_id, bin_id, bin_section_id, sensor_type_id, value) VALUES (59, 11, 11, 21, 80.8008897241);
INSERT INTO reading_data (reading_id, bin_id, bin_section_id, sensor_type_id, value) VALUES (59, 11, 11, 10, 113.425728867);
INSERT INTO reading_data (reading_id, bin_id, bin_section_id, sensor_type_id, value) VALUES (59, 11, 11, 11, 115.812196047);
INSERT INTO reading_data (reading_id, bin_id, bin_section_id, sensor_type_id, value) VALUES (59, 21, 11, 20, 94.3141206284);
INSERT INTO reading_data (reading_id, bin_id, bin_section_id, sensor_type_id, value) VALUES (59, 21, 11, 21, 84.5916053492);
INSERT INTO reading_data (reading_id, bin_id, bin_section_id, sensor_type_id, value) VALUES (59, 21, 11, 10, 120.455328136);
INSERT INTO reading_data (reading_id, bin_id, bin_section_id, sensor_type_id, value) VALUES (59, 21, 11, 11, 123.487026205);
INSERT INTO reading_data (reading_id, bin_id, bin_section_id, sensor_type_id, value) VALUES (59, 9, 14, 10, 98.5263810747);
INSERT INTO reading_data (reading_id, bin_id, bin_section_id, sensor_type_id, value) VALUES (59, 9, 14, 11, 117.301505011);
INSERT INTO reading_data (reading_id, bin_id, bin_section_id, sensor_type_id, value) VALUES (59, 12, 13, 10, 116.90396992);
INSERT INTO reading_data (reading_id, bin_id, bin_section_id, sensor_type_id, value) VALUES (59, 12, 13, 11, 108.063369014);
INSERT INTO reading_data (reading_id, bin_id, bin_section_id, sensor_type_id, value) VALUES (59, 12, 13, 12, 125.555043698);
INSERT INTO reading_data (reading_id, bin_id, bin_section_id, sensor_type_id, value) VALUES (59, 12, 13, 13, 0);
INSERT INTO reading_data (reading_id, bin_id, bin_section_id, sensor_type_id, value) VALUES (59, 12, 14, 10, 121.20570701);
INSERT INTO reading_data (reading_id, bin_id, bin_section_id, sensor_type_id, value) VALUES (59, 12, 14, 11, 93.3314457038);
INSERT INTO reading_data (reading_id, bin_id, bin_section_id, sensor_type_id, value) VALUES (59, 13, 13, 10, 114.857184909);
INSERT INTO reading_data (reading_id, bin_id, bin_section_id, sensor_type_id, value) VALUES (59, 13, 13, 11, 124.569995032);
INSERT INTO reading_data (reading_id, bin_id, bin_section_id, sensor_type_id, value) VALUES (59, 13, 13, 12, 125.118695053);
INSERT INTO reading_data (reading_id, bin_id, bin_section_id, sensor_type_id, value) VALUES (59, 13, 13, 13, 1);
INSERT INTO reading_data (reading_id, bin_id, bin_section_id, sensor_type_id, value) VALUES (59, 13, 14, 10, 113.230083379);
INSERT INTO reading_data (reading_id, bin_id, bin_section_id, sensor_type_id, value) VALUES (59, 13, 14, 11, 94.0456903598);
INSERT INTO reading_data (reading_id, bin_id, bin_section_id, sensor_type_id, value) VALUES (59, 14, 13, 10, 81.0906789213);
INSERT INTO reading_data (reading_id, bin_id, bin_section_id, sensor_type_id, value) VALUES (59, 14, 13, 11, 106.021753851);
INSERT INTO reading_data (reading_id, bin_id, bin_section_id, sensor_type_id, value) VALUES (59, 14, 13, 12, 98.2536456639);
INSERT INTO reading_data (reading_id, bin_id, bin_section_id, sensor_type_id, value) VALUES (59, 14, 13, 13, 1);
INSERT INTO reading_data (reading_id, bin_id, bin_section_id, sensor_type_id, value) VALUES (59, 14, 14, 10, 114.548706493);
INSERT INTO reading_data (reading_id, bin_id, bin_section_id, sensor_type_id, value) VALUES (59, 14, 14, 11, 113.108250956);
INSERT INTO reading_data (reading_id, bin_id, bin_section_id, sensor_type_id, value) VALUES (59, 15, 13, 10, 110.101589019);
INSERT INTO reading_data (reading_id, bin_id, bin_section_id, sensor_type_id, value) VALUES (59, 15, 13, 11, 94.3518568733);
INSERT INTO reading_data (reading_id, bin_id, bin_section_id, sensor_type_id, value) VALUES (59, 15, 13, 12, 84.9051642244);
INSERT INTO reading_data (reading_id, bin_id, bin_section_id, sensor_type_id, value) VALUES (59, 15, 13, 13, 0);
INSERT INTO reading_data (reading_id, bin_id, bin_section_id, sensor_type_id, value) VALUES (59, 15, 14, 10, 126.625936066);
INSERT INTO reading_data (reading_id, bin_id, bin_section_id, sensor_type_id, value) VALUES (59, 15, 14, 11, 87.9423090436);
INSERT INTO reading_data (reading_id, bin_id, bin_section_id, sensor_type_id, value) VALUES (59, 17, 13, 10, 129.679403543);
INSERT INTO reading_data (reading_id, bin_id, bin_section_id, sensor_type_id, value) VALUES (59, 17, 13, 11, 119.16255228);
INSERT INTO reading_data (reading_id, bin_id, bin_section_id, sensor_type_id, value) VALUES (59, 17, 13, 12, 122.94178968);
INSERT INTO reading_data (reading_id, bin_id, bin_section_id, sensor_type_id, value) VALUES (59, 17, 13, 13, 0);
INSERT INTO reading_data (reading_id, bin_id, bin_section_id, sensor_type_id, value) VALUES (59, 17, 14, 10, 83.152156902);
INSERT INTO reading_data (reading_id, bin_id, bin_section_id, sensor_type_id, value) VALUES (59, 17, 14, 11, 128.891116948);
INSERT INTO reading_data (reading_id, bin_id, bin_section_id, sensor_type_id, value) VALUES (59, 21, 13, 10, 112.43990405);
INSERT INTO reading_data (reading_id, bin_id, bin_section_id, sensor_type_id, value) VALUES (59, 21, 13, 11, 120.641799542);
INSERT INTO reading_data (reading_id, bin_id, bin_section_id, sensor_type_id, value) VALUES (59, 21, 13, 12, 122.473188863);
INSERT INTO reading_data (reading_id, bin_id, bin_section_id, sensor_type_id, value) VALUES (59, 21, 13, 13, 0);
INSERT INTO reading_data (reading_id, bin_id, bin_section_id, sensor_type_id, value) VALUES (59, 21, 14, 10, 121.036967353);
INSERT INTO reading_data (reading_id, bin_id, bin_section_id, sensor_type_id, value) VALUES (59, 21, 14, 11, 101.278983481);
INSERT INTO reading_data (reading_id, bin_id, bin_section_id, sensor_type_id, value) VALUES (59, 22, 13, 10, 88.9559372647);
INSERT INTO reading_data (reading_id, bin_id, bin_section_id, sensor_type_id, value) VALUES (59, 22, 13, 11, 84.0563433294);
INSERT INTO reading_data (reading_id, bin_id, bin_section_id, sensor_type_id, value) VALUES (59, 22, 13, 12, 103.280108316);
INSERT INTO reading_data (reading_id, bin_id, bin_section_id, sensor_type_id, value) VALUES (59, 22, 13, 13, 1);
INSERT INTO reading_data (reading_id, bin_id, bin_section_id, sensor_type_id, value) VALUES (59, 22, 14, 10, 108.249372738);
INSERT INTO reading_data (reading_id, bin_id, bin_section_id, sensor_type_id, value) VALUES (59, 22, 14, 11, 116.730429771);
INSERT INTO reading_data (reading_id, bin_id, bin_section_id, sensor_type_id, value) VALUES (59, 23, 13, 10, 89.993246386);
INSERT INTO reading_data (reading_id, bin_id, bin_section_id, sensor_type_id, value) VALUES (59, 23, 13, 11, 108.487534807);
INSERT INTO reading_data (reading_id, bin_id, bin_section_id, sensor_type_id, value) VALUES (59, 23, 13, 12, 121.12532198);
INSERT INTO reading_data (reading_id, bin_id, bin_section_id, sensor_type_id, value) VALUES (59, 23, 13, 13, 1);
INSERT INTO reading_data (reading_id, bin_id, bin_section_id, sensor_type_id, value) VALUES (59, 23, 14, 10, 111.433509184);
INSERT INTO reading_data (reading_id, bin_id, bin_section_id, sensor_type_id, value) VALUES (59, 23, 14, 11, 97.9208328102);
INSERT INTO reading_data (reading_id, bin_id, bin_section_id, sensor_type_id, value) VALUES (59, 24, 13, 10, 128.977719899);
INSERT INTO reading_data (reading_id, bin_id, bin_section_id, sensor_type_id, value) VALUES (59, 24, 13, 11, 117.360503964);
INSERT INTO reading_data (reading_id, bin_id, bin_section_id, sensor_type_id, value) VALUES (59, 24, 13, 12, 115.080789253);
INSERT INTO reading_data (reading_id, bin_id, bin_section_id, sensor_type_id, value) VALUES (59, 24, 13, 13, 0);
INSERT INTO reading_data (reading_id, bin_id, bin_section_id, sensor_type_id, value) VALUES (59, 24, 14, 10, 103.283345951);
INSERT INTO reading_data (reading_id, bin_id, bin_section_id, sensor_type_id, value) VALUES (59, 24, 14, 11, 95.6725064537);
INSERT INTO reading_data (reading_id, bin_id, bin_section_id, sensor_type_id, value) VALUES (59, 25, 13, 10, 82.2493525019);
INSERT INTO reading_data (reading_id, bin_id, bin_section_id, sensor_type_id, value) VALUES (59, 25, 13, 11, 94.6148046598);
INSERT INTO reading_data (reading_id, bin_id, bin_section_id, sensor_type_id, value) VALUES (59, 25, 13, 12, 89.0381500264);
INSERT INTO reading_data (reading_id, bin_id, bin_section_id, sensor_type_id, value) VALUES (59, 25, 13, 13, 0);
INSERT INTO reading_data (reading_id, bin_id, bin_section_id, sensor_type_id, value) VALUES (59, 25, 14, 10, 99.6385183333);
INSERT INTO reading_data (reading_id, bin_id, bin_section_id, sensor_type_id, value) VALUES (59, 25, 14, 11, 115.081971644);
INSERT INTO reading (id, datetime) VALUES (60, TIMESTAMP '2012-08-19 17:39:45');
INSERT INTO reading_data (reading_id, bin_id, bin_section_id, sensor_type_id, value) VALUES (60, 10, 10, 50, 102.951719035);
INSERT INTO reading_data (reading_id, bin_id, bin_section_id, sensor_type_id, value) VALUES (60, 10, 10, 51, 82.4847817887);
INSERT INTO reading_data (reading_id, bin_id, bin_section_id, sensor_type_id, value) VALUES (60, 10, 10, 40, 120.341295373);
INSERT INTO reading_data (reading_id, bin_id, bin_section_id, sensor_type_id, value) VALUES (60, 19, 10, 50, 125.906118858);
INSERT INTO reading_data (reading_id, bin_id, bin_section_id, sensor_type_id, value) VALUES (60, 19, 10, 51, 125.242609247);
INSERT INTO reading_data (reading_id, bin_id, bin_section_id, sensor_type_id, value) VALUES (60, 19, 10, 40, 89.2052795429);
INSERT INTO reading_data (reading_id, bin_id, bin_section_id, sensor_type_id, value) VALUES (60, 11, 11, 20, 104.141562464);
INSERT INTO reading_data (reading_id, bin_id, bin_section_id, sensor_type_id, value) VALUES (60, 11, 11, 21, 109.141018247);
INSERT INTO reading_data (reading_id, bin_id, bin_section_id, sensor_type_id, value) VALUES (60, 11, 11, 10, 119.688775733);
INSERT INTO reading_data (reading_id, bin_id, bin_section_id, sensor_type_id, value) VALUES (60, 11, 11, 11, 118.158576708);
INSERT INTO reading_data (reading_id, bin_id, bin_section_id, sensor_type_id, value) VALUES (60, 21, 11, 20, 88.0506625555);
INSERT INTO reading_data (reading_id, bin_id, bin_section_id, sensor_type_id, value) VALUES (60, 21, 11, 21, 126.076984938);
INSERT INTO reading_data (reading_id, bin_id, bin_section_id, sensor_type_id, value) VALUES (60, 21, 11, 10, 81.6219762083);
INSERT INTO reading_data (reading_id, bin_id, bin_section_id, sensor_type_id, value) VALUES (60, 21, 11, 11, 128.514898885);
INSERT INTO reading_data (reading_id, bin_id, bin_section_id, sensor_type_id, value) VALUES (60, 9, 14, 10, 81.5228857481);
INSERT INTO reading_data (reading_id, bin_id, bin_section_id, sensor_type_id, value) VALUES (60, 9, 14, 11, 80.5006690129);
INSERT INTO reading_data (reading_id, bin_id, bin_section_id, sensor_type_id, value) VALUES (60, 12, 13, 10, 99.3870694321);
INSERT INTO reading_data (reading_id, bin_id, bin_section_id, sensor_type_id, value) VALUES (60, 12, 13, 11, 111.242733161);
INSERT INTO reading_data (reading_id, bin_id, bin_section_id, sensor_type_id, value) VALUES (60, 12, 13, 12, 88.0858250289);
INSERT INTO reading_data (reading_id, bin_id, bin_section_id, sensor_type_id, value) VALUES (60, 12, 13, 13, 1);
INSERT INTO reading_data (reading_id, bin_id, bin_section_id, sensor_type_id, value) VALUES (60, 12, 14, 10, 125.703772165);
INSERT INTO reading_data (reading_id, bin_id, bin_section_id, sensor_type_id, value) VALUES (60, 12, 14, 11, 128.875556571);
INSERT INTO reading_data (reading_id, bin_id, bin_section_id, sensor_type_id, value) VALUES (60, 13, 13, 10, 111.490525628);
INSERT INTO reading_data (reading_id, bin_id, bin_section_id, sensor_type_id, value) VALUES (60, 13, 13, 11, 86.7560605688);
INSERT INTO reading_data (reading_id, bin_id, bin_section_id, sensor_type_id, value) VALUES (60, 13, 13, 12, 87.454756615);
INSERT INTO reading_data (reading_id, bin_id, bin_section_id, sensor_type_id, value) VALUES (60, 13, 13, 13, 1);
INSERT INTO reading_data (reading_id, bin_id, bin_section_id, sensor_type_id, value) VALUES (60, 13, 14, 10, 113.56517596);
INSERT INTO reading_data (reading_id, bin_id, bin_section_id, sensor_type_id, value) VALUES (60, 13, 14, 11, 122.27512837);
INSERT INTO reading_data (reading_id, bin_id, bin_section_id, sensor_type_id, value) VALUES (60, 14, 13, 10, 83.4798966067);
INSERT INTO reading_data (reading_id, bin_id, bin_section_id, sensor_type_id, value) VALUES (60, 14, 13, 11, 118.292167918);
INSERT INTO reading_data (reading_id, bin_id, bin_section_id, sensor_type_id, value) VALUES (60, 14, 13, 12, 115.9588164);
INSERT INTO reading_data (reading_id, bin_id, bin_section_id, sensor_type_id, value) VALUES (60, 14, 13, 13, 1);
INSERT INTO reading_data (reading_id, bin_id, bin_section_id, sensor_type_id, value) VALUES (60, 14, 14, 10, 90.8378975313);
INSERT INTO reading_data (reading_id, bin_id, bin_section_id, sensor_type_id, value) VALUES (60, 14, 14, 11, 123.403419916);
INSERT INTO reading_data (reading_id, bin_id, bin_section_id, sensor_type_id, value) VALUES (60, 15, 13, 10, 93.8775074849);
INSERT INTO reading_data (reading_id, bin_id, bin_section_id, sensor_type_id, value) VALUES (60, 15, 13, 11, 129.145372207);
INSERT INTO reading_data (reading_id, bin_id, bin_section_id, sensor_type_id, value) VALUES (60, 15, 13, 12, 80.2091911315);
INSERT INTO reading_data (reading_id, bin_id, bin_section_id, sensor_type_id, value) VALUES (60, 15, 13, 13, 1);
INSERT INTO reading_data (reading_id, bin_id, bin_section_id, sensor_type_id, value) VALUES (60, 15, 14, 10, 96.8036802704);
INSERT INTO reading_data (reading_id, bin_id, bin_section_id, sensor_type_id, value) VALUES (60, 15, 14, 11, 114.441140207);
INSERT INTO reading_data (reading_id, bin_id, bin_section_id, sensor_type_id, value) VALUES (60, 17, 13, 10, 98.2288726551);
INSERT INTO reading_data (reading_id, bin_id, bin_section_id, sensor_type_id, value) VALUES (60, 17, 13, 11, 105.460076858);
INSERT INTO reading_data (reading_id, bin_id, bin_section_id, sensor_type_id, value) VALUES (60, 17, 13, 12, 82.9226862563);
INSERT INTO reading_data (reading_id, bin_id, bin_section_id, sensor_type_id, value) VALUES (60, 17, 13, 13, 1);
INSERT INTO reading_data (reading_id, bin_id, bin_section_id, sensor_type_id, value) VALUES (60, 17, 14, 10, 89.2678896973);
INSERT INTO reading_data (reading_id, bin_id, bin_section_id, sensor_type_id, value) VALUES (60, 17, 14, 11, 87.3083812715);
INSERT INTO reading_data (reading_id, bin_id, bin_section_id, sensor_type_id, value) VALUES (60, 21, 13, 10, 105.69048831);
INSERT INTO reading_data (reading_id, bin_id, bin_section_id, sensor_type_id, value) VALUES (60, 21, 13, 11, 118.09226669);
INSERT INTO reading_data (reading_id, bin_id, bin_section_id, sensor_type_id, value) VALUES (60, 21, 13, 12, 82.7641232227);
INSERT INTO reading_data (reading_id, bin_id, bin_section_id, sensor_type_id, value) VALUES (60, 21, 13, 13, 0);
INSERT INTO reading_data (reading_id, bin_id, bin_section_id, sensor_type_id, value) VALUES (60, 21, 14, 10, 86.2002361426);
INSERT INTO reading_data (reading_id, bin_id, bin_section_id, sensor_type_id, value) VALUES (60, 21, 14, 11, 92.7037865787);
INSERT INTO reading_data (reading_id, bin_id, bin_section_id, sensor_type_id, value) VALUES (60, 22, 13, 10, 89.6946421909);
INSERT INTO reading_data (reading_id, bin_id, bin_section_id, sensor_type_id, value) VALUES (60, 22, 13, 11, 108.291508711);
INSERT INTO reading_data (reading_id, bin_id, bin_section_id, sensor_type_id, value) VALUES (60, 22, 13, 12, 109.883911395);
INSERT INTO reading_data (reading_id, bin_id, bin_section_id, sensor_type_id, value) VALUES (60, 22, 13, 13, 1);
INSERT INTO reading_data (reading_id, bin_id, bin_section_id, sensor_type_id, value) VALUES (60, 22, 14, 10, 98.0529647628);
INSERT INTO reading_data (reading_id, bin_id, bin_section_id, sensor_type_id, value) VALUES (60, 22, 14, 11, 93.4353229159);
INSERT INTO reading_data (reading_id, bin_id, bin_section_id, sensor_type_id, value) VALUES (60, 23, 13, 10, 105.095391096);
INSERT INTO reading_data (reading_id, bin_id, bin_section_id, sensor_type_id, value) VALUES (60, 23, 13, 11, 117.132960386);
INSERT INTO reading_data (reading_id, bin_id, bin_section_id, sensor_type_id, value) VALUES (60, 23, 13, 12, 127.117259209);
INSERT INTO reading_data (reading_id, bin_id, bin_section_id, sensor_type_id, value) VALUES (60, 23, 13, 13, 1);
INSERT INTO reading_data (reading_id, bin_id, bin_section_id, sensor_type_id, value) VALUES (60, 23, 14, 10, 80.2767135373);
INSERT INTO reading_data (reading_id, bin_id, bin_section_id, sensor_type_id, value) VALUES (60, 23, 14, 11, 87.4882714067);
INSERT INTO reading_data (reading_id, bin_id, bin_section_id, sensor_type_id, value) VALUES (60, 24, 13, 10, 119.836597897);
INSERT INTO reading_data (reading_id, bin_id, bin_section_id, sensor_type_id, value) VALUES (60, 24, 13, 11, 82.6291966989);
INSERT INTO reading_data (reading_id, bin_id, bin_section_id, sensor_type_id, value) VALUES (60, 24, 13, 12, 92.4691760256);
INSERT INTO reading_data (reading_id, bin_id, bin_section_id, sensor_type_id, value) VALUES (60, 24, 13, 13, 1);
INSERT INTO reading_data (reading_id, bin_id, bin_section_id, sensor_type_id, value) VALUES (60, 24, 14, 10, 104.43233956);
INSERT INTO reading_data (reading_id, bin_id, bin_section_id, sensor_type_id, value) VALUES (60, 24, 14, 11, 108.691372618);
INSERT INTO reading_data (reading_id, bin_id, bin_section_id, sensor_type_id, value) VALUES (60, 25, 13, 10, 111.690175392);
INSERT INTO reading_data (reading_id, bin_id, bin_section_id, sensor_type_id, value) VALUES (60, 25, 13, 11, 121.629829213);
INSERT INTO reading_data (reading_id, bin_id, bin_section_id, sensor_type_id, value) VALUES (60, 25, 13, 12, 119.277232952);
INSERT INTO reading_data (reading_id, bin_id, bin_section_id, sensor_type_id, value) VALUES (60, 25, 13, 13, 0);
INSERT INTO reading_data (reading_id, bin_id, bin_section_id, sensor_type_id, value) VALUES (60, 25, 14, 10, 97.3571321383);
INSERT INTO reading_data (reading_id, bin_id, bin_section_id, sensor_type_id, value) VALUES (60, 25, 14, 11, 90.4863282405);
INSERT INTO reading (id, datetime) VALUES (61, TIMESTAMP '2012-08-19 17:44:45');
INSERT INTO reading_data (reading_id, bin_id, bin_section_id, sensor_type_id, value) VALUES (61, 10, 10, 50, 108.406359557);
INSERT INTO reading_data (reading_id, bin_id, bin_section_id, sensor_type_id, value) VALUES (61, 10, 10, 51, 86.9709078003);
INSERT INTO reading_data (reading_id, bin_id, bin_section_id, sensor_type_id, value) VALUES (61, 10, 10, 40, 91.5299523458);
INSERT INTO reading_data (reading_id, bin_id, bin_section_id, sensor_type_id, value) VALUES (61, 19, 10, 50, 106.159051508);
INSERT INTO reading_data (reading_id, bin_id, bin_section_id, sensor_type_id, value) VALUES (61, 19, 10, 51, 122.203062076);
INSERT INTO reading_data (reading_id, bin_id, bin_section_id, sensor_type_id, value) VALUES (61, 19, 10, 40, 89.3907954545);
INSERT INTO reading_data (reading_id, bin_id, bin_section_id, sensor_type_id, value) VALUES (61, 11, 11, 20, 85.654728285);
INSERT INTO reading_data (reading_id, bin_id, bin_section_id, sensor_type_id, value) VALUES (61, 11, 11, 21, 88.9190959802);
INSERT INTO reading_data (reading_id, bin_id, bin_section_id, sensor_type_id, value) VALUES (61, 11, 11, 10, 114.820198707);
INSERT INTO reading_data (reading_id, bin_id, bin_section_id, sensor_type_id, value) VALUES (61, 11, 11, 11, 110.878067123);
INSERT INTO reading_data (reading_id, bin_id, bin_section_id, sensor_type_id, value) VALUES (61, 21, 11, 20, 128.292804045);
INSERT INTO reading_data (reading_id, bin_id, bin_section_id, sensor_type_id, value) VALUES (61, 21, 11, 21, 86.8893950701);
INSERT INTO reading_data (reading_id, bin_id, bin_section_id, sensor_type_id, value) VALUES (61, 21, 11, 10, 85.7646556688);
INSERT INTO reading_data (reading_id, bin_id, bin_section_id, sensor_type_id, value) VALUES (61, 21, 11, 11, 113.852022481);
INSERT INTO reading_data (reading_id, bin_id, bin_section_id, sensor_type_id, value) VALUES (61, 9, 14, 10, 100.384110016);
INSERT INTO reading_data (reading_id, bin_id, bin_section_id, sensor_type_id, value) VALUES (61, 9, 14, 11, 127.700575272);
INSERT INTO reading_data (reading_id, bin_id, bin_section_id, sensor_type_id, value) VALUES (61, 12, 13, 10, 109.407108753);
INSERT INTO reading_data (reading_id, bin_id, bin_section_id, sensor_type_id, value) VALUES (61, 12, 13, 11, 105.867215299);
INSERT INTO reading_data (reading_id, bin_id, bin_section_id, sensor_type_id, value) VALUES (61, 12, 13, 12, 107.085268462);
INSERT INTO reading_data (reading_id, bin_id, bin_section_id, sensor_type_id, value) VALUES (61, 12, 13, 13, 1);
INSERT INTO reading_data (reading_id, bin_id, bin_section_id, sensor_type_id, value) VALUES (61, 12, 14, 10, 104.039274887);
INSERT INTO reading_data (reading_id, bin_id, bin_section_id, sensor_type_id, value) VALUES (61, 12, 14, 11, 119.511318387);
INSERT INTO reading_data (reading_id, bin_id, bin_section_id, sensor_type_id, value) VALUES (61, 13, 13, 10, 99.1208819135);
INSERT INTO reading_data (reading_id, bin_id, bin_section_id, sensor_type_id, value) VALUES (61, 13, 13, 11, 81.9109869763);
INSERT INTO reading_data (reading_id, bin_id, bin_section_id, sensor_type_id, value) VALUES (61, 13, 13, 12, 106.534153492);
INSERT INTO reading_data (reading_id, bin_id, bin_section_id, sensor_type_id, value) VALUES (61, 13, 13, 13, 0);
INSERT INTO reading_data (reading_id, bin_id, bin_section_id, sensor_type_id, value) VALUES (61, 13, 14, 10, 94.9448401544);
INSERT INTO reading_data (reading_id, bin_id, bin_section_id, sensor_type_id, value) VALUES (61, 13, 14, 11, 108.63850703);
INSERT INTO reading_data (reading_id, bin_id, bin_section_id, sensor_type_id, value) VALUES (61, 14, 13, 10, 88.228749383);
INSERT INTO reading_data (reading_id, bin_id, bin_section_id, sensor_type_id, value) VALUES (61, 14, 13, 11, 119.826728682);
INSERT INTO reading_data (reading_id, bin_id, bin_section_id, sensor_type_id, value) VALUES (61, 14, 13, 12, 110.553564697);
INSERT INTO reading_data (reading_id, bin_id, bin_section_id, sensor_type_id, value) VALUES (61, 14, 13, 13, 0);
INSERT INTO reading_data (reading_id, bin_id, bin_section_id, sensor_type_id, value) VALUES (61, 14, 14, 10, 100.376734261);
INSERT INTO reading_data (reading_id, bin_id, bin_section_id, sensor_type_id, value) VALUES (61, 14, 14, 11, 82.8507977009);
INSERT INTO reading_data (reading_id, bin_id, bin_section_id, sensor_type_id, value) VALUES (61, 15, 13, 10, 88.4017050762);
INSERT INTO reading_data (reading_id, bin_id, bin_section_id, sensor_type_id, value) VALUES (61, 15, 13, 11, 94.769309609);
INSERT INTO reading_data (reading_id, bin_id, bin_section_id, sensor_type_id, value) VALUES (61, 15, 13, 12, 81.9865633556);
INSERT INTO reading_data (reading_id, bin_id, bin_section_id, sensor_type_id, value) VALUES (61, 15, 13, 13, 0);
INSERT INTO reading_data (reading_id, bin_id, bin_section_id, sensor_type_id, value) VALUES (61, 15, 14, 10, 101.820576889);
INSERT INTO reading_data (reading_id, bin_id, bin_section_id, sensor_type_id, value) VALUES (61, 15, 14, 11, 103.606448983);
INSERT INTO reading_data (reading_id, bin_id, bin_section_id, sensor_type_id, value) VALUES (61, 17, 13, 10, 80.8585996379);
INSERT INTO reading_data (reading_id, bin_id, bin_section_id, sensor_type_id, value) VALUES (61, 17, 13, 11, 88.3710107791);
INSERT INTO reading_data (reading_id, bin_id, bin_section_id, sensor_type_id, value) VALUES (61, 17, 13, 12, 94.3871059773);
INSERT INTO reading_data (reading_id, bin_id, bin_section_id, sensor_type_id, value) VALUES (61, 17, 13, 13, 1);
INSERT INTO reading_data (reading_id, bin_id, bin_section_id, sensor_type_id, value) VALUES (61, 17, 14, 10, 89.0721844018);
INSERT INTO reading_data (reading_id, bin_id, bin_section_id, sensor_type_id, value) VALUES (61, 17, 14, 11, 89.8838116317);
INSERT INTO reading_data (reading_id, bin_id, bin_section_id, sensor_type_id, value) VALUES (61, 21, 13, 10, 115.285964849);
INSERT INTO reading_data (reading_id, bin_id, bin_section_id, sensor_type_id, value) VALUES (61, 21, 13, 11, 122.335928072);
INSERT INTO reading_data (reading_id, bin_id, bin_section_id, sensor_type_id, value) VALUES (61, 21, 13, 12, 93.8574480796);
INSERT INTO reading_data (reading_id, bin_id, bin_section_id, sensor_type_id, value) VALUES (61, 21, 13, 13, 1);
INSERT INTO reading_data (reading_id, bin_id, bin_section_id, sensor_type_id, value) VALUES (61, 21, 14, 10, 114.601971006);
INSERT INTO reading_data (reading_id, bin_id, bin_section_id, sensor_type_id, value) VALUES (61, 21, 14, 11, 116.010245565);
INSERT INTO reading_data (reading_id, bin_id, bin_section_id, sensor_type_id, value) VALUES (61, 22, 13, 10, 129.842972463);
INSERT INTO reading_data (reading_id, bin_id, bin_section_id, sensor_type_id, value) VALUES (61, 22, 13, 11, 113.080936264);
INSERT INTO reading_data (reading_id, bin_id, bin_section_id, sensor_type_id, value) VALUES (61, 22, 13, 12, 88.7312544503);
INSERT INTO reading_data (reading_id, bin_id, bin_section_id, sensor_type_id, value) VALUES (61, 22, 13, 13, 1);
INSERT INTO reading_data (reading_id, bin_id, bin_section_id, sensor_type_id, value) VALUES (61, 22, 14, 10, 124.477145488);
INSERT INTO reading_data (reading_id, bin_id, bin_section_id, sensor_type_id, value) VALUES (61, 22, 14, 11, 115.435651046);
INSERT INTO reading_data (reading_id, bin_id, bin_section_id, sensor_type_id, value) VALUES (61, 23, 13, 10, 82.3965983334);
INSERT INTO reading_data (reading_id, bin_id, bin_section_id, sensor_type_id, value) VALUES (61, 23, 13, 11, 97.5131437284);
INSERT INTO reading_data (reading_id, bin_id, bin_section_id, sensor_type_id, value) VALUES (61, 23, 13, 12, 110.958568436);
INSERT INTO reading_data (reading_id, bin_id, bin_section_id, sensor_type_id, value) VALUES (61, 23, 13, 13, 0);
INSERT INTO reading_data (reading_id, bin_id, bin_section_id, sensor_type_id, value) VALUES (61, 23, 14, 10, 117.972968747);
INSERT INTO reading_data (reading_id, bin_id, bin_section_id, sensor_type_id, value) VALUES (61, 23, 14, 11, 80.3341618723);
INSERT INTO reading_data (reading_id, bin_id, bin_section_id, sensor_type_id, value) VALUES (61, 24, 13, 10, 84.2215102844);
INSERT INTO reading_data (reading_id, bin_id, bin_section_id, sensor_type_id, value) VALUES (61, 24, 13, 11, 124.052864492);
INSERT INTO reading_data (reading_id, bin_id, bin_section_id, sensor_type_id, value) VALUES (61, 24, 13, 12, 101.22109169);
INSERT INTO reading_data (reading_id, bin_id, bin_section_id, sensor_type_id, value) VALUES (61, 24, 13, 13, 1);
INSERT INTO reading_data (reading_id, bin_id, bin_section_id, sensor_type_id, value) VALUES (61, 24, 14, 10, 103.029941893);
INSERT INTO reading_data (reading_id, bin_id, bin_section_id, sensor_type_id, value) VALUES (61, 24, 14, 11, 123.62762599);
INSERT INTO reading_data (reading_id, bin_id, bin_section_id, sensor_type_id, value) VALUES (61, 25, 13, 10, 121.85517371);
INSERT INTO reading_data (reading_id, bin_id, bin_section_id, sensor_type_id, value) VALUES (61, 25, 13, 11, 124.913518964);
INSERT INTO reading_data (reading_id, bin_id, bin_section_id, sensor_type_id, value) VALUES (61, 25, 13, 12, 89.3517245417);
INSERT INTO reading_data (reading_id, bin_id, bin_section_id, sensor_type_id, value) VALUES (61, 25, 13, 13, 0);
INSERT INTO reading_data (reading_id, bin_id, bin_section_id, sensor_type_id, value) VALUES (61, 25, 14, 10, 117.514659666);
INSERT INTO reading_data (reading_id, bin_id, bin_section_id, sensor_type_id, value) VALUES (61, 25, 14, 11, 85.011941257);
INSERT INTO reading (id, datetime) VALUES (62, TIMESTAMP '2012-08-19 17:49:45');
INSERT INTO reading_data (reading_id, bin_id, bin_section_id, sensor_type_id, value) VALUES (62, 10, 10, 50, 107.745548258);
INSERT INTO reading_data (reading_id, bin_id, bin_section_id, sensor_type_id, value) VALUES (62, 10, 10, 51, 124.023596161);
INSERT INTO reading_data (reading_id, bin_id, bin_section_id, sensor_type_id, value) VALUES (62, 10, 10, 40, 95.6737368183);
INSERT INTO reading_data (reading_id, bin_id, bin_section_id, sensor_type_id, value) VALUES (62, 19, 10, 50, 117.429484483);
INSERT INTO reading_data (reading_id, bin_id, bin_section_id, sensor_type_id, value) VALUES (62, 19, 10, 51, 100.754229009);
INSERT INTO reading_data (reading_id, bin_id, bin_section_id, sensor_type_id, value) VALUES (62, 19, 10, 40, 102.156018485);
INSERT INTO reading_data (reading_id, bin_id, bin_section_id, sensor_type_id, value) VALUES (62, 11, 11, 20, 102.756613388);
INSERT INTO reading_data (reading_id, bin_id, bin_section_id, sensor_type_id, value) VALUES (62, 11, 11, 21, 97.0439425283);
INSERT INTO reading_data (reading_id, bin_id, bin_section_id, sensor_type_id, value) VALUES (62, 11, 11, 10, 126.370707405);
INSERT INTO reading_data (reading_id, bin_id, bin_section_id, sensor_type_id, value) VALUES (62, 11, 11, 11, 83.2767068576);
INSERT INTO reading_data (reading_id, bin_id, bin_section_id, sensor_type_id, value) VALUES (62, 21, 11, 20, 107.970425631);
INSERT INTO reading_data (reading_id, bin_id, bin_section_id, sensor_type_id, value) VALUES (62, 21, 11, 21, 118.154899856);
INSERT INTO reading_data (reading_id, bin_id, bin_section_id, sensor_type_id, value) VALUES (62, 21, 11, 10, 126.279579558);
INSERT INTO reading_data (reading_id, bin_id, bin_section_id, sensor_type_id, value) VALUES (62, 21, 11, 11, 114.142748524);
INSERT INTO reading_data (reading_id, bin_id, bin_section_id, sensor_type_id, value) VALUES (62, 9, 14, 10, 111.388323683);
INSERT INTO reading_data (reading_id, bin_id, bin_section_id, sensor_type_id, value) VALUES (62, 9, 14, 11, 127.114409313);
INSERT INTO reading_data (reading_id, bin_id, bin_section_id, sensor_type_id, value) VALUES (62, 12, 13, 10, 117.330011126);
INSERT INTO reading_data (reading_id, bin_id, bin_section_id, sensor_type_id, value) VALUES (62, 12, 13, 11, 103.82501319);
INSERT INTO reading_data (reading_id, bin_id, bin_section_id, sensor_type_id, value) VALUES (62, 12, 13, 12, 108.426713307);
INSERT INTO reading_data (reading_id, bin_id, bin_section_id, sensor_type_id, value) VALUES (62, 12, 13, 13, 0);
INSERT INTO reading_data (reading_id, bin_id, bin_section_id, sensor_type_id, value) VALUES (62, 12, 14, 10, 93.5320326406);
INSERT INTO reading_data (reading_id, bin_id, bin_section_id, sensor_type_id, value) VALUES (62, 12, 14, 11, 112.337872634);
INSERT INTO reading_data (reading_id, bin_id, bin_section_id, sensor_type_id, value) VALUES (62, 13, 13, 10, 99.6562558751);
INSERT INTO reading_data (reading_id, bin_id, bin_section_id, sensor_type_id, value) VALUES (62, 13, 13, 11, 111.298904054);
INSERT INTO reading_data (reading_id, bin_id, bin_section_id, sensor_type_id, value) VALUES (62, 13, 13, 12, 101.220355886);
INSERT INTO reading_data (reading_id, bin_id, bin_section_id, sensor_type_id, value) VALUES (62, 13, 13, 13, 1);
INSERT INTO reading_data (reading_id, bin_id, bin_section_id, sensor_type_id, value) VALUES (62, 13, 14, 10, 120.755237356);
INSERT INTO reading_data (reading_id, bin_id, bin_section_id, sensor_type_id, value) VALUES (62, 13, 14, 11, 106.784119579);
INSERT INTO reading_data (reading_id, bin_id, bin_section_id, sensor_type_id, value) VALUES (62, 14, 13, 10, 117.518641069);
INSERT INTO reading_data (reading_id, bin_id, bin_section_id, sensor_type_id, value) VALUES (62, 14, 13, 11, 82.880764637);
INSERT INTO reading_data (reading_id, bin_id, bin_section_id, sensor_type_id, value) VALUES (62, 14, 13, 12, 123.722037092);
INSERT INTO reading_data (reading_id, bin_id, bin_section_id, sensor_type_id, value) VALUES (62, 14, 13, 13, 0);
INSERT INTO reading_data (reading_id, bin_id, bin_section_id, sensor_type_id, value) VALUES (62, 14, 14, 10, 97.9065372493);
INSERT INTO reading_data (reading_id, bin_id, bin_section_id, sensor_type_id, value) VALUES (62, 14, 14, 11, 83.285346717);
INSERT INTO reading_data (reading_id, bin_id, bin_section_id, sensor_type_id, value) VALUES (62, 15, 13, 10, 85.9467854234);
INSERT INTO reading_data (reading_id, bin_id, bin_section_id, sensor_type_id, value) VALUES (62, 15, 13, 11, 125.476414389);
INSERT INTO reading_data (reading_id, bin_id, bin_section_id, sensor_type_id, value) VALUES (62, 15, 13, 12, 110.598401484);
INSERT INTO reading_data (reading_id, bin_id, bin_section_id, sensor_type_id, value) VALUES (62, 15, 13, 13, 1);
INSERT INTO reading_data (reading_id, bin_id, bin_section_id, sensor_type_id, value) VALUES (62, 15, 14, 10, 101.308968158);
INSERT INTO reading_data (reading_id, bin_id, bin_section_id, sensor_type_id, value) VALUES (62, 15, 14, 11, 121.482895315);
INSERT INTO reading_data (reading_id, bin_id, bin_section_id, sensor_type_id, value) VALUES (62, 17, 13, 10, 86.0562181088);
INSERT INTO reading_data (reading_id, bin_id, bin_section_id, sensor_type_id, value) VALUES (62, 17, 13, 11, 102.918095143);
INSERT INTO reading_data (reading_id, bin_id, bin_section_id, sensor_type_id, value) VALUES (62, 17, 13, 12, 88.8244677206);
INSERT INTO reading_data (reading_id, bin_id, bin_section_id, sensor_type_id, value) VALUES (62, 17, 13, 13, 1);
INSERT INTO reading_data (reading_id, bin_id, bin_section_id, sensor_type_id, value) VALUES (62, 17, 14, 10, 123.129511386);
INSERT INTO reading_data (reading_id, bin_id, bin_section_id, sensor_type_id, value) VALUES (62, 17, 14, 11, 116.416176742);
INSERT INTO reading_data (reading_id, bin_id, bin_section_id, sensor_type_id, value) VALUES (62, 21, 13, 10, 83.3086344624);
INSERT INTO reading_data (reading_id, bin_id, bin_section_id, sensor_type_id, value) VALUES (62, 21, 13, 11, 95.9360679335);
INSERT INTO reading_data (reading_id, bin_id, bin_section_id, sensor_type_id, value) VALUES (62, 21, 13, 12, 96.5502465297);
INSERT INTO reading_data (reading_id, bin_id, bin_section_id, sensor_type_id, value) VALUES (62, 21, 13, 13, 1);
INSERT INTO reading_data (reading_id, bin_id, bin_section_id, sensor_type_id, value) VALUES (62, 21, 14, 10, 122.342868822);
INSERT INTO reading_data (reading_id, bin_id, bin_section_id, sensor_type_id, value) VALUES (62, 21, 14, 11, 122.576514113);
INSERT INTO reading_data (reading_id, bin_id, bin_section_id, sensor_type_id, value) VALUES (62, 22, 13, 10, 122.797299391);
INSERT INTO reading_data (reading_id, bin_id, bin_section_id, sensor_type_id, value) VALUES (62, 22, 13, 11, 112.357035553);
INSERT INTO reading_data (reading_id, bin_id, bin_section_id, sensor_type_id, value) VALUES (62, 22, 13, 12, 80.5715215449);
INSERT INTO reading_data (reading_id, bin_id, bin_section_id, sensor_type_id, value) VALUES (62, 22, 13, 13, 1);
INSERT INTO reading_data (reading_id, bin_id, bin_section_id, sensor_type_id, value) VALUES (62, 22, 14, 10, 116.385342365);
INSERT INTO reading_data (reading_id, bin_id, bin_section_id, sensor_type_id, value) VALUES (62, 22, 14, 11, 120.479774165);
INSERT INTO reading_data (reading_id, bin_id, bin_section_id, sensor_type_id, value) VALUES (62, 23, 13, 10, 109.748032934);
INSERT INTO reading_data (reading_id, bin_id, bin_section_id, sensor_type_id, value) VALUES (62, 23, 13, 11, 126.025195913);
INSERT INTO reading_data (reading_id, bin_id, bin_section_id, sensor_type_id, value) VALUES (62, 23, 13, 12, 110.511758433);
INSERT INTO reading_data (reading_id, bin_id, bin_section_id, sensor_type_id, value) VALUES (62, 23, 13, 13, 0);
INSERT INTO reading_data (reading_id, bin_id, bin_section_id, sensor_type_id, value) VALUES (62, 23, 14, 10, 103.034218875);
INSERT INTO reading_data (reading_id, bin_id, bin_section_id, sensor_type_id, value) VALUES (62, 23, 14, 11, 103.03405683);
INSERT INTO reading_data (reading_id, bin_id, bin_section_id, sensor_type_id, value) VALUES (62, 24, 13, 10, 83.6186644788);
INSERT INTO reading_data (reading_id, bin_id, bin_section_id, sensor_type_id, value) VALUES (62, 24, 13, 11, 106.674625839);
INSERT INTO reading_data (reading_id, bin_id, bin_section_id, sensor_type_id, value) VALUES (62, 24, 13, 12, 119.777533735);
INSERT INTO reading_data (reading_id, bin_id, bin_section_id, sensor_type_id, value) VALUES (62, 24, 13, 13, 0);
INSERT INTO reading_data (reading_id, bin_id, bin_section_id, sensor_type_id, value) VALUES (62, 24, 14, 10, 115.106146777);
INSERT INTO reading_data (reading_id, bin_id, bin_section_id, sensor_type_id, value) VALUES (62, 24, 14, 11, 105.835836317);
INSERT INTO reading_data (reading_id, bin_id, bin_section_id, sensor_type_id, value) VALUES (62, 25, 13, 10, 109.58032597);
INSERT INTO reading_data (reading_id, bin_id, bin_section_id, sensor_type_id, value) VALUES (62, 25, 13, 11, 85.2339251804);
INSERT INTO reading_data (reading_id, bin_id, bin_section_id, sensor_type_id, value) VALUES (62, 25, 13, 12, 127.663952595);
INSERT INTO reading_data (reading_id, bin_id, bin_section_id, sensor_type_id, value) VALUES (62, 25, 13, 13, 0);
INSERT INTO reading_data (reading_id, bin_id, bin_section_id, sensor_type_id, value) VALUES (62, 25, 14, 10, 115.5265284);
INSERT INTO reading_data (reading_id, bin_id, bin_section_id, sensor_type_id, value) VALUES (62, 25, 14, 11, 114.727054309);
INSERT INTO reading (id, datetime) VALUES (63, TIMESTAMP '2012-08-19 17:54:45');
INSERT INTO reading_data (reading_id, bin_id, bin_section_id, sensor_type_id, value) VALUES (63, 10, 10, 50, 81.8033732198);
INSERT INTO reading_data (reading_id, bin_id, bin_section_id, sensor_type_id, value) VALUES (63, 10, 10, 51, 86.1770226709);
INSERT INTO reading_data (reading_id, bin_id, bin_section_id, sensor_type_id, value) VALUES (63, 10, 10, 40, 94.2354816872);
INSERT INTO reading_data (reading_id, bin_id, bin_section_id, sensor_type_id, value) VALUES (63, 19, 10, 50, 83.101639995);
INSERT INTO reading_data (reading_id, bin_id, bin_section_id, sensor_type_id, value) VALUES (63, 19, 10, 51, 82.2930490611);
INSERT INTO reading_data (reading_id, bin_id, bin_section_id, sensor_type_id, value) VALUES (63, 19, 10, 40, 102.747853803);
INSERT INTO reading_data (reading_id, bin_id, bin_section_id, sensor_type_id, value) VALUES (63, 11, 11, 20, 88.1054380987);
INSERT INTO reading_data (reading_id, bin_id, bin_section_id, sensor_type_id, value) VALUES (63, 11, 11, 21, 97.0149242828);
INSERT INTO reading_data (reading_id, bin_id, bin_section_id, sensor_type_id, value) VALUES (63, 11, 11, 10, 92.0987248657);
INSERT INTO reading_data (reading_id, bin_id, bin_section_id, sensor_type_id, value) VALUES (63, 11, 11, 11, 93.2402226294);
INSERT INTO reading_data (reading_id, bin_id, bin_section_id, sensor_type_id, value) VALUES (63, 21, 11, 20, 110.85895675);
INSERT INTO reading_data (reading_id, bin_id, bin_section_id, sensor_type_id, value) VALUES (63, 21, 11, 21, 127.72351879);
INSERT INTO reading_data (reading_id, bin_id, bin_section_id, sensor_type_id, value) VALUES (63, 21, 11, 10, 125.93154823);
INSERT INTO reading_data (reading_id, bin_id, bin_section_id, sensor_type_id, value) VALUES (63, 21, 11, 11, 90.973930171);
INSERT INTO reading_data (reading_id, bin_id, bin_section_id, sensor_type_id, value) VALUES (63, 9, 14, 10, 111.215389919);
INSERT INTO reading_data (reading_id, bin_id, bin_section_id, sensor_type_id, value) VALUES (63, 9, 14, 11, 127.864578073);
INSERT INTO reading_data (reading_id, bin_id, bin_section_id, sensor_type_id, value) VALUES (63, 12, 13, 10, 121.530204607);
INSERT INTO reading_data (reading_id, bin_id, bin_section_id, sensor_type_id, value) VALUES (63, 12, 13, 11, 103.247279245);
INSERT INTO reading_data (reading_id, bin_id, bin_section_id, sensor_type_id, value) VALUES (63, 12, 13, 12, 111.762993538);
INSERT INTO reading_data (reading_id, bin_id, bin_section_id, sensor_type_id, value) VALUES (63, 12, 13, 13, 1);
INSERT INTO reading_data (reading_id, bin_id, bin_section_id, sensor_type_id, value) VALUES (63, 12, 14, 10, 103.81521232);
INSERT INTO reading_data (reading_id, bin_id, bin_section_id, sensor_type_id, value) VALUES (63, 12, 14, 11, 118.568271619);
INSERT INTO reading_data (reading_id, bin_id, bin_section_id, sensor_type_id, value) VALUES (63, 13, 13, 10, 87.3840127739);
INSERT INTO reading_data (reading_id, bin_id, bin_section_id, sensor_type_id, value) VALUES (63, 13, 13, 11, 127.537868796);
INSERT INTO reading_data (reading_id, bin_id, bin_section_id, sensor_type_id, value) VALUES (63, 13, 13, 12, 82.2309369467);
INSERT INTO reading_data (reading_id, bin_id, bin_section_id, sensor_type_id, value) VALUES (63, 13, 13, 13, 1);
INSERT INTO reading_data (reading_id, bin_id, bin_section_id, sensor_type_id, value) VALUES (63, 13, 14, 10, 96.187490113);
INSERT INTO reading_data (reading_id, bin_id, bin_section_id, sensor_type_id, value) VALUES (63, 13, 14, 11, 81.8512490595);
INSERT INTO reading_data (reading_id, bin_id, bin_section_id, sensor_type_id, value) VALUES (63, 14, 13, 10, 88.2553122527);
INSERT INTO reading_data (reading_id, bin_id, bin_section_id, sensor_type_id, value) VALUES (63, 14, 13, 11, 107.297671484);
INSERT INTO reading_data (reading_id, bin_id, bin_section_id, sensor_type_id, value) VALUES (63, 14, 13, 12, 104.922635697);
INSERT INTO reading_data (reading_id, bin_id, bin_section_id, sensor_type_id, value) VALUES (63, 14, 13, 13, 0);
INSERT INTO reading_data (reading_id, bin_id, bin_section_id, sensor_type_id, value) VALUES (63, 14, 14, 10, 89.10666572);
INSERT INTO reading_data (reading_id, bin_id, bin_section_id, sensor_type_id, value) VALUES (63, 14, 14, 11, 83.2452575942);
INSERT INTO reading_data (reading_id, bin_id, bin_section_id, sensor_type_id, value) VALUES (63, 15, 13, 10, 94.4825846555);
INSERT INTO reading_data (reading_id, bin_id, bin_section_id, sensor_type_id, value) VALUES (63, 15, 13, 11, 94.8818963334);
INSERT INTO reading_data (reading_id, bin_id, bin_section_id, sensor_type_id, value) VALUES (63, 15, 13, 12, 86.8758233502);
INSERT INTO reading_data (reading_id, bin_id, bin_section_id, sensor_type_id, value) VALUES (63, 15, 13, 13, 0);
INSERT INTO reading_data (reading_id, bin_id, bin_section_id, sensor_type_id, value) VALUES (63, 15, 14, 10, 117.403896174);
INSERT INTO reading_data (reading_id, bin_id, bin_section_id, sensor_type_id, value) VALUES (63, 15, 14, 11, 98.7398174377);
INSERT INTO reading_data (reading_id, bin_id, bin_section_id, sensor_type_id, value) VALUES (63, 17, 13, 10, 120.85401433);
INSERT INTO reading_data (reading_id, bin_id, bin_section_id, sensor_type_id, value) VALUES (63, 17, 13, 11, 105.210843341);
INSERT INTO reading_data (reading_id, bin_id, bin_section_id, sensor_type_id, value) VALUES (63, 17, 13, 12, 126.351204945);
INSERT INTO reading_data (reading_id, bin_id, bin_section_id, sensor_type_id, value) VALUES (63, 17, 13, 13, 1);
INSERT INTO reading_data (reading_id, bin_id, bin_section_id, sensor_type_id, value) VALUES (63, 17, 14, 10, 124.192485774);
INSERT INTO reading_data (reading_id, bin_id, bin_section_id, sensor_type_id, value) VALUES (63, 17, 14, 11, 80.047570802);
INSERT INTO reading_data (reading_id, bin_id, bin_section_id, sensor_type_id, value) VALUES (63, 21, 13, 10, 122.828318626);
INSERT INTO reading_data (reading_id, bin_id, bin_section_id, sensor_type_id, value) VALUES (63, 21, 13, 11, 122.864158284);
INSERT INTO reading_data (reading_id, bin_id, bin_section_id, sensor_type_id, value) VALUES (63, 21, 13, 12, 87.7767858714);
INSERT INTO reading_data (reading_id, bin_id, bin_section_id, sensor_type_id, value) VALUES (63, 21, 13, 13, 0);
INSERT INTO reading_data (reading_id, bin_id, bin_section_id, sensor_type_id, value) VALUES (63, 21, 14, 10, 80.3194485717);
INSERT INTO reading_data (reading_id, bin_id, bin_section_id, sensor_type_id, value) VALUES (63, 21, 14, 11, 111.838880801);
INSERT INTO reading_data (reading_id, bin_id, bin_section_id, sensor_type_id, value) VALUES (63, 22, 13, 10, 86.8033335475);
INSERT INTO reading_data (reading_id, bin_id, bin_section_id, sensor_type_id, value) VALUES (63, 22, 13, 11, 115.613443021);
INSERT INTO reading_data (reading_id, bin_id, bin_section_id, sensor_type_id, value) VALUES (63, 22, 13, 12, 108.792542677);
INSERT INTO reading_data (reading_id, bin_id, bin_section_id, sensor_type_id, value) VALUES (63, 22, 13, 13, 0);
INSERT INTO reading_data (reading_id, bin_id, bin_section_id, sensor_type_id, value) VALUES (63, 22, 14, 10, 127.768679278);
INSERT INTO reading_data (reading_id, bin_id, bin_section_id, sensor_type_id, value) VALUES (63, 22, 14, 11, 88.1104265567);
INSERT INTO reading_data (reading_id, bin_id, bin_section_id, sensor_type_id, value) VALUES (63, 23, 13, 10, 86.6483686548);
INSERT INTO reading_data (reading_id, bin_id, bin_section_id, sensor_type_id, value) VALUES (63, 23, 13, 11, 97.6651801959);
INSERT INTO reading_data (reading_id, bin_id, bin_section_id, sensor_type_id, value) VALUES (63, 23, 13, 12, 94.1100255608);
INSERT INTO reading_data (reading_id, bin_id, bin_section_id, sensor_type_id, value) VALUES (63, 23, 13, 13, 0);
INSERT INTO reading_data (reading_id, bin_id, bin_section_id, sensor_type_id, value) VALUES (63, 23, 14, 10, 107.932597453);
INSERT INTO reading_data (reading_id, bin_id, bin_section_id, sensor_type_id, value) VALUES (63, 23, 14, 11, 86.0284032422);
INSERT INTO reading_data (reading_id, bin_id, bin_section_id, sensor_type_id, value) VALUES (63, 24, 13, 10, 126.172968126);
INSERT INTO reading_data (reading_id, bin_id, bin_section_id, sensor_type_id, value) VALUES (63, 24, 13, 11, 121.145809998);
INSERT INTO reading_data (reading_id, bin_id, bin_section_id, sensor_type_id, value) VALUES (63, 24, 13, 12, 96.1887235283);
INSERT INTO reading_data (reading_id, bin_id, bin_section_id, sensor_type_id, value) VALUES (63, 24, 13, 13, 0);
INSERT INTO reading_data (reading_id, bin_id, bin_section_id, sensor_type_id, value) VALUES (63, 24, 14, 10, 110.937934421);
INSERT INTO reading_data (reading_id, bin_id, bin_section_id, sensor_type_id, value) VALUES (63, 24, 14, 11, 111.418351267);
INSERT INTO reading_data (reading_id, bin_id, bin_section_id, sensor_type_id, value) VALUES (63, 25, 13, 10, 88.4117846398);
INSERT INTO reading_data (reading_id, bin_id, bin_section_id, sensor_type_id, value) VALUES (63, 25, 13, 11, 129.394953473);
INSERT INTO reading_data (reading_id, bin_id, bin_section_id, sensor_type_id, value) VALUES (63, 25, 13, 12, 115.922326798);
INSERT INTO reading_data (reading_id, bin_id, bin_section_id, sensor_type_id, value) VALUES (63, 25, 13, 13, 1);
INSERT INTO reading_data (reading_id, bin_id, bin_section_id, sensor_type_id, value) VALUES (63, 25, 14, 10, 129.905846706);
INSERT INTO reading_data (reading_id, bin_id, bin_section_id, sensor_type_id, value) VALUES (63, 25, 14, 11, 116.603835031);
INSERT INTO reading (id, datetime) VALUES (64, TIMESTAMP '2012-08-19 17:59:45');
INSERT INTO reading_data (reading_id, bin_id, bin_section_id, sensor_type_id, value) VALUES (64, 10, 10, 50, 106.437084554);
INSERT INTO reading_data (reading_id, bin_id, bin_section_id, sensor_type_id, value) VALUES (64, 10, 10, 51, 102.207392369);
INSERT INTO reading_data (reading_id, bin_id, bin_section_id, sensor_type_id, value) VALUES (64, 10, 10, 40, 115.390181785);
INSERT INTO reading_data (reading_id, bin_id, bin_section_id, sensor_type_id, value) VALUES (64, 19, 10, 50, 97.1702436263);
INSERT INTO reading_data (reading_id, bin_id, bin_section_id, sensor_type_id, value) VALUES (64, 19, 10, 51, 99.2702170879);
INSERT INTO reading_data (reading_id, bin_id, bin_section_id, sensor_type_id, value) VALUES (64, 19, 10, 40, 119.514169801);
INSERT INTO reading_data (reading_id, bin_id, bin_section_id, sensor_type_id, value) VALUES (64, 11, 11, 20, 113.567100502);
INSERT INTO reading_data (reading_id, bin_id, bin_section_id, sensor_type_id, value) VALUES (64, 11, 11, 21, 127.440392537);
INSERT INTO reading_data (reading_id, bin_id, bin_section_id, sensor_type_id, value) VALUES (64, 11, 11, 10, 113.063083726);
INSERT INTO reading_data (reading_id, bin_id, bin_section_id, sensor_type_id, value) VALUES (64, 11, 11, 11, 110.147085215);
INSERT INTO reading_data (reading_id, bin_id, bin_section_id, sensor_type_id, value) VALUES (64, 21, 11, 20, 105.2435077);
INSERT INTO reading_data (reading_id, bin_id, bin_section_id, sensor_type_id, value) VALUES (64, 21, 11, 21, 93.2282953089);
INSERT INTO reading_data (reading_id, bin_id, bin_section_id, sensor_type_id, value) VALUES (64, 21, 11, 10, 115.184513165);
INSERT INTO reading_data (reading_id, bin_id, bin_section_id, sensor_type_id, value) VALUES (64, 21, 11, 11, 91.6550708434);
INSERT INTO reading_data (reading_id, bin_id, bin_section_id, sensor_type_id, value) VALUES (64, 9, 14, 10, 114.342733902);
INSERT INTO reading_data (reading_id, bin_id, bin_section_id, sensor_type_id, value) VALUES (64, 9, 14, 11, 128.027815933);
INSERT INTO reading_data (reading_id, bin_id, bin_section_id, sensor_type_id, value) VALUES (64, 12, 13, 10, 99.1251643398);
INSERT INTO reading_data (reading_id, bin_id, bin_section_id, sensor_type_id, value) VALUES (64, 12, 13, 11, 99.5872988302);
INSERT INTO reading_data (reading_id, bin_id, bin_section_id, sensor_type_id, value) VALUES (64, 12, 13, 12, 106.458525162);
INSERT INTO reading_data (reading_id, bin_id, bin_section_id, sensor_type_id, value) VALUES (64, 12, 13, 13, 1);
INSERT INTO reading_data (reading_id, bin_id, bin_section_id, sensor_type_id, value) VALUES (64, 12, 14, 10, 90.4488427582);
INSERT INTO reading_data (reading_id, bin_id, bin_section_id, sensor_type_id, value) VALUES (64, 12, 14, 11, 94.5688571978);
INSERT INTO reading_data (reading_id, bin_id, bin_section_id, sensor_type_id, value) VALUES (64, 13, 13, 10, 107.83055558);
INSERT INTO reading_data (reading_id, bin_id, bin_section_id, sensor_type_id, value) VALUES (64, 13, 13, 11, 111.275798036);
INSERT INTO reading_data (reading_id, bin_id, bin_section_id, sensor_type_id, value) VALUES (64, 13, 13, 12, 98.6162808791);
INSERT INTO reading_data (reading_id, bin_id, bin_section_id, sensor_type_id, value) VALUES (64, 13, 13, 13, 0);
INSERT INTO reading_data (reading_id, bin_id, bin_section_id, sensor_type_id, value) VALUES (64, 13, 14, 10, 115.232818024);
INSERT INTO reading_data (reading_id, bin_id, bin_section_id, sensor_type_id, value) VALUES (64, 13, 14, 11, 94.1038298261);
INSERT INTO reading_data (reading_id, bin_id, bin_section_id, sensor_type_id, value) VALUES (64, 14, 13, 10, 111.815795648);
INSERT INTO reading_data (reading_id, bin_id, bin_section_id, sensor_type_id, value) VALUES (64, 14, 13, 11, 126.643929584);
INSERT INTO reading_data (reading_id, bin_id, bin_section_id, sensor_type_id, value) VALUES (64, 14, 13, 12, 116.007000634);
INSERT INTO reading_data (reading_id, bin_id, bin_section_id, sensor_type_id, value) VALUES (64, 14, 13, 13, 0);
INSERT INTO reading_data (reading_id, bin_id, bin_section_id, sensor_type_id, value) VALUES (64, 14, 14, 10, 115.948038498);
INSERT INTO reading_data (reading_id, bin_id, bin_section_id, sensor_type_id, value) VALUES (64, 14, 14, 11, 86.9734135162);
INSERT INTO reading_data (reading_id, bin_id, bin_section_id, sensor_type_id, value) VALUES (64, 15, 13, 10, 112.903538483);
INSERT INTO reading_data (reading_id, bin_id, bin_section_id, sensor_type_id, value) VALUES (64, 15, 13, 11, 104.369058424);
INSERT INTO reading_data (reading_id, bin_id, bin_section_id, sensor_type_id, value) VALUES (64, 15, 13, 12, 93.3094148725);
INSERT INTO reading_data (reading_id, bin_id, bin_section_id, sensor_type_id, value) VALUES (64, 15, 13, 13, 1);
INSERT INTO reading_data (reading_id, bin_id, bin_section_id, sensor_type_id, value) VALUES (64, 15, 14, 10, 84.3387205269);
INSERT INTO reading_data (reading_id, bin_id, bin_section_id, sensor_type_id, value) VALUES (64, 15, 14, 11, 100.558165468);
INSERT INTO reading_data (reading_id, bin_id, bin_section_id, sensor_type_id, value) VALUES (64, 17, 13, 10, 116.161916496);
INSERT INTO reading_data (reading_id, bin_id, bin_section_id, sensor_type_id, value) VALUES (64, 17, 13, 11, 93.2291064432);
INSERT INTO reading_data (reading_id, bin_id, bin_section_id, sensor_type_id, value) VALUES (64, 17, 13, 12, 98.4435026691);
INSERT INTO reading_data (reading_id, bin_id, bin_section_id, sensor_type_id, value) VALUES (64, 17, 13, 13, 1);
INSERT INTO reading_data (reading_id, bin_id, bin_section_id, sensor_type_id, value) VALUES (64, 17, 14, 10, 86.2797727822);
INSERT INTO reading_data (reading_id, bin_id, bin_section_id, sensor_type_id, value) VALUES (64, 17, 14, 11, 123.649801205);
INSERT INTO reading_data (reading_id, bin_id, bin_section_id, sensor_type_id, value) VALUES (64, 21, 13, 10, 121.568473659);
INSERT INTO reading_data (reading_id, bin_id, bin_section_id, sensor_type_id, value) VALUES (64, 21, 13, 11, 128.782225607);
INSERT INTO reading_data (reading_id, bin_id, bin_section_id, sensor_type_id, value) VALUES (64, 21, 13, 12, 121.712831524);
INSERT INTO reading_data (reading_id, bin_id, bin_section_id, sensor_type_id, value) VALUES (64, 21, 13, 13, 1);
INSERT INTO reading_data (reading_id, bin_id, bin_section_id, sensor_type_id, value) VALUES (64, 21, 14, 10, 109.587279968);
INSERT INTO reading_data (reading_id, bin_id, bin_section_id, sensor_type_id, value) VALUES (64, 21, 14, 11, 122.929941392);
INSERT INTO reading_data (reading_id, bin_id, bin_section_id, sensor_type_id, value) VALUES (64, 22, 13, 10, 124.58229976);
INSERT INTO reading_data (reading_id, bin_id, bin_section_id, sensor_type_id, value) VALUES (64, 22, 13, 11, 99.3876479164);
INSERT INTO reading_data (reading_id, bin_id, bin_section_id, sensor_type_id, value) VALUES (64, 22, 13, 12, 113.417089993);
INSERT INTO reading_data (reading_id, bin_id, bin_section_id, sensor_type_id, value) VALUES (64, 22, 13, 13, 1);
INSERT INTO reading_data (reading_id, bin_id, bin_section_id, sensor_type_id, value) VALUES (64, 22, 14, 10, 106.344630205);
INSERT INTO reading_data (reading_id, bin_id, bin_section_id, sensor_type_id, value) VALUES (64, 22, 14, 11, 85.8221793332);
INSERT INTO reading_data (reading_id, bin_id, bin_section_id, sensor_type_id, value) VALUES (64, 23, 13, 10, 117.81212215);
INSERT INTO reading_data (reading_id, bin_id, bin_section_id, sensor_type_id, value) VALUES (64, 23, 13, 11, 103.275367109);
INSERT INTO reading_data (reading_id, bin_id, bin_section_id, sensor_type_id, value) VALUES (64, 23, 13, 12, 82.3007637043);
INSERT INTO reading_data (reading_id, bin_id, bin_section_id, sensor_type_id, value) VALUES (64, 23, 13, 13, 1);
INSERT INTO reading_data (reading_id, bin_id, bin_section_id, sensor_type_id, value) VALUES (64, 23, 14, 10, 106.77971305);
INSERT INTO reading_data (reading_id, bin_id, bin_section_id, sensor_type_id, value) VALUES (64, 23, 14, 11, 84.5096415709);
INSERT INTO reading_data (reading_id, bin_id, bin_section_id, sensor_type_id, value) VALUES (64, 24, 13, 10, 87.3594454545);
INSERT INTO reading_data (reading_id, bin_id, bin_section_id, sensor_type_id, value) VALUES (64, 24, 13, 11, 103.919241519);
INSERT INTO reading_data (reading_id, bin_id, bin_section_id, sensor_type_id, value) VALUES (64, 24, 13, 12, 104.459485973);
INSERT INTO reading_data (reading_id, bin_id, bin_section_id, sensor_type_id, value) VALUES (64, 24, 13, 13, 1);
INSERT INTO reading_data (reading_id, bin_id, bin_section_id, sensor_type_id, value) VALUES (64, 24, 14, 10, 119.677836148);
INSERT INTO reading_data (reading_id, bin_id, bin_section_id, sensor_type_id, value) VALUES (64, 24, 14, 11, 127.608800872);
INSERT INTO reading_data (reading_id, bin_id, bin_section_id, sensor_type_id, value) VALUES (64, 25, 13, 10, 116.186186321);
INSERT INTO reading_data (reading_id, bin_id, bin_section_id, sensor_type_id, value) VALUES (64, 25, 13, 11, 106.721201593);
INSERT INTO reading_data (reading_id, bin_id, bin_section_id, sensor_type_id, value) VALUES (64, 25, 13, 12, 87.3841989122);
INSERT INTO reading_data (reading_id, bin_id, bin_section_id, sensor_type_id, value) VALUES (64, 25, 13, 13, 0);
INSERT INTO reading_data (reading_id, bin_id, bin_section_id, sensor_type_id, value) VALUES (64, 25, 14, 10, 100.634051296);
INSERT INTO reading_data (reading_id, bin_id, bin_section_id, sensor_type_id, value) VALUES (64, 25, 14, 11, 94.1478251012);
INSERT INTO reading (id, datetime) VALUES (65, TIMESTAMP '2012-08-19 18:04:45');
INSERT INTO reading_data (reading_id, bin_id, bin_section_id, sensor_type_id, value) VALUES (65, 10, 10, 50, 86.3308357905);
INSERT INTO reading_data (reading_id, bin_id, bin_section_id, sensor_type_id, value) VALUES (65, 10, 10, 51, 88.8100917224);
INSERT INTO reading_data (reading_id, bin_id, bin_section_id, sensor_type_id, value) VALUES (65, 10, 10, 40, 89.32293689);
INSERT INTO reading_data (reading_id, bin_id, bin_section_id, sensor_type_id, value) VALUES (65, 19, 10, 50, 112.826971506);
INSERT INTO reading_data (reading_id, bin_id, bin_section_id, sensor_type_id, value) VALUES (65, 19, 10, 51, 111.204411586);
INSERT INTO reading_data (reading_id, bin_id, bin_section_id, sensor_type_id, value) VALUES (65, 19, 10, 40, 126.733047036);
INSERT INTO reading_data (reading_id, bin_id, bin_section_id, sensor_type_id, value) VALUES (65, 11, 11, 20, 118.526925084);
INSERT INTO reading_data (reading_id, bin_id, bin_section_id, sensor_type_id, value) VALUES (65, 11, 11, 21, 95.6120578735);
INSERT INTO reading_data (reading_id, bin_id, bin_section_id, sensor_type_id, value) VALUES (65, 11, 11, 10, 97.1441336568);
INSERT INTO reading_data (reading_id, bin_id, bin_section_id, sensor_type_id, value) VALUES (65, 11, 11, 11, 107.170819272);
INSERT INTO reading_data (reading_id, bin_id, bin_section_id, sensor_type_id, value) VALUES (65, 21, 11, 20, 127.313535572);
INSERT INTO reading_data (reading_id, bin_id, bin_section_id, sensor_type_id, value) VALUES (65, 21, 11, 21, 105.900804721);
INSERT INTO reading_data (reading_id, bin_id, bin_section_id, sensor_type_id, value) VALUES (65, 21, 11, 10, 103.649548202);
INSERT INTO reading_data (reading_id, bin_id, bin_section_id, sensor_type_id, value) VALUES (65, 21, 11, 11, 112.21772703);
INSERT INTO reading_data (reading_id, bin_id, bin_section_id, sensor_type_id, value) VALUES (65, 9, 14, 10, 84.2721182755);
INSERT INTO reading_data (reading_id, bin_id, bin_section_id, sensor_type_id, value) VALUES (65, 9, 14, 11, 84.9928711802);
INSERT INTO reading_data (reading_id, bin_id, bin_section_id, sensor_type_id, value) VALUES (65, 12, 13, 10, 93.7254223663);
INSERT INTO reading_data (reading_id, bin_id, bin_section_id, sensor_type_id, value) VALUES (65, 12, 13, 11, 100.364956275);
INSERT INTO reading_data (reading_id, bin_id, bin_section_id, sensor_type_id, value) VALUES (65, 12, 13, 12, 87.2369053509);
INSERT INTO reading_data (reading_id, bin_id, bin_section_id, sensor_type_id, value) VALUES (65, 12, 13, 13, 1);
INSERT INTO reading_data (reading_id, bin_id, bin_section_id, sensor_type_id, value) VALUES (65, 12, 14, 10, 121.226786106);
INSERT INTO reading_data (reading_id, bin_id, bin_section_id, sensor_type_id, value) VALUES (65, 12, 14, 11, 127.482920513);
INSERT INTO reading_data (reading_id, bin_id, bin_section_id, sensor_type_id, value) VALUES (65, 13, 13, 10, 96.0387581266);
INSERT INTO reading_data (reading_id, bin_id, bin_section_id, sensor_type_id, value) VALUES (65, 13, 13, 11, 103.090658837);
INSERT INTO reading_data (reading_id, bin_id, bin_section_id, sensor_type_id, value) VALUES (65, 13, 13, 12, 109.975295051);
INSERT INTO reading_data (reading_id, bin_id, bin_section_id, sensor_type_id, value) VALUES (65, 13, 13, 13, 0);
INSERT INTO reading_data (reading_id, bin_id, bin_section_id, sensor_type_id, value) VALUES (65, 13, 14, 10, 83.1132920268);
INSERT INTO reading_data (reading_id, bin_id, bin_section_id, sensor_type_id, value) VALUES (65, 13, 14, 11, 91.5850992969);
INSERT INTO reading_data (reading_id, bin_id, bin_section_id, sensor_type_id, value) VALUES (65, 14, 13, 10, 123.391919651);
INSERT INTO reading_data (reading_id, bin_id, bin_section_id, sensor_type_id, value) VALUES (65, 14, 13, 11, 125.590115303);
INSERT INTO reading_data (reading_id, bin_id, bin_section_id, sensor_type_id, value) VALUES (65, 14, 13, 12, 89.56819866);
INSERT INTO reading_data (reading_id, bin_id, bin_section_id, sensor_type_id, value) VALUES (65, 14, 13, 13, 1);
INSERT INTO reading_data (reading_id, bin_id, bin_section_id, sensor_type_id, value) VALUES (65, 14, 14, 10, 81.9563792513);
INSERT INTO reading_data (reading_id, bin_id, bin_section_id, sensor_type_id, value) VALUES (65, 14, 14, 11, 91.7634653853);
INSERT INTO reading_data (reading_id, bin_id, bin_section_id, sensor_type_id, value) VALUES (65, 15, 13, 10, 80.5097013569);
INSERT INTO reading_data (reading_id, bin_id, bin_section_id, sensor_type_id, value) VALUES (65, 15, 13, 11, 89.01394086);
INSERT INTO reading_data (reading_id, bin_id, bin_section_id, sensor_type_id, value) VALUES (65, 15, 13, 12, 90.1934045635);
INSERT INTO reading_data (reading_id, bin_id, bin_section_id, sensor_type_id, value) VALUES (65, 15, 13, 13, 0);
INSERT INTO reading_data (reading_id, bin_id, bin_section_id, sensor_type_id, value) VALUES (65, 15, 14, 10, 104.800057014);
INSERT INTO reading_data (reading_id, bin_id, bin_section_id, sensor_type_id, value) VALUES (65, 15, 14, 11, 80.5179850197);
INSERT INTO reading_data (reading_id, bin_id, bin_section_id, sensor_type_id, value) VALUES (65, 17, 13, 10, 103.517544572);
INSERT INTO reading_data (reading_id, bin_id, bin_section_id, sensor_type_id, value) VALUES (65, 17, 13, 11, 94.0382976044);
INSERT INTO reading_data (reading_id, bin_id, bin_section_id, sensor_type_id, value) VALUES (65, 17, 13, 12, 126.781395342);
INSERT INTO reading_data (reading_id, bin_id, bin_section_id, sensor_type_id, value) VALUES (65, 17, 13, 13, 0);
INSERT INTO reading_data (reading_id, bin_id, bin_section_id, sensor_type_id, value) VALUES (65, 17, 14, 10, 83.8828256876);
INSERT INTO reading_data (reading_id, bin_id, bin_section_id, sensor_type_id, value) VALUES (65, 17, 14, 11, 82.4634318433);
INSERT INTO reading_data (reading_id, bin_id, bin_section_id, sensor_type_id, value) VALUES (65, 21, 13, 10, 111.973907886);
INSERT INTO reading_data (reading_id, bin_id, bin_section_id, sensor_type_id, value) VALUES (65, 21, 13, 11, 102.873051861);
INSERT INTO reading_data (reading_id, bin_id, bin_section_id, sensor_type_id, value) VALUES (65, 21, 13, 12, 106.213587841);
INSERT INTO reading_data (reading_id, bin_id, bin_section_id, sensor_type_id, value) VALUES (65, 21, 13, 13, 1);
INSERT INTO reading_data (reading_id, bin_id, bin_section_id, sensor_type_id, value) VALUES (65, 21, 14, 10, 88.017124983);
INSERT INTO reading_data (reading_id, bin_id, bin_section_id, sensor_type_id, value) VALUES (65, 21, 14, 11, 109.289641101);
INSERT INTO reading_data (reading_id, bin_id, bin_section_id, sensor_type_id, value) VALUES (65, 22, 13, 10, 123.862625399);
INSERT INTO reading_data (reading_id, bin_id, bin_section_id, sensor_type_id, value) VALUES (65, 22, 13, 11, 123.839717861);
INSERT INTO reading_data (reading_id, bin_id, bin_section_id, sensor_type_id, value) VALUES (65, 22, 13, 12, 89.5178330059);
INSERT INTO reading_data (reading_id, bin_id, bin_section_id, sensor_type_id, value) VALUES (65, 22, 13, 13, 1);
INSERT INTO reading_data (reading_id, bin_id, bin_section_id, sensor_type_id, value) VALUES (65, 22, 14, 10, 109.504838431);
INSERT INTO reading_data (reading_id, bin_id, bin_section_id, sensor_type_id, value) VALUES (65, 22, 14, 11, 87.8475029471);
INSERT INTO reading_data (reading_id, bin_id, bin_section_id, sensor_type_id, value) VALUES (65, 23, 13, 10, 116.495889335);
INSERT INTO reading_data (reading_id, bin_id, bin_section_id, sensor_type_id, value) VALUES (65, 23, 13, 11, 124.113047793);
INSERT INTO reading_data (reading_id, bin_id, bin_section_id, sensor_type_id, value) VALUES (65, 23, 13, 12, 101.195761964);
INSERT INTO reading_data (reading_id, bin_id, bin_section_id, sensor_type_id, value) VALUES (65, 23, 13, 13, 1);
INSERT INTO reading_data (reading_id, bin_id, bin_section_id, sensor_type_id, value) VALUES (65, 23, 14, 10, 128.112262236);
INSERT INTO reading_data (reading_id, bin_id, bin_section_id, sensor_type_id, value) VALUES (65, 23, 14, 11, 85.3732040901);
INSERT INTO reading_data (reading_id, bin_id, bin_section_id, sensor_type_id, value) VALUES (65, 24, 13, 10, 91.8921235291);
INSERT INTO reading_data (reading_id, bin_id, bin_section_id, sensor_type_id, value) VALUES (65, 24, 13, 11, 99.5099406445);
INSERT INTO reading_data (reading_id, bin_id, bin_section_id, sensor_type_id, value) VALUES (65, 24, 13, 12, 110.276630026);
INSERT INTO reading_data (reading_id, bin_id, bin_section_id, sensor_type_id, value) VALUES (65, 24, 13, 13, 1);
INSERT INTO reading_data (reading_id, bin_id, bin_section_id, sensor_type_id, value) VALUES (65, 24, 14, 10, 97.1908272399);
INSERT INTO reading_data (reading_id, bin_id, bin_section_id, sensor_type_id, value) VALUES (65, 24, 14, 11, 110.028274948);
INSERT INTO reading_data (reading_id, bin_id, bin_section_id, sensor_type_id, value) VALUES (65, 25, 13, 10, 94.4622528133);
INSERT INTO reading_data (reading_id, bin_id, bin_section_id, sensor_type_id, value) VALUES (65, 25, 13, 11, 128.678186354);
INSERT INTO reading_data (reading_id, bin_id, bin_section_id, sensor_type_id, value) VALUES (65, 25, 13, 12, 87.8566812528);
INSERT INTO reading_data (reading_id, bin_id, bin_section_id, sensor_type_id, value) VALUES (65, 25, 13, 13, 0);
INSERT INTO reading_data (reading_id, bin_id, bin_section_id, sensor_type_id, value) VALUES (65, 25, 14, 10, 122.457109544);
INSERT INTO reading_data (reading_id, bin_id, bin_section_id, sensor_type_id, value) VALUES (65, 25, 14, 11, 106.261213059);
INSERT INTO reading (id, datetime) VALUES (66, TIMESTAMP '2012-08-19 18:09:45');
INSERT INTO reading_data (reading_id, bin_id, bin_section_id, sensor_type_id, value) VALUES (66, 10, 10, 50, 82.6157855517);
INSERT INTO reading_data (reading_id, bin_id, bin_section_id, sensor_type_id, value) VALUES (66, 10, 10, 51, 108.741108214);
INSERT INTO reading_data (reading_id, bin_id, bin_section_id, sensor_type_id, value) VALUES (66, 10, 10, 40, 121.63337359);
INSERT INTO reading_data (reading_id, bin_id, bin_section_id, sensor_type_id, value) VALUES (66, 19, 10, 50, 123.044735963);
INSERT INTO reading_data (reading_id, bin_id, bin_section_id, sensor_type_id, value) VALUES (66, 19, 10, 51, 89.101332091);
INSERT INTO reading_data (reading_id, bin_id, bin_section_id, sensor_type_id, value) VALUES (66, 19, 10, 40, 109.021093288);
INSERT INTO reading_data (reading_id, bin_id, bin_section_id, sensor_type_id, value) VALUES (66, 11, 11, 20, 96.9450217832);
INSERT INTO reading_data (reading_id, bin_id, bin_section_id, sensor_type_id, value) VALUES (66, 11, 11, 21, 101.961733327);
INSERT INTO reading_data (reading_id, bin_id, bin_section_id, sensor_type_id, value) VALUES (66, 11, 11, 10, 116.702039209);
INSERT INTO reading_data (reading_id, bin_id, bin_section_id, sensor_type_id, value) VALUES (66, 11, 11, 11, 93.6929447009);
INSERT INTO reading_data (reading_id, bin_id, bin_section_id, sensor_type_id, value) VALUES (66, 21, 11, 20, 114.102098086);
INSERT INTO reading_data (reading_id, bin_id, bin_section_id, sensor_type_id, value) VALUES (66, 21, 11, 21, 98.4104460505);
INSERT INTO reading_data (reading_id, bin_id, bin_section_id, sensor_type_id, value) VALUES (66, 21, 11, 10, 81.8690720872);
INSERT INTO reading_data (reading_id, bin_id, bin_section_id, sensor_type_id, value) VALUES (66, 21, 11, 11, 120.720689406);
INSERT INTO reading_data (reading_id, bin_id, bin_section_id, sensor_type_id, value) VALUES (66, 9, 14, 10, 126.314883126);
INSERT INTO reading_data (reading_id, bin_id, bin_section_id, sensor_type_id, value) VALUES (66, 9, 14, 11, 85.7644166157);
INSERT INTO reading_data (reading_id, bin_id, bin_section_id, sensor_type_id, value) VALUES (66, 12, 13, 10, 96.0482893761);
INSERT INTO reading_data (reading_id, bin_id, bin_section_id, sensor_type_id, value) VALUES (66, 12, 13, 11, 97.4741593237);
INSERT INTO reading_data (reading_id, bin_id, bin_section_id, sensor_type_id, value) VALUES (66, 12, 13, 12, 112.265507292);
INSERT INTO reading_data (reading_id, bin_id, bin_section_id, sensor_type_id, value) VALUES (66, 12, 13, 13, 1);
INSERT INTO reading_data (reading_id, bin_id, bin_section_id, sensor_type_id, value) VALUES (66, 12, 14, 10, 83.1389552606);
INSERT INTO reading_data (reading_id, bin_id, bin_section_id, sensor_type_id, value) VALUES (66, 12, 14, 11, 116.162231884);
INSERT INTO reading_data (reading_id, bin_id, bin_section_id, sensor_type_id, value) VALUES (66, 13, 13, 10, 93.6302062461);
INSERT INTO reading_data (reading_id, bin_id, bin_section_id, sensor_type_id, value) VALUES (66, 13, 13, 11, 81.1894845636);
INSERT INTO reading_data (reading_id, bin_id, bin_section_id, sensor_type_id, value) VALUES (66, 13, 13, 12, 81.2422149319);
INSERT INTO reading_data (reading_id, bin_id, bin_section_id, sensor_type_id, value) VALUES (66, 13, 13, 13, 0);
INSERT INTO reading_data (reading_id, bin_id, bin_section_id, sensor_type_id, value) VALUES (66, 13, 14, 10, 120.667634447);
INSERT INTO reading_data (reading_id, bin_id, bin_section_id, sensor_type_id, value) VALUES (66, 13, 14, 11, 108.96731831);
INSERT INTO reading_data (reading_id, bin_id, bin_section_id, sensor_type_id, value) VALUES (66, 14, 13, 10, 82.8454093007);
INSERT INTO reading_data (reading_id, bin_id, bin_section_id, sensor_type_id, value) VALUES (66, 14, 13, 11, 92.6748336167);
INSERT INTO reading_data (reading_id, bin_id, bin_section_id, sensor_type_id, value) VALUES (66, 14, 13, 12, 114.057433654);
INSERT INTO reading_data (reading_id, bin_id, bin_section_id, sensor_type_id, value) VALUES (66, 14, 13, 13, 1);
INSERT INTO reading_data (reading_id, bin_id, bin_section_id, sensor_type_id, value) VALUES (66, 14, 14, 10, 126.531054242);
INSERT INTO reading_data (reading_id, bin_id, bin_section_id, sensor_type_id, value) VALUES (66, 14, 14, 11, 98.5264838757);
INSERT INTO reading_data (reading_id, bin_id, bin_section_id, sensor_type_id, value) VALUES (66, 15, 13, 10, 102.862221479);
INSERT INTO reading_data (reading_id, bin_id, bin_section_id, sensor_type_id, value) VALUES (66, 15, 13, 11, 112.791968056);
INSERT INTO reading_data (reading_id, bin_id, bin_section_id, sensor_type_id, value) VALUES (66, 15, 13, 12, 126.22509716);
INSERT INTO reading_data (reading_id, bin_id, bin_section_id, sensor_type_id, value) VALUES (66, 15, 13, 13, 0);
INSERT INTO reading_data (reading_id, bin_id, bin_section_id, sensor_type_id, value) VALUES (66, 15, 14, 10, 92.4243957389);
INSERT INTO reading_data (reading_id, bin_id, bin_section_id, sensor_type_id, value) VALUES (66, 15, 14, 11, 116.696500667);
INSERT INTO reading_data (reading_id, bin_id, bin_section_id, sensor_type_id, value) VALUES (66, 17, 13, 10, 115.48164548);
INSERT INTO reading_data (reading_id, bin_id, bin_section_id, sensor_type_id, value) VALUES (66, 17, 13, 11, 100.917176163);
INSERT INTO reading_data (reading_id, bin_id, bin_section_id, sensor_type_id, value) VALUES (66, 17, 13, 12, 98.2510391742);
INSERT INTO reading_data (reading_id, bin_id, bin_section_id, sensor_type_id, value) VALUES (66, 17, 13, 13, 0);
INSERT INTO reading_data (reading_id, bin_id, bin_section_id, sensor_type_id, value) VALUES (66, 17, 14, 10, 129.125504784);
INSERT INTO reading_data (reading_id, bin_id, bin_section_id, sensor_type_id, value) VALUES (66, 17, 14, 11, 80.3140381288);
INSERT INTO reading_data (reading_id, bin_id, bin_section_id, sensor_type_id, value) VALUES (66, 21, 13, 10, 114.634391958);
INSERT INTO reading_data (reading_id, bin_id, bin_section_id, sensor_type_id, value) VALUES (66, 21, 13, 11, 104.612991433);
INSERT INTO reading_data (reading_id, bin_id, bin_section_id, sensor_type_id, value) VALUES (66, 21, 13, 12, 129.752432992);
INSERT INTO reading_data (reading_id, bin_id, bin_section_id, sensor_type_id, value) VALUES (66, 21, 13, 13, 1);
INSERT INTO reading_data (reading_id, bin_id, bin_section_id, sensor_type_id, value) VALUES (66, 21, 14, 10, 103.789166801);
INSERT INTO reading_data (reading_id, bin_id, bin_section_id, sensor_type_id, value) VALUES (66, 21, 14, 11, 111.714114118);
INSERT INTO reading_data (reading_id, bin_id, bin_section_id, sensor_type_id, value) VALUES (66, 22, 13, 10, 109.824150071);
INSERT INTO reading_data (reading_id, bin_id, bin_section_id, sensor_type_id, value) VALUES (66, 22, 13, 11, 88.6854950079);
INSERT INTO reading_data (reading_id, bin_id, bin_section_id, sensor_type_id, value) VALUES (66, 22, 13, 12, 123.36428592);
INSERT INTO reading_data (reading_id, bin_id, bin_section_id, sensor_type_id, value) VALUES (66, 22, 13, 13, 0);
INSERT INTO reading_data (reading_id, bin_id, bin_section_id, sensor_type_id, value) VALUES (66, 22, 14, 10, 127.365768717);
INSERT INTO reading_data (reading_id, bin_id, bin_section_id, sensor_type_id, value) VALUES (66, 22, 14, 11, 100.995368083);
INSERT INTO reading_data (reading_id, bin_id, bin_section_id, sensor_type_id, value) VALUES (66, 23, 13, 10, 101.810321799);
INSERT INTO reading_data (reading_id, bin_id, bin_section_id, sensor_type_id, value) VALUES (66, 23, 13, 11, 105.334184829);
INSERT INTO reading_data (reading_id, bin_id, bin_section_id, sensor_type_id, value) VALUES (66, 23, 13, 12, 83.3864807999);
INSERT INTO reading_data (reading_id, bin_id, bin_section_id, sensor_type_id, value) VALUES (66, 23, 13, 13, 1);
INSERT INTO reading_data (reading_id, bin_id, bin_section_id, sensor_type_id, value) VALUES (66, 23, 14, 10, 91.2221664133);
INSERT INTO reading_data (reading_id, bin_id, bin_section_id, sensor_type_id, value) VALUES (66, 23, 14, 11, 108.787023442);
INSERT INTO reading_data (reading_id, bin_id, bin_section_id, sensor_type_id, value) VALUES (66, 24, 13, 10, 110.733193459);
INSERT INTO reading_data (reading_id, bin_id, bin_section_id, sensor_type_id, value) VALUES (66, 24, 13, 11, 126.473119016);
INSERT INTO reading_data (reading_id, bin_id, bin_section_id, sensor_type_id, value) VALUES (66, 24, 13, 12, 82.5713905285);
INSERT INTO reading_data (reading_id, bin_id, bin_section_id, sensor_type_id, value) VALUES (66, 24, 13, 13, 0);
INSERT INTO reading_data (reading_id, bin_id, bin_section_id, sensor_type_id, value) VALUES (66, 24, 14, 10, 90.5281220444);
INSERT INTO reading_data (reading_id, bin_id, bin_section_id, sensor_type_id, value) VALUES (66, 24, 14, 11, 86.4202880584);
INSERT INTO reading_data (reading_id, bin_id, bin_section_id, sensor_type_id, value) VALUES (66, 25, 13, 10, 84.9940375853);
INSERT INTO reading_data (reading_id, bin_id, bin_section_id, sensor_type_id, value) VALUES (66, 25, 13, 11, 99.3973278876);
INSERT INTO reading_data (reading_id, bin_id, bin_section_id, sensor_type_id, value) VALUES (66, 25, 13, 12, 99.1435311544);
INSERT INTO reading_data (reading_id, bin_id, bin_section_id, sensor_type_id, value) VALUES (66, 25, 13, 13, 1);
INSERT INTO reading_data (reading_id, bin_id, bin_section_id, sensor_type_id, value) VALUES (66, 25, 14, 10, 108.727537315);
INSERT INTO reading_data (reading_id, bin_id, bin_section_id, sensor_type_id, value) VALUES (66, 25, 14, 11, 120.405173828);
INSERT INTO reading (id, datetime) VALUES (67, TIMESTAMP '2012-08-19 18:14:45');
INSERT INTO reading_data (reading_id, bin_id, bin_section_id, sensor_type_id, value) VALUES (67, 10, 10, 50, 129.573145066);
INSERT INTO reading_data (reading_id, bin_id, bin_section_id, sensor_type_id, value) VALUES (67, 10, 10, 51, 88.4085538492);
INSERT INTO reading_data (reading_id, bin_id, bin_section_id, sensor_type_id, value) VALUES (67, 10, 10, 40, 107.65866285);
INSERT INTO reading_data (reading_id, bin_id, bin_section_id, sensor_type_id, value) VALUES (67, 19, 10, 50, 98.3544339945);
INSERT INTO reading_data (reading_id, bin_id, bin_section_id, sensor_type_id, value) VALUES (67, 19, 10, 51, 105.582679437);
INSERT INTO reading_data (reading_id, bin_id, bin_section_id, sensor_type_id, value) VALUES (67, 19, 10, 40, 113.544639046);
INSERT INTO reading_data (reading_id, bin_id, bin_section_id, sensor_type_id, value) VALUES (67, 11, 11, 20, 84.2701989009);
INSERT INTO reading_data (reading_id, bin_id, bin_section_id, sensor_type_id, value) VALUES (67, 11, 11, 21, 123.224193494);
INSERT INTO reading_data (reading_id, bin_id, bin_section_id, sensor_type_id, value) VALUES (67, 11, 11, 10, 103.814420144);
INSERT INTO reading_data (reading_id, bin_id, bin_section_id, sensor_type_id, value) VALUES (67, 11, 11, 11, 85.6292918994);
INSERT INTO reading_data (reading_id, bin_id, bin_section_id, sensor_type_id, value) VALUES (67, 21, 11, 20, 114.844243381);
INSERT INTO reading_data (reading_id, bin_id, bin_section_id, sensor_type_id, value) VALUES (67, 21, 11, 21, 83.5428946949);
INSERT INTO reading_data (reading_id, bin_id, bin_section_id, sensor_type_id, value) VALUES (67, 21, 11, 10, 97.6360103295);
INSERT INTO reading_data (reading_id, bin_id, bin_section_id, sensor_type_id, value) VALUES (67, 21, 11, 11, 112.980252047);
INSERT INTO reading_data (reading_id, bin_id, bin_section_id, sensor_type_id, value) VALUES (67, 9, 14, 10, 99.2260177816);
INSERT INTO reading_data (reading_id, bin_id, bin_section_id, sensor_type_id, value) VALUES (67, 9, 14, 11, 118.405865384);
INSERT INTO reading_data (reading_id, bin_id, bin_section_id, sensor_type_id, value) VALUES (67, 12, 13, 10, 126.770163086);
INSERT INTO reading_data (reading_id, bin_id, bin_section_id, sensor_type_id, value) VALUES (67, 12, 13, 11, 118.817369564);
INSERT INTO reading_data (reading_id, bin_id, bin_section_id, sensor_type_id, value) VALUES (67, 12, 13, 12, 83.721730658);
INSERT INTO reading_data (reading_id, bin_id, bin_section_id, sensor_type_id, value) VALUES (67, 12, 13, 13, 1);
INSERT INTO reading_data (reading_id, bin_id, bin_section_id, sensor_type_id, value) VALUES (67, 12, 14, 10, 116.131874395);
INSERT INTO reading_data (reading_id, bin_id, bin_section_id, sensor_type_id, value) VALUES (67, 12, 14, 11, 83.5337547187);
INSERT INTO reading_data (reading_id, bin_id, bin_section_id, sensor_type_id, value) VALUES (67, 13, 13, 10, 111.093529915);
INSERT INTO reading_data (reading_id, bin_id, bin_section_id, sensor_type_id, value) VALUES (67, 13, 13, 11, 128.56696878);
INSERT INTO reading_data (reading_id, bin_id, bin_section_id, sensor_type_id, value) VALUES (67, 13, 13, 12, 126.155748425);
INSERT INTO reading_data (reading_id, bin_id, bin_section_id, sensor_type_id, value) VALUES (67, 13, 13, 13, 1);
INSERT INTO reading_data (reading_id, bin_id, bin_section_id, sensor_type_id, value) VALUES (67, 13, 14, 10, 90.2842262693);
INSERT INTO reading_data (reading_id, bin_id, bin_section_id, sensor_type_id, value) VALUES (67, 13, 14, 11, 98.945894427);
INSERT INTO reading_data (reading_id, bin_id, bin_section_id, sensor_type_id, value) VALUES (67, 14, 13, 10, 112.646555465);
INSERT INTO reading_data (reading_id, bin_id, bin_section_id, sensor_type_id, value) VALUES (67, 14, 13, 11, 98.8579851107);
INSERT INTO reading_data (reading_id, bin_id, bin_section_id, sensor_type_id, value) VALUES (67, 14, 13, 12, 113.1930518);
INSERT INTO reading_data (reading_id, bin_id, bin_section_id, sensor_type_id, value) VALUES (67, 14, 13, 13, 0);
INSERT INTO reading_data (reading_id, bin_id, bin_section_id, sensor_type_id, value) VALUES (67, 14, 14, 10, 95.0170943198);
INSERT INTO reading_data (reading_id, bin_id, bin_section_id, sensor_type_id, value) VALUES (67, 14, 14, 11, 129.6205513);
INSERT INTO reading_data (reading_id, bin_id, bin_section_id, sensor_type_id, value) VALUES (67, 15, 13, 10, 101.761921577);
INSERT INTO reading_data (reading_id, bin_id, bin_section_id, sensor_type_id, value) VALUES (67, 15, 13, 11, 119.696927296);
INSERT INTO reading_data (reading_id, bin_id, bin_section_id, sensor_type_id, value) VALUES (67, 15, 13, 12, 115.248930124);
INSERT INTO reading_data (reading_id, bin_id, bin_section_id, sensor_type_id, value) VALUES (67, 15, 13, 13, 1);
INSERT INTO reading_data (reading_id, bin_id, bin_section_id, sensor_type_id, value) VALUES (67, 15, 14, 10, 99.9007737188);
INSERT INTO reading_data (reading_id, bin_id, bin_section_id, sensor_type_id, value) VALUES (67, 15, 14, 11, 113.274472369);
INSERT INTO reading_data (reading_id, bin_id, bin_section_id, sensor_type_id, value) VALUES (67, 17, 13, 10, 114.217208187);
INSERT INTO reading_data (reading_id, bin_id, bin_section_id, sensor_type_id, value) VALUES (67, 17, 13, 11, 129.117200074);
INSERT INTO reading_data (reading_id, bin_id, bin_section_id, sensor_type_id, value) VALUES (67, 17, 13, 12, 94.1788959692);
INSERT INTO reading_data (reading_id, bin_id, bin_section_id, sensor_type_id, value) VALUES (67, 17, 13, 13, 0);
INSERT INTO reading_data (reading_id, bin_id, bin_section_id, sensor_type_id, value) VALUES (67, 17, 14, 10, 84.2481356178);
INSERT INTO reading_data (reading_id, bin_id, bin_section_id, sensor_type_id, value) VALUES (67, 17, 14, 11, 96.1823755304);
INSERT INTO reading_data (reading_id, bin_id, bin_section_id, sensor_type_id, value) VALUES (67, 21, 13, 10, 119.996201024);
INSERT INTO reading_data (reading_id, bin_id, bin_section_id, sensor_type_id, value) VALUES (67, 21, 13, 11, 95.8514469008);
INSERT INTO reading_data (reading_id, bin_id, bin_section_id, sensor_type_id, value) VALUES (67, 21, 13, 12, 80.5860490285);
INSERT INTO reading_data (reading_id, bin_id, bin_section_id, sensor_type_id, value) VALUES (67, 21, 13, 13, 1);
INSERT INTO reading_data (reading_id, bin_id, bin_section_id, sensor_type_id, value) VALUES (67, 21, 14, 10, 111.829571761);
INSERT INTO reading_data (reading_id, bin_id, bin_section_id, sensor_type_id, value) VALUES (67, 21, 14, 11, 87.6461951171);
INSERT INTO reading_data (reading_id, bin_id, bin_section_id, sensor_type_id, value) VALUES (67, 22, 13, 10, 97.6311209916);
INSERT INTO reading_data (reading_id, bin_id, bin_section_id, sensor_type_id, value) VALUES (67, 22, 13, 11, 108.055061021);
INSERT INTO reading_data (reading_id, bin_id, bin_section_id, sensor_type_id, value) VALUES (67, 22, 13, 12, 126.165067494);
INSERT INTO reading_data (reading_id, bin_id, bin_section_id, sensor_type_id, value) VALUES (67, 22, 13, 13, 0);
INSERT INTO reading_data (reading_id, bin_id, bin_section_id, sensor_type_id, value) VALUES (67, 22, 14, 10, 103.714420482);
INSERT INTO reading_data (reading_id, bin_id, bin_section_id, sensor_type_id, value) VALUES (67, 22, 14, 11, 125.538279149);
INSERT INTO reading_data (reading_id, bin_id, bin_section_id, sensor_type_id, value) VALUES (67, 23, 13, 10, 96.3656547143);
INSERT INTO reading_data (reading_id, bin_id, bin_section_id, sensor_type_id, value) VALUES (67, 23, 13, 11, 93.294847124);
INSERT INTO reading_data (reading_id, bin_id, bin_section_id, sensor_type_id, value) VALUES (67, 23, 13, 12, 82.5470836225);
INSERT INTO reading_data (reading_id, bin_id, bin_section_id, sensor_type_id, value) VALUES (67, 23, 13, 13, 0);
INSERT INTO reading_data (reading_id, bin_id, bin_section_id, sensor_type_id, value) VALUES (67, 23, 14, 10, 115.594974007);
INSERT INTO reading_data (reading_id, bin_id, bin_section_id, sensor_type_id, value) VALUES (67, 23, 14, 11, 115.86832851);
INSERT INTO reading_data (reading_id, bin_id, bin_section_id, sensor_type_id, value) VALUES (67, 24, 13, 10, 128.615554217);
INSERT INTO reading_data (reading_id, bin_id, bin_section_id, sensor_type_id, value) VALUES (67, 24, 13, 11, 129.608274061);
INSERT INTO reading_data (reading_id, bin_id, bin_section_id, sensor_type_id, value) VALUES (67, 24, 13, 12, 119.169490545);
INSERT INTO reading_data (reading_id, bin_id, bin_section_id, sensor_type_id, value) VALUES (67, 24, 13, 13, 0);
INSERT INTO reading_data (reading_id, bin_id, bin_section_id, sensor_type_id, value) VALUES (67, 24, 14, 10, 112.506503936);
INSERT INTO reading_data (reading_id, bin_id, bin_section_id, sensor_type_id, value) VALUES (67, 24, 14, 11, 101.594747446);
INSERT INTO reading_data (reading_id, bin_id, bin_section_id, sensor_type_id, value) VALUES (67, 25, 13, 10, 82.3934043896);
INSERT INTO reading_data (reading_id, bin_id, bin_section_id, sensor_type_id, value) VALUES (67, 25, 13, 11, 117.100916465);
INSERT INTO reading_data (reading_id, bin_id, bin_section_id, sensor_type_id, value) VALUES (67, 25, 13, 12, 126.571372161);
INSERT INTO reading_data (reading_id, bin_id, bin_section_id, sensor_type_id, value) VALUES (67, 25, 13, 13, 1);
INSERT INTO reading_data (reading_id, bin_id, bin_section_id, sensor_type_id, value) VALUES (67, 25, 14, 10, 125.587667119);
INSERT INTO reading_data (reading_id, bin_id, bin_section_id, sensor_type_id, value) VALUES (67, 25, 14, 11, 125.273931883);
INSERT INTO reading (id, datetime) VALUES (68, TIMESTAMP '2012-08-19 18:19:45');
INSERT INTO reading_data (reading_id, bin_id, bin_section_id, sensor_type_id, value) VALUES (68, 10, 10, 50, 100.063019014);
INSERT INTO reading_data (reading_id, bin_id, bin_section_id, sensor_type_id, value) VALUES (68, 10, 10, 51, 93.0818496658);
INSERT INTO reading_data (reading_id, bin_id, bin_section_id, sensor_type_id, value) VALUES (68, 10, 10, 40, 94.9088255266);
INSERT INTO reading_data (reading_id, bin_id, bin_section_id, sensor_type_id, value) VALUES (68, 19, 10, 50, 83.5186811159);
INSERT INTO reading_data (reading_id, bin_id, bin_section_id, sensor_type_id, value) VALUES (68, 19, 10, 51, 106.201174776);
INSERT INTO reading_data (reading_id, bin_id, bin_section_id, sensor_type_id, value) VALUES (68, 19, 10, 40, 83.9775574152);
INSERT INTO reading_data (reading_id, bin_id, bin_section_id, sensor_type_id, value) VALUES (68, 11, 11, 20, 89.8150242559);
INSERT INTO reading_data (reading_id, bin_id, bin_section_id, sensor_type_id, value) VALUES (68, 11, 11, 21, 98.6559857318);
INSERT INTO reading_data (reading_id, bin_id, bin_section_id, sensor_type_id, value) VALUES (68, 11, 11, 10, 113.559511487);
INSERT INTO reading_data (reading_id, bin_id, bin_section_id, sensor_type_id, value) VALUES (68, 11, 11, 11, 123.191781839);
INSERT INTO reading_data (reading_id, bin_id, bin_section_id, sensor_type_id, value) VALUES (68, 21, 11, 20, 80.4039527666);
INSERT INTO reading_data (reading_id, bin_id, bin_section_id, sensor_type_id, value) VALUES (68, 21, 11, 21, 104.732147363);
INSERT INTO reading_data (reading_id, bin_id, bin_section_id, sensor_type_id, value) VALUES (68, 21, 11, 10, 87.6940232589);
INSERT INTO reading_data (reading_id, bin_id, bin_section_id, sensor_type_id, value) VALUES (68, 21, 11, 11, 127.348981328);
INSERT INTO reading_data (reading_id, bin_id, bin_section_id, sensor_type_id, value) VALUES (68, 9, 14, 10, 98.9099890474);
INSERT INTO reading_data (reading_id, bin_id, bin_section_id, sensor_type_id, value) VALUES (68, 9, 14, 11, 121.34854405);
INSERT INTO reading_data (reading_id, bin_id, bin_section_id, sensor_type_id, value) VALUES (68, 12, 13, 10, 115.970571163);
INSERT INTO reading_data (reading_id, bin_id, bin_section_id, sensor_type_id, value) VALUES (68, 12, 13, 11, 122.169513761);
INSERT INTO reading_data (reading_id, bin_id, bin_section_id, sensor_type_id, value) VALUES (68, 12, 13, 12, 98.7950076588);
INSERT INTO reading_data (reading_id, bin_id, bin_section_id, sensor_type_id, value) VALUES (68, 12, 13, 13, 0);
INSERT INTO reading_data (reading_id, bin_id, bin_section_id, sensor_type_id, value) VALUES (68, 12, 14, 10, 123.824546167);
INSERT INTO reading_data (reading_id, bin_id, bin_section_id, sensor_type_id, value) VALUES (68, 12, 14, 11, 106.277007151);
INSERT INTO reading_data (reading_id, bin_id, bin_section_id, sensor_type_id, value) VALUES (68, 13, 13, 10, 111.486260524);
INSERT INTO reading_data (reading_id, bin_id, bin_section_id, sensor_type_id, value) VALUES (68, 13, 13, 11, 110.163773404);
INSERT INTO reading_data (reading_id, bin_id, bin_section_id, sensor_type_id, value) VALUES (68, 13, 13, 12, 126.518930167);
INSERT INTO reading_data (reading_id, bin_id, bin_section_id, sensor_type_id, value) VALUES (68, 13, 13, 13, 1);
INSERT INTO reading_data (reading_id, bin_id, bin_section_id, sensor_type_id, value) VALUES (68, 13, 14, 10, 128.563908766);
INSERT INTO reading_data (reading_id, bin_id, bin_section_id, sensor_type_id, value) VALUES (68, 13, 14, 11, 89.9294542674);
INSERT INTO reading_data (reading_id, bin_id, bin_section_id, sensor_type_id, value) VALUES (68, 14, 13, 10, 90.5751965568);
INSERT INTO reading_data (reading_id, bin_id, bin_section_id, sensor_type_id, value) VALUES (68, 14, 13, 11, 101.095595412);
INSERT INTO reading_data (reading_id, bin_id, bin_section_id, sensor_type_id, value) VALUES (68, 14, 13, 12, 125.812703715);
INSERT INTO reading_data (reading_id, bin_id, bin_section_id, sensor_type_id, value) VALUES (68, 14, 13, 13, 1);
INSERT INTO reading_data (reading_id, bin_id, bin_section_id, sensor_type_id, value) VALUES (68, 14, 14, 10, 123.521411905);
INSERT INTO reading_data (reading_id, bin_id, bin_section_id, sensor_type_id, value) VALUES (68, 14, 14, 11, 88.0004294732);
INSERT INTO reading_data (reading_id, bin_id, bin_section_id, sensor_type_id, value) VALUES (68, 15, 13, 10, 93.9448089155);
INSERT INTO reading_data (reading_id, bin_id, bin_section_id, sensor_type_id, value) VALUES (68, 15, 13, 11, 110.652369284);
INSERT INTO reading_data (reading_id, bin_id, bin_section_id, sensor_type_id, value) VALUES (68, 15, 13, 12, 100.702938016);
INSERT INTO reading_data (reading_id, bin_id, bin_section_id, sensor_type_id, value) VALUES (68, 15, 13, 13, 1);
INSERT INTO reading_data (reading_id, bin_id, bin_section_id, sensor_type_id, value) VALUES (68, 15, 14, 10, 109.386589154);
INSERT INTO reading_data (reading_id, bin_id, bin_section_id, sensor_type_id, value) VALUES (68, 15, 14, 11, 99.513243086);
INSERT INTO reading_data (reading_id, bin_id, bin_section_id, sensor_type_id, value) VALUES (68, 17, 13, 10, 104.242002534);
INSERT INTO reading_data (reading_id, bin_id, bin_section_id, sensor_type_id, value) VALUES (68, 17, 13, 11, 93.8792671032);
INSERT INTO reading_data (reading_id, bin_id, bin_section_id, sensor_type_id, value) VALUES (68, 17, 13, 12, 110.687257094);
INSERT INTO reading_data (reading_id, bin_id, bin_section_id, sensor_type_id, value) VALUES (68, 17, 13, 13, 1);
INSERT INTO reading_data (reading_id, bin_id, bin_section_id, sensor_type_id, value) VALUES (68, 17, 14, 10, 93.1391749625);
INSERT INTO reading_data (reading_id, bin_id, bin_section_id, sensor_type_id, value) VALUES (68, 17, 14, 11, 90.0160768073);
INSERT INTO reading_data (reading_id, bin_id, bin_section_id, sensor_type_id, value) VALUES (68, 21, 13, 10, 124.60462895);
INSERT INTO reading_data (reading_id, bin_id, bin_section_id, sensor_type_id, value) VALUES (68, 21, 13, 11, 120.897868789);
INSERT INTO reading_data (reading_id, bin_id, bin_section_id, sensor_type_id, value) VALUES (68, 21, 13, 12, 89.6846867059);
INSERT INTO reading_data (reading_id, bin_id, bin_section_id, sensor_type_id, value) VALUES (68, 21, 13, 13, 1);
INSERT INTO reading_data (reading_id, bin_id, bin_section_id, sensor_type_id, value) VALUES (68, 21, 14, 10, 110.877837253);
INSERT INTO reading_data (reading_id, bin_id, bin_section_id, sensor_type_id, value) VALUES (68, 21, 14, 11, 107.326642983);
INSERT INTO reading_data (reading_id, bin_id, bin_section_id, sensor_type_id, value) VALUES (68, 22, 13, 10, 80.5226430119);
INSERT INTO reading_data (reading_id, bin_id, bin_section_id, sensor_type_id, value) VALUES (68, 22, 13, 11, 97.4414002986);
INSERT INTO reading_data (reading_id, bin_id, bin_section_id, sensor_type_id, value) VALUES (68, 22, 13, 12, 91.3306035521);
INSERT INTO reading_data (reading_id, bin_id, bin_section_id, sensor_type_id, value) VALUES (68, 22, 13, 13, 0);
INSERT INTO reading_data (reading_id, bin_id, bin_section_id, sensor_type_id, value) VALUES (68, 22, 14, 10, 114.663020948);
INSERT INTO reading_data (reading_id, bin_id, bin_section_id, sensor_type_id, value) VALUES (68, 22, 14, 11, 87.7266408745);
INSERT INTO reading_data (reading_id, bin_id, bin_section_id, sensor_type_id, value) VALUES (68, 23, 13, 10, 127.724633678);
INSERT INTO reading_data (reading_id, bin_id, bin_section_id, sensor_type_id, value) VALUES (68, 23, 13, 11, 87.5231960596);
INSERT INTO reading_data (reading_id, bin_id, bin_section_id, sensor_type_id, value) VALUES (68, 23, 13, 12, 102.805727161);
INSERT INTO reading_data (reading_id, bin_id, bin_section_id, sensor_type_id, value) VALUES (68, 23, 13, 13, 1);
INSERT INTO reading_data (reading_id, bin_id, bin_section_id, sensor_type_id, value) VALUES (68, 23, 14, 10, 117.188486935);
INSERT INTO reading_data (reading_id, bin_id, bin_section_id, sensor_type_id, value) VALUES (68, 23, 14, 11, 101.985139569);
INSERT INTO reading_data (reading_id, bin_id, bin_section_id, sensor_type_id, value) VALUES (68, 24, 13, 10, 127.604821906);
INSERT INTO reading_data (reading_id, bin_id, bin_section_id, sensor_type_id, value) VALUES (68, 24, 13, 11, 91.9880450426);
INSERT INTO reading_data (reading_id, bin_id, bin_section_id, sensor_type_id, value) VALUES (68, 24, 13, 12, 92.5391792912);
INSERT INTO reading_data (reading_id, bin_id, bin_section_id, sensor_type_id, value) VALUES (68, 24, 13, 13, 1);
INSERT INTO reading_data (reading_id, bin_id, bin_section_id, sensor_type_id, value) VALUES (68, 24, 14, 10, 102.390434183);
INSERT INTO reading_data (reading_id, bin_id, bin_section_id, sensor_type_id, value) VALUES (68, 24, 14, 11, 117.832649489);
INSERT INTO reading_data (reading_id, bin_id, bin_section_id, sensor_type_id, value) VALUES (68, 25, 13, 10, 106.536709352);
INSERT INTO reading_data (reading_id, bin_id, bin_section_id, sensor_type_id, value) VALUES (68, 25, 13, 11, 129.752628386);
INSERT INTO reading_data (reading_id, bin_id, bin_section_id, sensor_type_id, value) VALUES (68, 25, 13, 12, 104.22434656);
INSERT INTO reading_data (reading_id, bin_id, bin_section_id, sensor_type_id, value) VALUES (68, 25, 13, 13, 1);
INSERT INTO reading_data (reading_id, bin_id, bin_section_id, sensor_type_id, value) VALUES (68, 25, 14, 10, 99.7781478062);
INSERT INTO reading_data (reading_id, bin_id, bin_section_id, sensor_type_id, value) VALUES (68, 25, 14, 11, 96.4580432674);
INSERT INTO reading (id, datetime) VALUES (69, TIMESTAMP '2012-08-19 18:24:45');
INSERT INTO reading_data (reading_id, bin_id, bin_section_id, sensor_type_id, value) VALUES (69, 10, 10, 50, 124.299518531);
INSERT INTO reading_data (reading_id, bin_id, bin_section_id, sensor_type_id, value) VALUES (69, 10, 10, 51, 113.348509916);
INSERT INTO reading_data (reading_id, bin_id, bin_section_id, sensor_type_id, value) VALUES (69, 10, 10, 40, 121.464495548);
INSERT INTO reading_data (reading_id, bin_id, bin_section_id, sensor_type_id, value) VALUES (69, 19, 10, 50, 110.200091612);
INSERT INTO reading_data (reading_id, bin_id, bin_section_id, sensor_type_id, value) VALUES (69, 19, 10, 51, 94.0717595838);
INSERT INTO reading_data (reading_id, bin_id, bin_section_id, sensor_type_id, value) VALUES (69, 19, 10, 40, 85.4479715792);
INSERT INTO reading_data (reading_id, bin_id, bin_section_id, sensor_type_id, value) VALUES (69, 11, 11, 20, 106.947924871);
INSERT INTO reading_data (reading_id, bin_id, bin_section_id, sensor_type_id, value) VALUES (69, 11, 11, 21, 95.4457264874);
INSERT INTO reading_data (reading_id, bin_id, bin_section_id, sensor_type_id, value) VALUES (69, 11, 11, 10, 112.780052653);
INSERT INTO reading_data (reading_id, bin_id, bin_section_id, sensor_type_id, value) VALUES (69, 11, 11, 11, 128.239675475);
INSERT INTO reading_data (reading_id, bin_id, bin_section_id, sensor_type_id, value) VALUES (69, 21, 11, 20, 127.649423083);
INSERT INTO reading_data (reading_id, bin_id, bin_section_id, sensor_type_id, value) VALUES (69, 21, 11, 21, 116.741980116);
INSERT INTO reading_data (reading_id, bin_id, bin_section_id, sensor_type_id, value) VALUES (69, 21, 11, 10, 90.2837701752);
INSERT INTO reading_data (reading_id, bin_id, bin_section_id, sensor_type_id, value) VALUES (69, 21, 11, 11, 95.6636561891);
INSERT INTO reading_data (reading_id, bin_id, bin_section_id, sensor_type_id, value) VALUES (69, 9, 14, 10, 99.5571236981);
INSERT INTO reading_data (reading_id, bin_id, bin_section_id, sensor_type_id, value) VALUES (69, 9, 14, 11, 91.3508129335);
INSERT INTO reading_data (reading_id, bin_id, bin_section_id, sensor_type_id, value) VALUES (69, 12, 13, 10, 126.192532313);
INSERT INTO reading_data (reading_id, bin_id, bin_section_id, sensor_type_id, value) VALUES (69, 12, 13, 11, 100.629370323);
INSERT INTO reading_data (reading_id, bin_id, bin_section_id, sensor_type_id, value) VALUES (69, 12, 13, 12, 105.816309522);
INSERT INTO reading_data (reading_id, bin_id, bin_section_id, sensor_type_id, value) VALUES (69, 12, 13, 13, 0);
INSERT INTO reading_data (reading_id, bin_id, bin_section_id, sensor_type_id, value) VALUES (69, 12, 14, 10, 124.933264655);
INSERT INTO reading_data (reading_id, bin_id, bin_section_id, sensor_type_id, value) VALUES (69, 12, 14, 11, 123.665610667);
INSERT INTO reading_data (reading_id, bin_id, bin_section_id, sensor_type_id, value) VALUES (69, 13, 13, 10, 89.4598840592);
INSERT INTO reading_data (reading_id, bin_id, bin_section_id, sensor_type_id, value) VALUES (69, 13, 13, 11, 100.052221589);
INSERT INTO reading_data (reading_id, bin_id, bin_section_id, sensor_type_id, value) VALUES (69, 13, 13, 12, 93.6589853689);
INSERT INTO reading_data (reading_id, bin_id, bin_section_id, sensor_type_id, value) VALUES (69, 13, 13, 13, 1);
INSERT INTO reading_data (reading_id, bin_id, bin_section_id, sensor_type_id, value) VALUES (69, 13, 14, 10, 94.1816247538);
INSERT INTO reading_data (reading_id, bin_id, bin_section_id, sensor_type_id, value) VALUES (69, 13, 14, 11, 81.9187884849);
INSERT INTO reading_data (reading_id, bin_id, bin_section_id, sensor_type_id, value) VALUES (69, 14, 13, 10, 81.2642057942);
INSERT INTO reading_data (reading_id, bin_id, bin_section_id, sensor_type_id, value) VALUES (69, 14, 13, 11, 89.5182453484);
INSERT INTO reading_data (reading_id, bin_id, bin_section_id, sensor_type_id, value) VALUES (69, 14, 13, 12, 91.1781332888);
INSERT INTO reading_data (reading_id, bin_id, bin_section_id, sensor_type_id, value) VALUES (69, 14, 13, 13, 1);
INSERT INTO reading_data (reading_id, bin_id, bin_section_id, sensor_type_id, value) VALUES (69, 14, 14, 10, 85.2648244262);
INSERT INTO reading_data (reading_id, bin_id, bin_section_id, sensor_type_id, value) VALUES (69, 14, 14, 11, 96.2698196754);
INSERT INTO reading_data (reading_id, bin_id, bin_section_id, sensor_type_id, value) VALUES (69, 15, 13, 10, 80.872906126);
INSERT INTO reading_data (reading_id, bin_id, bin_section_id, sensor_type_id, value) VALUES (69, 15, 13, 11, 90.8222940819);
INSERT INTO reading_data (reading_id, bin_id, bin_section_id, sensor_type_id, value) VALUES (69, 15, 13, 12, 101.536937499);
INSERT INTO reading_data (reading_id, bin_id, bin_section_id, sensor_type_id, value) VALUES (69, 15, 13, 13, 1);
INSERT INTO reading_data (reading_id, bin_id, bin_section_id, sensor_type_id, value) VALUES (69, 15, 14, 10, 117.068481731);
INSERT INTO reading_data (reading_id, bin_id, bin_section_id, sensor_type_id, value) VALUES (69, 15, 14, 11, 110.806647499);
INSERT INTO reading_data (reading_id, bin_id, bin_section_id, sensor_type_id, value) VALUES (69, 17, 13, 10, 116.984061763);
INSERT INTO reading_data (reading_id, bin_id, bin_section_id, sensor_type_id, value) VALUES (69, 17, 13, 11, 110.170695567);
INSERT INTO reading_data (reading_id, bin_id, bin_section_id, sensor_type_id, value) VALUES (69, 17, 13, 12, 126.441588345);
INSERT INTO reading_data (reading_id, bin_id, bin_section_id, sensor_type_id, value) VALUES (69, 17, 13, 13, 1);
INSERT INTO reading_data (reading_id, bin_id, bin_section_id, sensor_type_id, value) VALUES (69, 17, 14, 10, 129.762349621);
INSERT INTO reading_data (reading_id, bin_id, bin_section_id, sensor_type_id, value) VALUES (69, 17, 14, 11, 117.863483426);
INSERT INTO reading_data (reading_id, bin_id, bin_section_id, sensor_type_id, value) VALUES (69, 21, 13, 10, 84.1848431499);
INSERT INTO reading_data (reading_id, bin_id, bin_section_id, sensor_type_id, value) VALUES (69, 21, 13, 11, 110.231528133);
INSERT INTO reading_data (reading_id, bin_id, bin_section_id, sensor_type_id, value) VALUES (69, 21, 13, 12, 121.243346227);
INSERT INTO reading_data (reading_id, bin_id, bin_section_id, sensor_type_id, value) VALUES (69, 21, 13, 13, 1);
INSERT INTO reading_data (reading_id, bin_id, bin_section_id, sensor_type_id, value) VALUES (69, 21, 14, 10, 90.8415233997);
INSERT INTO reading_data (reading_id, bin_id, bin_section_id, sensor_type_id, value) VALUES (69, 21, 14, 11, 116.811200082);
INSERT INTO reading_data (reading_id, bin_id, bin_section_id, sensor_type_id, value) VALUES (69, 22, 13, 10, 128.819323835);
INSERT INTO reading_data (reading_id, bin_id, bin_section_id, sensor_type_id, value) VALUES (69, 22, 13, 11, 81.698475036);
INSERT INTO reading_data (reading_id, bin_id, bin_section_id, sensor_type_id, value) VALUES (69, 22, 13, 12, 86.3197541557);
INSERT INTO reading_data (reading_id, bin_id, bin_section_id, sensor_type_id, value) VALUES (69, 22, 13, 13, 0);
INSERT INTO reading_data (reading_id, bin_id, bin_section_id, sensor_type_id, value) VALUES (69, 22, 14, 10, 112.78057453);
INSERT INTO reading_data (reading_id, bin_id, bin_section_id, sensor_type_id, value) VALUES (69, 22, 14, 11, 127.254271869);
INSERT INTO reading_data (reading_id, bin_id, bin_section_id, sensor_type_id, value) VALUES (69, 23, 13, 10, 85.0757486965);
INSERT INTO reading_data (reading_id, bin_id, bin_section_id, sensor_type_id, value) VALUES (69, 23, 13, 11, 120.621461251);
INSERT INTO reading_data (reading_id, bin_id, bin_section_id, sensor_type_id, value) VALUES (69, 23, 13, 12, 84.8718190849);
INSERT INTO reading_data (reading_id, bin_id, bin_section_id, sensor_type_id, value) VALUES (69, 23, 13, 13, 1);
INSERT INTO reading_data (reading_id, bin_id, bin_section_id, sensor_type_id, value) VALUES (69, 23, 14, 10, 81.8470165009);
INSERT INTO reading_data (reading_id, bin_id, bin_section_id, sensor_type_id, value) VALUES (69, 23, 14, 11, 108.763456874);
INSERT INTO reading_data (reading_id, bin_id, bin_section_id, sensor_type_id, value) VALUES (69, 24, 13, 10, 103.724938876);
INSERT INTO reading_data (reading_id, bin_id, bin_section_id, sensor_type_id, value) VALUES (69, 24, 13, 11, 114.948666466);
INSERT INTO reading_data (reading_id, bin_id, bin_section_id, sensor_type_id, value) VALUES (69, 24, 13, 12, 86.3500975465);
INSERT INTO reading_data (reading_id, bin_id, bin_section_id, sensor_type_id, value) VALUES (69, 24, 13, 13, 1);
INSERT INTO reading_data (reading_id, bin_id, bin_section_id, sensor_type_id, value) VALUES (69, 24, 14, 10, 89.6205269152);
INSERT INTO reading_data (reading_id, bin_id, bin_section_id, sensor_type_id, value) VALUES (69, 24, 14, 11, 94.029519237);
INSERT INTO reading_data (reading_id, bin_id, bin_section_id, sensor_type_id, value) VALUES (69, 25, 13, 10, 82.436719396);
INSERT INTO reading_data (reading_id, bin_id, bin_section_id, sensor_type_id, value) VALUES (69, 25, 13, 11, 111.933126705);
INSERT INTO reading_data (reading_id, bin_id, bin_section_id, sensor_type_id, value) VALUES (69, 25, 13, 12, 96.6978205158);
INSERT INTO reading_data (reading_id, bin_id, bin_section_id, sensor_type_id, value) VALUES (69, 25, 13, 13, 1);
INSERT INTO reading_data (reading_id, bin_id, bin_section_id, sensor_type_id, value) VALUES (69, 25, 14, 10, 80.371574921);
INSERT INTO reading_data (reading_id, bin_id, bin_section_id, sensor_type_id, value) VALUES (69, 25, 14, 11, 94.7685917527);
INSERT INTO reading (id, datetime) VALUES (70, TIMESTAMP '2012-08-19 18:29:45');
INSERT INTO reading_data (reading_id, bin_id, bin_section_id, sensor_type_id, value) VALUES (70, 10, 10, 50, 98.978281138);
INSERT INTO reading_data (reading_id, bin_id, bin_section_id, sensor_type_id, value) VALUES (70, 10, 10, 51, 83.9318377008);
INSERT INTO reading_data (reading_id, bin_id, bin_section_id, sensor_type_id, value) VALUES (70, 10, 10, 40, 118.429118407);
INSERT INTO reading_data (reading_id, bin_id, bin_section_id, sensor_type_id, value) VALUES (70, 19, 10, 50, 80.5005653782);
INSERT INTO reading_data (reading_id, bin_id, bin_section_id, sensor_type_id, value) VALUES (70, 19, 10, 51, 83.6101510061);
INSERT INTO reading_data (reading_id, bin_id, bin_section_id, sensor_type_id, value) VALUES (70, 19, 10, 40, 112.885593418);
INSERT INTO reading_data (reading_id, bin_id, bin_section_id, sensor_type_id, value) VALUES (70, 11, 11, 20, 84.9012985146);
INSERT INTO reading_data (reading_id, bin_id, bin_section_id, sensor_type_id, value) VALUES (70, 11, 11, 21, 110.001853741);
INSERT INTO reading_data (reading_id, bin_id, bin_section_id, sensor_type_id, value) VALUES (70, 11, 11, 10, 103.224698665);
INSERT INTO reading_data (reading_id, bin_id, bin_section_id, sensor_type_id, value) VALUES (70, 11, 11, 11, 94.5236734532);
INSERT INTO reading_data (reading_id, bin_id, bin_section_id, sensor_type_id, value) VALUES (70, 21, 11, 20, 129.834077385);
INSERT INTO reading_data (reading_id, bin_id, bin_section_id, sensor_type_id, value) VALUES (70, 21, 11, 21, 121.705299309);
INSERT INTO reading_data (reading_id, bin_id, bin_section_id, sensor_type_id, value) VALUES (70, 21, 11, 10, 114.136380268);
INSERT INTO reading_data (reading_id, bin_id, bin_section_id, sensor_type_id, value) VALUES (70, 21, 11, 11, 86.7433652519);
INSERT INTO reading_data (reading_id, bin_id, bin_section_id, sensor_type_id, value) VALUES (70, 9, 14, 10, 102.615964376);
INSERT INTO reading_data (reading_id, bin_id, bin_section_id, sensor_type_id, value) VALUES (70, 9, 14, 11, 90.2823316158);
INSERT INTO reading_data (reading_id, bin_id, bin_section_id, sensor_type_id, value) VALUES (70, 12, 13, 10, 104.852131432);
INSERT INTO reading_data (reading_id, bin_id, bin_section_id, sensor_type_id, value) VALUES (70, 12, 13, 11, 124.000161479);
INSERT INTO reading_data (reading_id, bin_id, bin_section_id, sensor_type_id, value) VALUES (70, 12, 13, 12, 124.884655859);
INSERT INTO reading_data (reading_id, bin_id, bin_section_id, sensor_type_id, value) VALUES (70, 12, 13, 13, 0);
INSERT INTO reading_data (reading_id, bin_id, bin_section_id, sensor_type_id, value) VALUES (70, 12, 14, 10, 111.450268741);
INSERT INTO reading_data (reading_id, bin_id, bin_section_id, sensor_type_id, value) VALUES (70, 12, 14, 11, 113.768884668);
INSERT INTO reading_data (reading_id, bin_id, bin_section_id, sensor_type_id, value) VALUES (70, 13, 13, 10, 106.738636041);
INSERT INTO reading_data (reading_id, bin_id, bin_section_id, sensor_type_id, value) VALUES (70, 13, 13, 11, 91.7063338448);
INSERT INTO reading_data (reading_id, bin_id, bin_section_id, sensor_type_id, value) VALUES (70, 13, 13, 12, 101.503584492);
INSERT INTO reading_data (reading_id, bin_id, bin_section_id, sensor_type_id, value) VALUES (70, 13, 13, 13, 1);
INSERT INTO reading_data (reading_id, bin_id, bin_section_id, sensor_type_id, value) VALUES (70, 13, 14, 10, 83.9575708113);
INSERT INTO reading_data (reading_id, bin_id, bin_section_id, sensor_type_id, value) VALUES (70, 13, 14, 11, 103.779645456);
INSERT INTO reading_data (reading_id, bin_id, bin_section_id, sensor_type_id, value) VALUES (70, 14, 13, 10, 127.166108339);
INSERT INTO reading_data (reading_id, bin_id, bin_section_id, sensor_type_id, value) VALUES (70, 14, 13, 11, 107.174385723);
INSERT INTO reading_data (reading_id, bin_id, bin_section_id, sensor_type_id, value) VALUES (70, 14, 13, 12, 115.054628954);
INSERT INTO reading_data (reading_id, bin_id, bin_section_id, sensor_type_id, value) VALUES (70, 14, 13, 13, 1);
INSERT INTO reading_data (reading_id, bin_id, bin_section_id, sensor_type_id, value) VALUES (70, 14, 14, 10, 125.449482619);
INSERT INTO reading_data (reading_id, bin_id, bin_section_id, sensor_type_id, value) VALUES (70, 14, 14, 11, 122.879415472);
INSERT INTO reading_data (reading_id, bin_id, bin_section_id, sensor_type_id, value) VALUES (70, 15, 13, 10, 117.698349868);
INSERT INTO reading_data (reading_id, bin_id, bin_section_id, sensor_type_id, value) VALUES (70, 15, 13, 11, 98.5636451308);
INSERT INTO reading_data (reading_id, bin_id, bin_section_id, sensor_type_id, value) VALUES (70, 15, 13, 12, 128.166091326);
INSERT INTO reading_data (reading_id, bin_id, bin_section_id, sensor_type_id, value) VALUES (70, 15, 13, 13, 1);
INSERT INTO reading_data (reading_id, bin_id, bin_section_id, sensor_type_id, value) VALUES (70, 15, 14, 10, 124.764369021);
INSERT INTO reading_data (reading_id, bin_id, bin_section_id, sensor_type_id, value) VALUES (70, 15, 14, 11, 129.41966607);
INSERT INTO reading_data (reading_id, bin_id, bin_section_id, sensor_type_id, value) VALUES (70, 17, 13, 10, 126.74302791);
INSERT INTO reading_data (reading_id, bin_id, bin_section_id, sensor_type_id, value) VALUES (70, 17, 13, 11, 86.8415772768);
INSERT INTO reading_data (reading_id, bin_id, bin_section_id, sensor_type_id, value) VALUES (70, 17, 13, 12, 114.175186893);
INSERT INTO reading_data (reading_id, bin_id, bin_section_id, sensor_type_id, value) VALUES (70, 17, 13, 13, 0);
INSERT INTO reading_data (reading_id, bin_id, bin_section_id, sensor_type_id, value) VALUES (70, 17, 14, 10, 95.9352443355);
INSERT INTO reading_data (reading_id, bin_id, bin_section_id, sensor_type_id, value) VALUES (70, 17, 14, 11, 128.289522516);
INSERT INTO reading_data (reading_id, bin_id, bin_section_id, sensor_type_id, value) VALUES (70, 21, 13, 10, 125.770107602);
INSERT INTO reading_data (reading_id, bin_id, bin_section_id, sensor_type_id, value) VALUES (70, 21, 13, 11, 98.62384794);
INSERT INTO reading_data (reading_id, bin_id, bin_section_id, sensor_type_id, value) VALUES (70, 21, 13, 12, 101.779429485);
INSERT INTO reading_data (reading_id, bin_id, bin_section_id, sensor_type_id, value) VALUES (70, 21, 13, 13, 1);
INSERT INTO reading_data (reading_id, bin_id, bin_section_id, sensor_type_id, value) VALUES (70, 21, 14, 10, 92.1914877665);
INSERT INTO reading_data (reading_id, bin_id, bin_section_id, sensor_type_id, value) VALUES (70, 21, 14, 11, 101.632286291);
INSERT INTO reading_data (reading_id, bin_id, bin_section_id, sensor_type_id, value) VALUES (70, 22, 13, 10, 88.1442796593);
INSERT INTO reading_data (reading_id, bin_id, bin_section_id, sensor_type_id, value) VALUES (70, 22, 13, 11, 120.333482318);
INSERT INTO reading_data (reading_id, bin_id, bin_section_id, sensor_type_id, value) VALUES (70, 22, 13, 12, 128.400967662);
INSERT INTO reading_data (reading_id, bin_id, bin_section_id, sensor_type_id, value) VALUES (70, 22, 13, 13, 0);
INSERT INTO reading_data (reading_id, bin_id, bin_section_id, sensor_type_id, value) VALUES (70, 22, 14, 10, 91.176893076);
INSERT INTO reading_data (reading_id, bin_id, bin_section_id, sensor_type_id, value) VALUES (70, 22, 14, 11, 90.6159426729);
INSERT INTO reading_data (reading_id, bin_id, bin_section_id, sensor_type_id, value) VALUES (70, 23, 13, 10, 118.181664585);
INSERT INTO reading_data (reading_id, bin_id, bin_section_id, sensor_type_id, value) VALUES (70, 23, 13, 11, 109.464580699);
INSERT INTO reading_data (reading_id, bin_id, bin_section_id, sensor_type_id, value) VALUES (70, 23, 13, 12, 108.941405759);
INSERT INTO reading_data (reading_id, bin_id, bin_section_id, sensor_type_id, value) VALUES (70, 23, 13, 13, 0);
INSERT INTO reading_data (reading_id, bin_id, bin_section_id, sensor_type_id, value) VALUES (70, 23, 14, 10, 115.50071146);
INSERT INTO reading_data (reading_id, bin_id, bin_section_id, sensor_type_id, value) VALUES (70, 23, 14, 11, 108.013652689);
INSERT INTO reading_data (reading_id, bin_id, bin_section_id, sensor_type_id, value) VALUES (70, 24, 13, 10, 85.0047655211);
INSERT INTO reading_data (reading_id, bin_id, bin_section_id, sensor_type_id, value) VALUES (70, 24, 13, 11, 103.713218494);
INSERT INTO reading_data (reading_id, bin_id, bin_section_id, sensor_type_id, value) VALUES (70, 24, 13, 12, 89.5496980274);
INSERT INTO reading_data (reading_id, bin_id, bin_section_id, sensor_type_id, value) VALUES (70, 24, 13, 13, 0);
INSERT INTO reading_data (reading_id, bin_id, bin_section_id, sensor_type_id, value) VALUES (70, 24, 14, 10, 113.65022995);
INSERT INTO reading_data (reading_id, bin_id, bin_section_id, sensor_type_id, value) VALUES (70, 24, 14, 11, 94.8312025294);
INSERT INTO reading_data (reading_id, bin_id, bin_section_id, sensor_type_id, value) VALUES (70, 25, 13, 10, 115.705999074);
INSERT INTO reading_data (reading_id, bin_id, bin_section_id, sensor_type_id, value) VALUES (70, 25, 13, 11, 87.5857549249);
INSERT INTO reading_data (reading_id, bin_id, bin_section_id, sensor_type_id, value) VALUES (70, 25, 13, 12, 88.536570576);
INSERT INTO reading_data (reading_id, bin_id, bin_section_id, sensor_type_id, value) VALUES (70, 25, 13, 13, 1);
INSERT INTO reading_data (reading_id, bin_id, bin_section_id, sensor_type_id, value) VALUES (70, 25, 14, 10, 102.867828593);
INSERT INTO reading_data (reading_id, bin_id, bin_section_id, sensor_type_id, value) VALUES (70, 25, 14, 11, 98.1020942664);
INSERT INTO reading (id, datetime) VALUES (71, TIMESTAMP '2012-08-19 18:34:45');
INSERT INTO reading_data (reading_id, bin_id, bin_section_id, sensor_type_id, value) VALUES (71, 10, 10, 50, 116.533855479);
INSERT INTO reading_data (reading_id, bin_id, bin_section_id, sensor_type_id, value) VALUES (71, 10, 10, 51, 83.8557466844);
INSERT INTO reading_data (reading_id, bin_id, bin_section_id, sensor_type_id, value) VALUES (71, 10, 10, 40, 82.3033740485);
INSERT INTO reading_data (reading_id, bin_id, bin_section_id, sensor_type_id, value) VALUES (71, 19, 10, 50, 86.2834534803);
INSERT INTO reading_data (reading_id, bin_id, bin_section_id, sensor_type_id, value) VALUES (71, 19, 10, 51, 129.834796084);
INSERT INTO reading_data (reading_id, bin_id, bin_section_id, sensor_type_id, value) VALUES (71, 19, 10, 40, 116.564097938);
INSERT INTO reading_data (reading_id, bin_id, bin_section_id, sensor_type_id, value) VALUES (71, 11, 11, 20, 101.221788053);
INSERT INTO reading_data (reading_id, bin_id, bin_section_id, sensor_type_id, value) VALUES (71, 11, 11, 21, 93.693206651);
INSERT INTO reading_data (reading_id, bin_id, bin_section_id, sensor_type_id, value) VALUES (71, 11, 11, 10, 108.289764852);
INSERT INTO reading_data (reading_id, bin_id, bin_section_id, sensor_type_id, value) VALUES (71, 11, 11, 11, 116.672910486);
INSERT INTO reading_data (reading_id, bin_id, bin_section_id, sensor_type_id, value) VALUES (71, 21, 11, 20, 114.711145439);
INSERT INTO reading_data (reading_id, bin_id, bin_section_id, sensor_type_id, value) VALUES (71, 21, 11, 21, 116.060786092);
INSERT INTO reading_data (reading_id, bin_id, bin_section_id, sensor_type_id, value) VALUES (71, 21, 11, 10, 117.213595983);
INSERT INTO reading_data (reading_id, bin_id, bin_section_id, sensor_type_id, value) VALUES (71, 21, 11, 11, 97.1506330134);
INSERT INTO reading_data (reading_id, bin_id, bin_section_id, sensor_type_id, value) VALUES (71, 9, 14, 10, 129.771127138);
INSERT INTO reading_data (reading_id, bin_id, bin_section_id, sensor_type_id, value) VALUES (71, 9, 14, 11, 126.592845514);
INSERT INTO reading_data (reading_id, bin_id, bin_section_id, sensor_type_id, value) VALUES (71, 12, 13, 10, 94.4987348212);
INSERT INTO reading_data (reading_id, bin_id, bin_section_id, sensor_type_id, value) VALUES (71, 12, 13, 11, 115.229435083);
INSERT INTO reading_data (reading_id, bin_id, bin_section_id, sensor_type_id, value) VALUES (71, 12, 13, 12, 108.231697764);
INSERT INTO reading_data (reading_id, bin_id, bin_section_id, sensor_type_id, value) VALUES (71, 12, 13, 13, 1);
INSERT INTO reading_data (reading_id, bin_id, bin_section_id, sensor_type_id, value) VALUES (71, 12, 14, 10, 115.422523377);
INSERT INTO reading_data (reading_id, bin_id, bin_section_id, sensor_type_id, value) VALUES (71, 12, 14, 11, 106.578729533);
INSERT INTO reading_data (reading_id, bin_id, bin_section_id, sensor_type_id, value) VALUES (71, 13, 13, 10, 101.844571138);
INSERT INTO reading_data (reading_id, bin_id, bin_section_id, sensor_type_id, value) VALUES (71, 13, 13, 11, 114.150890369);
INSERT INTO reading_data (reading_id, bin_id, bin_section_id, sensor_type_id, value) VALUES (71, 13, 13, 12, 113.141213566);
INSERT INTO reading_data (reading_id, bin_id, bin_section_id, sensor_type_id, value) VALUES (71, 13, 13, 13, 1);
INSERT INTO reading_data (reading_id, bin_id, bin_section_id, sensor_type_id, value) VALUES (71, 13, 14, 10, 127.536667266);
INSERT INTO reading_data (reading_id, bin_id, bin_section_id, sensor_type_id, value) VALUES (71, 13, 14, 11, 86.3604762513);
INSERT INTO reading_data (reading_id, bin_id, bin_section_id, sensor_type_id, value) VALUES (71, 14, 13, 10, 89.3868382107);
INSERT INTO reading_data (reading_id, bin_id, bin_section_id, sensor_type_id, value) VALUES (71, 14, 13, 11, 100.416993465);
INSERT INTO reading_data (reading_id, bin_id, bin_section_id, sensor_type_id, value) VALUES (71, 14, 13, 12, 90.9391164374);
INSERT INTO reading_data (reading_id, bin_id, bin_section_id, sensor_type_id, value) VALUES (71, 14, 13, 13, 1);
INSERT INTO reading_data (reading_id, bin_id, bin_section_id, sensor_type_id, value) VALUES (71, 14, 14, 10, 106.963615569);
INSERT INTO reading_data (reading_id, bin_id, bin_section_id, sensor_type_id, value) VALUES (71, 14, 14, 11, 125.636583616);
INSERT INTO reading_data (reading_id, bin_id, bin_section_id, sensor_type_id, value) VALUES (71, 15, 13, 10, 102.805353124);
INSERT INTO reading_data (reading_id, bin_id, bin_section_id, sensor_type_id, value) VALUES (71, 15, 13, 11, 124.749606982);
INSERT INTO reading_data (reading_id, bin_id, bin_section_id, sensor_type_id, value) VALUES (71, 15, 13, 12, 125.983721226);
INSERT INTO reading_data (reading_id, bin_id, bin_section_id, sensor_type_id, value) VALUES (71, 15, 13, 13, 0);
INSERT INTO reading_data (reading_id, bin_id, bin_section_id, sensor_type_id, value) VALUES (71, 15, 14, 10, 95.2123233355);
INSERT INTO reading_data (reading_id, bin_id, bin_section_id, sensor_type_id, value) VALUES (71, 15, 14, 11, 99.0269340627);
INSERT INTO reading_data (reading_id, bin_id, bin_section_id, sensor_type_id, value) VALUES (71, 17, 13, 10, 95.3476135595);
INSERT INTO reading_data (reading_id, bin_id, bin_section_id, sensor_type_id, value) VALUES (71, 17, 13, 11, 81.2476762856);
INSERT INTO reading_data (reading_id, bin_id, bin_section_id, sensor_type_id, value) VALUES (71, 17, 13, 12, 85.7330011697);
INSERT INTO reading_data (reading_id, bin_id, bin_section_id, sensor_type_id, value) VALUES (71, 17, 13, 13, 0);
INSERT INTO reading_data (reading_id, bin_id, bin_section_id, sensor_type_id, value) VALUES (71, 17, 14, 10, 103.553071338);
INSERT INTO reading_data (reading_id, bin_id, bin_section_id, sensor_type_id, value) VALUES (71, 17, 14, 11, 125.508836723);
INSERT INTO reading_data (reading_id, bin_id, bin_section_id, sensor_type_id, value) VALUES (71, 21, 13, 10, 115.467668836);
INSERT INTO reading_data (reading_id, bin_id, bin_section_id, sensor_type_id, value) VALUES (71, 21, 13, 11, 115.217159834);
INSERT INTO reading_data (reading_id, bin_id, bin_section_id, sensor_type_id, value) VALUES (71, 21, 13, 12, 110.545663512);
INSERT INTO reading_data (reading_id, bin_id, bin_section_id, sensor_type_id, value) VALUES (71, 21, 13, 13, 1);
INSERT INTO reading_data (reading_id, bin_id, bin_section_id, sensor_type_id, value) VALUES (71, 21, 14, 10, 92.0943396714);
INSERT INTO reading_data (reading_id, bin_id, bin_section_id, sensor_type_id, value) VALUES (71, 21, 14, 11, 95.2844354453);
INSERT INTO reading_data (reading_id, bin_id, bin_section_id, sensor_type_id, value) VALUES (71, 22, 13, 10, 110.876922286);
INSERT INTO reading_data (reading_id, bin_id, bin_section_id, sensor_type_id, value) VALUES (71, 22, 13, 11, 107.123868674);
INSERT INTO reading_data (reading_id, bin_id, bin_section_id, sensor_type_id, value) VALUES (71, 22, 13, 12, 88.0876431259);
INSERT INTO reading_data (reading_id, bin_id, bin_section_id, sensor_type_id, value) VALUES (71, 22, 13, 13, 1);
INSERT INTO reading_data (reading_id, bin_id, bin_section_id, sensor_type_id, value) VALUES (71, 22, 14, 10, 108.399670528);
INSERT INTO reading_data (reading_id, bin_id, bin_section_id, sensor_type_id, value) VALUES (71, 22, 14, 11, 109.641460552);
INSERT INTO reading_data (reading_id, bin_id, bin_section_id, sensor_type_id, value) VALUES (71, 23, 13, 10, 110.216091803);
INSERT INTO reading_data (reading_id, bin_id, bin_section_id, sensor_type_id, value) VALUES (71, 23, 13, 11, 129.123313583);
INSERT INTO reading_data (reading_id, bin_id, bin_section_id, sensor_type_id, value) VALUES (71, 23, 13, 12, 124.250774873);
INSERT INTO reading_data (reading_id, bin_id, bin_section_id, sensor_type_id, value) VALUES (71, 23, 13, 13, 1);
INSERT INTO reading_data (reading_id, bin_id, bin_section_id, sensor_type_id, value) VALUES (71, 23, 14, 10, 119.031653706);
INSERT INTO reading_data (reading_id, bin_id, bin_section_id, sensor_type_id, value) VALUES (71, 23, 14, 11, 87.4279576329);
INSERT INTO reading_data (reading_id, bin_id, bin_section_id, sensor_type_id, value) VALUES (71, 24, 13, 10, 91.3493268608);
INSERT INTO reading_data (reading_id, bin_id, bin_section_id, sensor_type_id, value) VALUES (71, 24, 13, 11, 94.7556166947);
INSERT INTO reading_data (reading_id, bin_id, bin_section_id, sensor_type_id, value) VALUES (71, 24, 13, 12, 86.8561980753);
INSERT INTO reading_data (reading_id, bin_id, bin_section_id, sensor_type_id, value) VALUES (71, 24, 13, 13, 0);
INSERT INTO reading_data (reading_id, bin_id, bin_section_id, sensor_type_id, value) VALUES (71, 24, 14, 10, 126.156594337);
INSERT INTO reading_data (reading_id, bin_id, bin_section_id, sensor_type_id, value) VALUES (71, 24, 14, 11, 119.945802516);
INSERT INTO reading_data (reading_id, bin_id, bin_section_id, sensor_type_id, value) VALUES (71, 25, 13, 10, 116.132759731);
INSERT INTO reading_data (reading_id, bin_id, bin_section_id, sensor_type_id, value) VALUES (71, 25, 13, 11, 100.571413312);
INSERT INTO reading_data (reading_id, bin_id, bin_section_id, sensor_type_id, value) VALUES (71, 25, 13, 12, 127.294550569);
INSERT INTO reading_data (reading_id, bin_id, bin_section_id, sensor_type_id, value) VALUES (71, 25, 13, 13, 0);
INSERT INTO reading_data (reading_id, bin_id, bin_section_id, sensor_type_id, value) VALUES (71, 25, 14, 10, 87.8561013338);
INSERT INTO reading_data (reading_id, bin_id, bin_section_id, sensor_type_id, value) VALUES (71, 25, 14, 11, 99.7503187321);
INSERT INTO reading (id, datetime) VALUES (72, TIMESTAMP '2012-08-19 18:39:45');
INSERT INTO reading_data (reading_id, bin_id, bin_section_id, sensor_type_id, value) VALUES (72, 10, 10, 50, 126.515995009);
INSERT INTO reading_data (reading_id, bin_id, bin_section_id, sensor_type_id, value) VALUES (72, 10, 10, 51, 104.773226871);
INSERT INTO reading_data (reading_id, bin_id, bin_section_id, sensor_type_id, value) VALUES (72, 10, 10, 40, 125.842650372);
INSERT INTO reading_data (reading_id, bin_id, bin_section_id, sensor_type_id, value) VALUES (72, 19, 10, 50, 100.893535537);
INSERT INTO reading_data (reading_id, bin_id, bin_section_id, sensor_type_id, value) VALUES (72, 19, 10, 51, 126.714980958);
INSERT INTO reading_data (reading_id, bin_id, bin_section_id, sensor_type_id, value) VALUES (72, 19, 10, 40, 124.442836521);
INSERT INTO reading_data (reading_id, bin_id, bin_section_id, sensor_type_id, value) VALUES (72, 11, 11, 20, 111.796075526);
INSERT INTO reading_data (reading_id, bin_id, bin_section_id, sensor_type_id, value) VALUES (72, 11, 11, 21, 105.267880442);
INSERT INTO reading_data (reading_id, bin_id, bin_section_id, sensor_type_id, value) VALUES (72, 11, 11, 10, 85.2730386112);
INSERT INTO reading_data (reading_id, bin_id, bin_section_id, sensor_type_id, value) VALUES (72, 11, 11, 11, 98.4014346826);
INSERT INTO reading_data (reading_id, bin_id, bin_section_id, sensor_type_id, value) VALUES (72, 21, 11, 20, 111.042343591);
INSERT INTO reading_data (reading_id, bin_id, bin_section_id, sensor_type_id, value) VALUES (72, 21, 11, 21, 121.008807834);
INSERT INTO reading_data (reading_id, bin_id, bin_section_id, sensor_type_id, value) VALUES (72, 21, 11, 10, 126.441289532);
INSERT INTO reading_data (reading_id, bin_id, bin_section_id, sensor_type_id, value) VALUES (72, 21, 11, 11, 95.0217245532);
INSERT INTO reading_data (reading_id, bin_id, bin_section_id, sensor_type_id, value) VALUES (72, 9, 14, 10, 87.8067734086);
INSERT INTO reading_data (reading_id, bin_id, bin_section_id, sensor_type_id, value) VALUES (72, 9, 14, 11, 97.0111713699);
INSERT INTO reading_data (reading_id, bin_id, bin_section_id, sensor_type_id, value) VALUES (72, 12, 13, 10, 87.9430813083);
INSERT INTO reading_data (reading_id, bin_id, bin_section_id, sensor_type_id, value) VALUES (72, 12, 13, 11, 100.9548088);
INSERT INTO reading_data (reading_id, bin_id, bin_section_id, sensor_type_id, value) VALUES (72, 12, 13, 12, 88.2122903939);
INSERT INTO reading_data (reading_id, bin_id, bin_section_id, sensor_type_id, value) VALUES (72, 12, 13, 13, 0);
INSERT INTO reading_data (reading_id, bin_id, bin_section_id, sensor_type_id, value) VALUES (72, 12, 14, 10, 92.8254804734);
INSERT INTO reading_data (reading_id, bin_id, bin_section_id, sensor_type_id, value) VALUES (72, 12, 14, 11, 83.1879590557);
INSERT INTO reading_data (reading_id, bin_id, bin_section_id, sensor_type_id, value) VALUES (72, 13, 13, 10, 113.532627887);
INSERT INTO reading_data (reading_id, bin_id, bin_section_id, sensor_type_id, value) VALUES (72, 13, 13, 11, 105.337936669);
INSERT INTO reading_data (reading_id, bin_id, bin_section_id, sensor_type_id, value) VALUES (72, 13, 13, 12, 115.846509876);
INSERT INTO reading_data (reading_id, bin_id, bin_section_id, sensor_type_id, value) VALUES (72, 13, 13, 13, 1);
INSERT INTO reading_data (reading_id, bin_id, bin_section_id, sensor_type_id, value) VALUES (72, 13, 14, 10, 81.4421616137);
INSERT INTO reading_data (reading_id, bin_id, bin_section_id, sensor_type_id, value) VALUES (72, 13, 14, 11, 123.28245878);
INSERT INTO reading_data (reading_id, bin_id, bin_section_id, sensor_type_id, value) VALUES (72, 14, 13, 10, 124.53774036);
INSERT INTO reading_data (reading_id, bin_id, bin_section_id, sensor_type_id, value) VALUES (72, 14, 13, 11, 109.11754085);
INSERT INTO reading_data (reading_id, bin_id, bin_section_id, sensor_type_id, value) VALUES (72, 14, 13, 12, 99.5043681165);
INSERT INTO reading_data (reading_id, bin_id, bin_section_id, sensor_type_id, value) VALUES (72, 14, 13, 13, 1);
INSERT INTO reading_data (reading_id, bin_id, bin_section_id, sensor_type_id, value) VALUES (72, 14, 14, 10, 85.1285865918);
INSERT INTO reading_data (reading_id, bin_id, bin_section_id, sensor_type_id, value) VALUES (72, 14, 14, 11, 110.428793893);
INSERT INTO reading_data (reading_id, bin_id, bin_section_id, sensor_type_id, value) VALUES (72, 15, 13, 10, 118.353428606);
INSERT INTO reading_data (reading_id, bin_id, bin_section_id, sensor_type_id, value) VALUES (72, 15, 13, 11, 94.5928158329);
INSERT INTO reading_data (reading_id, bin_id, bin_section_id, sensor_type_id, value) VALUES (72, 15, 13, 12, 99.372824972);
INSERT INTO reading_data (reading_id, bin_id, bin_section_id, sensor_type_id, value) VALUES (72, 15, 13, 13, 1);
INSERT INTO reading_data (reading_id, bin_id, bin_section_id, sensor_type_id, value) VALUES (72, 15, 14, 10, 129.733766636);
INSERT INTO reading_data (reading_id, bin_id, bin_section_id, sensor_type_id, value) VALUES (72, 15, 14, 11, 85.0418851022);
INSERT INTO reading_data (reading_id, bin_id, bin_section_id, sensor_type_id, value) VALUES (72, 17, 13, 10, 109.903791709);
INSERT INTO reading_data (reading_id, bin_id, bin_section_id, sensor_type_id, value) VALUES (72, 17, 13, 11, 97.822139647);
INSERT INTO reading_data (reading_id, bin_id, bin_section_id, sensor_type_id, value) VALUES (72, 17, 13, 12, 93.4045253317);
INSERT INTO reading_data (reading_id, bin_id, bin_section_id, sensor_type_id, value) VALUES (72, 17, 13, 13, 1);
INSERT INTO reading_data (reading_id, bin_id, bin_section_id, sensor_type_id, value) VALUES (72, 17, 14, 10, 117.77862105);
INSERT INTO reading_data (reading_id, bin_id, bin_section_id, sensor_type_id, value) VALUES (72, 17, 14, 11, 118.98183114);
INSERT INTO reading_data (reading_id, bin_id, bin_section_id, sensor_type_id, value) VALUES (72, 21, 13, 10, 114.43316179);
INSERT INTO reading_data (reading_id, bin_id, bin_section_id, sensor_type_id, value) VALUES (72, 21, 13, 11, 121.228155509);
INSERT INTO reading_data (reading_id, bin_id, bin_section_id, sensor_type_id, value) VALUES (72, 21, 13, 12, 109.865892859);
INSERT INTO reading_data (reading_id, bin_id, bin_section_id, sensor_type_id, value) VALUES (72, 21, 13, 13, 1);
INSERT INTO reading_data (reading_id, bin_id, bin_section_id, sensor_type_id, value) VALUES (72, 21, 14, 10, 86.0848319431);
INSERT INTO reading_data (reading_id, bin_id, bin_section_id, sensor_type_id, value) VALUES (72, 21, 14, 11, 86.3981962574);
INSERT INTO reading_data (reading_id, bin_id, bin_section_id, sensor_type_id, value) VALUES (72, 22, 13, 10, 80.5834805324);
INSERT INTO reading_data (reading_id, bin_id, bin_section_id, sensor_type_id, value) VALUES (72, 22, 13, 11, 112.197516581);
INSERT INTO reading_data (reading_id, bin_id, bin_section_id, sensor_type_id, value) VALUES (72, 22, 13, 12, 114.360295367);
INSERT INTO reading_data (reading_id, bin_id, bin_section_id, sensor_type_id, value) VALUES (72, 22, 13, 13, 0);
INSERT INTO reading_data (reading_id, bin_id, bin_section_id, sensor_type_id, value) VALUES (72, 22, 14, 10, 94.1441901865);
INSERT INTO reading_data (reading_id, bin_id, bin_section_id, sensor_type_id, value) VALUES (72, 22, 14, 11, 94.8892841922);
INSERT INTO reading_data (reading_id, bin_id, bin_section_id, sensor_type_id, value) VALUES (72, 23, 13, 10, 96.2428708908);
INSERT INTO reading_data (reading_id, bin_id, bin_section_id, sensor_type_id, value) VALUES (72, 23, 13, 11, 107.105058347);
INSERT INTO reading_data (reading_id, bin_id, bin_section_id, sensor_type_id, value) VALUES (72, 23, 13, 12, 124.275343258);
INSERT INTO reading_data (reading_id, bin_id, bin_section_id, sensor_type_id, value) VALUES (72, 23, 13, 13, 1);
INSERT INTO reading_data (reading_id, bin_id, bin_section_id, sensor_type_id, value) VALUES (72, 23, 14, 10, 90.7303959558);
INSERT INTO reading_data (reading_id, bin_id, bin_section_id, sensor_type_id, value) VALUES (72, 23, 14, 11, 98.1639812942);
INSERT INTO reading_data (reading_id, bin_id, bin_section_id, sensor_type_id, value) VALUES (72, 24, 13, 10, 104.057365263);
INSERT INTO reading_data (reading_id, bin_id, bin_section_id, sensor_type_id, value) VALUES (72, 24, 13, 11, 86.1266822801);
INSERT INTO reading_data (reading_id, bin_id, bin_section_id, sensor_type_id, value) VALUES (72, 24, 13, 12, 113.501119696);
INSERT INTO reading_data (reading_id, bin_id, bin_section_id, sensor_type_id, value) VALUES (72, 24, 13, 13, 0);
INSERT INTO reading_data (reading_id, bin_id, bin_section_id, sensor_type_id, value) VALUES (72, 24, 14, 10, 91.3523001899);
INSERT INTO reading_data (reading_id, bin_id, bin_section_id, sensor_type_id, value) VALUES (72, 24, 14, 11, 104.687018071);
INSERT INTO reading_data (reading_id, bin_id, bin_section_id, sensor_type_id, value) VALUES (72, 25, 13, 10, 94.8925498373);
INSERT INTO reading_data (reading_id, bin_id, bin_section_id, sensor_type_id, value) VALUES (72, 25, 13, 11, 97.8719899314);
INSERT INTO reading_data (reading_id, bin_id, bin_section_id, sensor_type_id, value) VALUES (72, 25, 13, 12, 117.81576132);
INSERT INTO reading_data (reading_id, bin_id, bin_section_id, sensor_type_id, value) VALUES (72, 25, 13, 13, 1);
INSERT INTO reading_data (reading_id, bin_id, bin_section_id, sensor_type_id, value) VALUES (72, 25, 14, 10, 129.64106205);
INSERT INTO reading_data (reading_id, bin_id, bin_section_id, sensor_type_id, value) VALUES (72, 25, 14, 11, 117.989758709);
INSERT INTO reading (id, datetime) VALUES (73, TIMESTAMP '2012-08-19 18:44:45');
INSERT INTO reading_data (reading_id, bin_id, bin_section_id, sensor_type_id, value) VALUES (73, 10, 10, 50, 102.988785955);
INSERT INTO reading_data (reading_id, bin_id, bin_section_id, sensor_type_id, value) VALUES (73, 10, 10, 51, 128.726750202);
INSERT INTO reading_data (reading_id, bin_id, bin_section_id, sensor_type_id, value) VALUES (73, 10, 10, 40, 124.919086501);
INSERT INTO reading_data (reading_id, bin_id, bin_section_id, sensor_type_id, value) VALUES (73, 19, 10, 50, 80.9827752878);
INSERT INTO reading_data (reading_id, bin_id, bin_section_id, sensor_type_id, value) VALUES (73, 19, 10, 51, 119.926013757);
INSERT INTO reading_data (reading_id, bin_id, bin_section_id, sensor_type_id, value) VALUES (73, 19, 10, 40, 92.062873253);
INSERT INTO reading_data (reading_id, bin_id, bin_section_id, sensor_type_id, value) VALUES (73, 11, 11, 20, 93.1142296049);
INSERT INTO reading_data (reading_id, bin_id, bin_section_id, sensor_type_id, value) VALUES (73, 11, 11, 21, 108.276527715);
INSERT INTO reading_data (reading_id, bin_id, bin_section_id, sensor_type_id, value) VALUES (73, 11, 11, 10, 111.608892085);
INSERT INTO reading_data (reading_id, bin_id, bin_section_id, sensor_type_id, value) VALUES (73, 11, 11, 11, 97.5428455196);
INSERT INTO reading_data (reading_id, bin_id, bin_section_id, sensor_type_id, value) VALUES (73, 21, 11, 20, 103.674404103);
INSERT INTO reading_data (reading_id, bin_id, bin_section_id, sensor_type_id, value) VALUES (73, 21, 11, 21, 123.948268168);
INSERT INTO reading_data (reading_id, bin_id, bin_section_id, sensor_type_id, value) VALUES (73, 21, 11, 10, 95.0226988354);
INSERT INTO reading_data (reading_id, bin_id, bin_section_id, sensor_type_id, value) VALUES (73, 21, 11, 11, 119.823182725);
INSERT INTO reading_data (reading_id, bin_id, bin_section_id, sensor_type_id, value) VALUES (73, 9, 14, 10, 111.527028202);
INSERT INTO reading_data (reading_id, bin_id, bin_section_id, sensor_type_id, value) VALUES (73, 9, 14, 11, 94.9904822802);
INSERT INTO reading_data (reading_id, bin_id, bin_section_id, sensor_type_id, value) VALUES (73, 12, 13, 10, 114.862410736);
INSERT INTO reading_data (reading_id, bin_id, bin_section_id, sensor_type_id, value) VALUES (73, 12, 13, 11, 80.4033604606);
INSERT INTO reading_data (reading_id, bin_id, bin_section_id, sensor_type_id, value) VALUES (73, 12, 13, 12, 120.448987517);
INSERT INTO reading_data (reading_id, bin_id, bin_section_id, sensor_type_id, value) VALUES (73, 12, 13, 13, 1);
INSERT INTO reading_data (reading_id, bin_id, bin_section_id, sensor_type_id, value) VALUES (73, 12, 14, 10, 112.973433282);
INSERT INTO reading_data (reading_id, bin_id, bin_section_id, sensor_type_id, value) VALUES (73, 12, 14, 11, 126.171052407);
INSERT INTO reading_data (reading_id, bin_id, bin_section_id, sensor_type_id, value) VALUES (73, 13, 13, 10, 105.632498199);
INSERT INTO reading_data (reading_id, bin_id, bin_section_id, sensor_type_id, value) VALUES (73, 13, 13, 11, 94.3007231984);
INSERT INTO reading_data (reading_id, bin_id, bin_section_id, sensor_type_id, value) VALUES (73, 13, 13, 12, 83.0973030033);
INSERT INTO reading_data (reading_id, bin_id, bin_section_id, sensor_type_id, value) VALUES (73, 13, 13, 13, 1);
INSERT INTO reading_data (reading_id, bin_id, bin_section_id, sensor_type_id, value) VALUES (73, 13, 14, 10, 113.038482099);
INSERT INTO reading_data (reading_id, bin_id, bin_section_id, sensor_type_id, value) VALUES (73, 13, 14, 11, 104.801466887);
INSERT INTO reading_data (reading_id, bin_id, bin_section_id, sensor_type_id, value) VALUES (73, 14, 13, 10, 112.770008045);
INSERT INTO reading_data (reading_id, bin_id, bin_section_id, sensor_type_id, value) VALUES (73, 14, 13, 11, 124.380325076);
INSERT INTO reading_data (reading_id, bin_id, bin_section_id, sensor_type_id, value) VALUES (73, 14, 13, 12, 97.4271887249);
INSERT INTO reading_data (reading_id, bin_id, bin_section_id, sensor_type_id, value) VALUES (73, 14, 13, 13, 0);
INSERT INTO reading_data (reading_id, bin_id, bin_section_id, sensor_type_id, value) VALUES (73, 14, 14, 10, 113.63151685);
INSERT INTO reading_data (reading_id, bin_id, bin_section_id, sensor_type_id, value) VALUES (73, 14, 14, 11, 126.129060975);
INSERT INTO reading_data (reading_id, bin_id, bin_section_id, sensor_type_id, value) VALUES (73, 15, 13, 10, 103.678371932);
INSERT INTO reading_data (reading_id, bin_id, bin_section_id, sensor_type_id, value) VALUES (73, 15, 13, 11, 98.9846813096);
INSERT INTO reading_data (reading_id, bin_id, bin_section_id, sensor_type_id, value) VALUES (73, 15, 13, 12, 85.3117784884);
INSERT INTO reading_data (reading_id, bin_id, bin_section_id, sensor_type_id, value) VALUES (73, 15, 13, 13, 0);
INSERT INTO reading_data (reading_id, bin_id, bin_section_id, sensor_type_id, value) VALUES (73, 15, 14, 10, 96.6303481273);
INSERT INTO reading_data (reading_id, bin_id, bin_section_id, sensor_type_id, value) VALUES (73, 15, 14, 11, 124.905137485);
INSERT INTO reading_data (reading_id, bin_id, bin_section_id, sensor_type_id, value) VALUES (73, 17, 13, 10, 99.2971847826);
INSERT INTO reading_data (reading_id, bin_id, bin_section_id, sensor_type_id, value) VALUES (73, 17, 13, 11, 107.063926692);
INSERT INTO reading_data (reading_id, bin_id, bin_section_id, sensor_type_id, value) VALUES (73, 17, 13, 12, 113.938045);
INSERT INTO reading_data (reading_id, bin_id, bin_section_id, sensor_type_id, value) VALUES (73, 17, 13, 13, 1);
INSERT INTO reading_data (reading_id, bin_id, bin_section_id, sensor_type_id, value) VALUES (73, 17, 14, 10, 89.0309311247);
INSERT INTO reading_data (reading_id, bin_id, bin_section_id, sensor_type_id, value) VALUES (73, 17, 14, 11, 114.165464751);
INSERT INTO reading_data (reading_id, bin_id, bin_section_id, sensor_type_id, value) VALUES (73, 21, 13, 10, 108.577029108);
INSERT INTO reading_data (reading_id, bin_id, bin_section_id, sensor_type_id, value) VALUES (73, 21, 13, 11, 123.09274069);
INSERT INTO reading_data (reading_id, bin_id, bin_section_id, sensor_type_id, value) VALUES (73, 21, 13, 12, 94.1819231035);
INSERT INTO reading_data (reading_id, bin_id, bin_section_id, sensor_type_id, value) VALUES (73, 21, 13, 13, 0);
INSERT INTO reading_data (reading_id, bin_id, bin_section_id, sensor_type_id, value) VALUES (73, 21, 14, 10, 87.15960757);
INSERT INTO reading_data (reading_id, bin_id, bin_section_id, sensor_type_id, value) VALUES (73, 21, 14, 11, 114.981385226);
INSERT INTO reading_data (reading_id, bin_id, bin_section_id, sensor_type_id, value) VALUES (73, 22, 13, 10, 100.088665514);
INSERT INTO reading_data (reading_id, bin_id, bin_section_id, sensor_type_id, value) VALUES (73, 22, 13, 11, 123.646554876);
INSERT INTO reading_data (reading_id, bin_id, bin_section_id, sensor_type_id, value) VALUES (73, 22, 13, 12, 92.7428433297);
INSERT INTO reading_data (reading_id, bin_id, bin_section_id, sensor_type_id, value) VALUES (73, 22, 13, 13, 1);
INSERT INTO reading_data (reading_id, bin_id, bin_section_id, sensor_type_id, value) VALUES (73, 22, 14, 10, 101.17601408);
INSERT INTO reading_data (reading_id, bin_id, bin_section_id, sensor_type_id, value) VALUES (73, 22, 14, 11, 105.026859286);
INSERT INTO reading_data (reading_id, bin_id, bin_section_id, sensor_type_id, value) VALUES (73, 23, 13, 10, 116.717678283);
INSERT INTO reading_data (reading_id, bin_id, bin_section_id, sensor_type_id, value) VALUES (73, 23, 13, 11, 91.6896693626);
INSERT INTO reading_data (reading_id, bin_id, bin_section_id, sensor_type_id, value) VALUES (73, 23, 13, 12, 106.488166032);
INSERT INTO reading_data (reading_id, bin_id, bin_section_id, sensor_type_id, value) VALUES (73, 23, 13, 13, 0);
INSERT INTO reading_data (reading_id, bin_id, bin_section_id, sensor_type_id, value) VALUES (73, 23, 14, 10, 106.749309831);
INSERT INTO reading_data (reading_id, bin_id, bin_section_id, sensor_type_id, value) VALUES (73, 23, 14, 11, 123.501696013);
INSERT INTO reading_data (reading_id, bin_id, bin_section_id, sensor_type_id, value) VALUES (73, 24, 13, 10, 89.9830910921);
INSERT INTO reading_data (reading_id, bin_id, bin_section_id, sensor_type_id, value) VALUES (73, 24, 13, 11, 90.7846964994);
INSERT INTO reading_data (reading_id, bin_id, bin_section_id, sensor_type_id, value) VALUES (73, 24, 13, 12, 99.75188467);
INSERT INTO reading_data (reading_id, bin_id, bin_section_id, sensor_type_id, value) VALUES (73, 24, 13, 13, 0);
INSERT INTO reading_data (reading_id, bin_id, bin_section_id, sensor_type_id, value) VALUES (73, 24, 14, 10, 126.477191735);
INSERT INTO reading_data (reading_id, bin_id, bin_section_id, sensor_type_id, value) VALUES (73, 24, 14, 11, 93.4151305438);
INSERT INTO reading_data (reading_id, bin_id, bin_section_id, sensor_type_id, value) VALUES (73, 25, 13, 10, 125.507921308);
INSERT INTO reading_data (reading_id, bin_id, bin_section_id, sensor_type_id, value) VALUES (73, 25, 13, 11, 84.3992864893);
INSERT INTO reading_data (reading_id, bin_id, bin_section_id, sensor_type_id, value) VALUES (73, 25, 13, 12, 81.4973722132);
INSERT INTO reading_data (reading_id, bin_id, bin_section_id, sensor_type_id, value) VALUES (73, 25, 13, 13, 1);
INSERT INTO reading_data (reading_id, bin_id, bin_section_id, sensor_type_id, value) VALUES (73, 25, 14, 10, 128.720742582);
INSERT INTO reading_data (reading_id, bin_id, bin_section_id, sensor_type_id, value) VALUES (73, 25, 14, 11, 103.29686081);
INSERT INTO reading (id, datetime) VALUES (74, TIMESTAMP '2012-08-19 18:49:45');
INSERT INTO reading_data (reading_id, bin_id, bin_section_id, sensor_type_id, value) VALUES (74, 10, 10, 50, 111.602481727);
INSERT INTO reading_data (reading_id, bin_id, bin_section_id, sensor_type_id, value) VALUES (74, 10, 10, 51, 120.368686681);
INSERT INTO reading_data (reading_id, bin_id, bin_section_id, sensor_type_id, value) VALUES (74, 10, 10, 40, 119.637407003);
INSERT INTO reading_data (reading_id, bin_id, bin_section_id, sensor_type_id, value) VALUES (74, 19, 10, 50, 121.539122171);
INSERT INTO reading_data (reading_id, bin_id, bin_section_id, sensor_type_id, value) VALUES (74, 19, 10, 51, 90.1792467589);
INSERT INTO reading_data (reading_id, bin_id, bin_section_id, sensor_type_id, value) VALUES (74, 19, 10, 40, 101.29041603);
INSERT INTO reading_data (reading_id, bin_id, bin_section_id, sensor_type_id, value) VALUES (74, 11, 11, 20, 106.874939631);
INSERT INTO reading_data (reading_id, bin_id, bin_section_id, sensor_type_id, value) VALUES (74, 11, 11, 21, 97.2623455332);
INSERT INTO reading_data (reading_id, bin_id, bin_section_id, sensor_type_id, value) VALUES (74, 11, 11, 10, 115.366916097);
INSERT INTO reading_data (reading_id, bin_id, bin_section_id, sensor_type_id, value) VALUES (74, 11, 11, 11, 125.636904756);
INSERT INTO reading_data (reading_id, bin_id, bin_section_id, sensor_type_id, value) VALUES (74, 21, 11, 20, 126.213589435);
INSERT INTO reading_data (reading_id, bin_id, bin_section_id, sensor_type_id, value) VALUES (74, 21, 11, 21, 108.331873283);
INSERT INTO reading_data (reading_id, bin_id, bin_section_id, sensor_type_id, value) VALUES (74, 21, 11, 10, 128.310492385);
INSERT INTO reading_data (reading_id, bin_id, bin_section_id, sensor_type_id, value) VALUES (74, 21, 11, 11, 116.853312677);
INSERT INTO reading_data (reading_id, bin_id, bin_section_id, sensor_type_id, value) VALUES (74, 9, 14, 10, 101.830248518);
INSERT INTO reading_data (reading_id, bin_id, bin_section_id, sensor_type_id, value) VALUES (74, 9, 14, 11, 118.894546309);
INSERT INTO reading_data (reading_id, bin_id, bin_section_id, sensor_type_id, value) VALUES (74, 12, 13, 10, 102.215215935);
INSERT INTO reading_data (reading_id, bin_id, bin_section_id, sensor_type_id, value) VALUES (74, 12, 13, 11, 116.466780378);
INSERT INTO reading_data (reading_id, bin_id, bin_section_id, sensor_type_id, value) VALUES (74, 12, 13, 12, 129.310271971);
INSERT INTO reading_data (reading_id, bin_id, bin_section_id, sensor_type_id, value) VALUES (74, 12, 13, 13, 1);
INSERT INTO reading_data (reading_id, bin_id, bin_section_id, sensor_type_id, value) VALUES (74, 12, 14, 10, 125.890589066);
INSERT INTO reading_data (reading_id, bin_id, bin_section_id, sensor_type_id, value) VALUES (74, 12, 14, 11, 92.0270069033);
INSERT INTO reading_data (reading_id, bin_id, bin_section_id, sensor_type_id, value) VALUES (74, 13, 13, 10, 98.8224988921);
INSERT INTO reading_data (reading_id, bin_id, bin_section_id, sensor_type_id, value) VALUES (74, 13, 13, 11, 117.6323716);
INSERT INTO reading_data (reading_id, bin_id, bin_section_id, sensor_type_id, value) VALUES (74, 13, 13, 12, 102.216002336);
INSERT INTO reading_data (reading_id, bin_id, bin_section_id, sensor_type_id, value) VALUES (74, 13, 13, 13, 1);
INSERT INTO reading_data (reading_id, bin_id, bin_section_id, sensor_type_id, value) VALUES (74, 13, 14, 10, 86.235678591);
INSERT INTO reading_data (reading_id, bin_id, bin_section_id, sensor_type_id, value) VALUES (74, 13, 14, 11, 118.188630534);
INSERT INTO reading_data (reading_id, bin_id, bin_section_id, sensor_type_id, value) VALUES (74, 14, 13, 10, 121.934632295);
INSERT INTO reading_data (reading_id, bin_id, bin_section_id, sensor_type_id, value) VALUES (74, 14, 13, 11, 112.202593094);
INSERT INTO reading_data (reading_id, bin_id, bin_section_id, sensor_type_id, value) VALUES (74, 14, 13, 12, 119.987227356);
INSERT INTO reading_data (reading_id, bin_id, bin_section_id, sensor_type_id, value) VALUES (74, 14, 13, 13, 0);
INSERT INTO reading_data (reading_id, bin_id, bin_section_id, sensor_type_id, value) VALUES (74, 14, 14, 10, 89.9836367898);
INSERT INTO reading_data (reading_id, bin_id, bin_section_id, sensor_type_id, value) VALUES (74, 14, 14, 11, 94.1891462269);
INSERT INTO reading_data (reading_id, bin_id, bin_section_id, sensor_type_id, value) VALUES (74, 15, 13, 10, 92.4930439743);
INSERT INTO reading_data (reading_id, bin_id, bin_section_id, sensor_type_id, value) VALUES (74, 15, 13, 11, 116.387825244);
INSERT INTO reading_data (reading_id, bin_id, bin_section_id, sensor_type_id, value) VALUES (74, 15, 13, 12, 101.200795764);
INSERT INTO reading_data (reading_id, bin_id, bin_section_id, sensor_type_id, value) VALUES (74, 15, 13, 13, 0);
INSERT INTO reading_data (reading_id, bin_id, bin_section_id, sensor_type_id, value) VALUES (74, 15, 14, 10, 101.114114394);
INSERT INTO reading_data (reading_id, bin_id, bin_section_id, sensor_type_id, value) VALUES (74, 15, 14, 11, 128.650611317);
INSERT INTO reading_data (reading_id, bin_id, bin_section_id, sensor_type_id, value) VALUES (74, 17, 13, 10, 97.7041449828);
INSERT INTO reading_data (reading_id, bin_id, bin_section_id, sensor_type_id, value) VALUES (74, 17, 13, 11, 103.558332144);
INSERT INTO reading_data (reading_id, bin_id, bin_section_id, sensor_type_id, value) VALUES (74, 17, 13, 12, 95.1208983418);
INSERT INTO reading_data (reading_id, bin_id, bin_section_id, sensor_type_id, value) VALUES (74, 17, 13, 13, 0);
INSERT INTO reading_data (reading_id, bin_id, bin_section_id, sensor_type_id, value) VALUES (74, 17, 14, 10, 117.357403202);
INSERT INTO reading_data (reading_id, bin_id, bin_section_id, sensor_type_id, value) VALUES (74, 17, 14, 11, 125.126981676);
INSERT INTO reading_data (reading_id, bin_id, bin_section_id, sensor_type_id, value) VALUES (74, 21, 13, 10, 90.5294701928);
INSERT INTO reading_data (reading_id, bin_id, bin_section_id, sensor_type_id, value) VALUES (74, 21, 13, 11, 95.7729216441);
INSERT INTO reading_data (reading_id, bin_id, bin_section_id, sensor_type_id, value) VALUES (74, 21, 13, 12, 89.4745591169);
INSERT INTO reading_data (reading_id, bin_id, bin_section_id, sensor_type_id, value) VALUES (74, 21, 13, 13, 1);
INSERT INTO reading_data (reading_id, bin_id, bin_section_id, sensor_type_id, value) VALUES (74, 21, 14, 10, 83.2728511635);
INSERT INTO reading_data (reading_id, bin_id, bin_section_id, sensor_type_id, value) VALUES (74, 21, 14, 11, 125.630639827);
INSERT INTO reading_data (reading_id, bin_id, bin_section_id, sensor_type_id, value) VALUES (74, 22, 13, 10, 101.991754286);
INSERT INTO reading_data (reading_id, bin_id, bin_section_id, sensor_type_id, value) VALUES (74, 22, 13, 11, 100.385199167);
INSERT INTO reading_data (reading_id, bin_id, bin_section_id, sensor_type_id, value) VALUES (74, 22, 13, 12, 94.5428656635);
INSERT INTO reading_data (reading_id, bin_id, bin_section_id, sensor_type_id, value) VALUES (74, 22, 13, 13, 0);
INSERT INTO reading_data (reading_id, bin_id, bin_section_id, sensor_type_id, value) VALUES (74, 22, 14, 10, 100.90598348);
INSERT INTO reading_data (reading_id, bin_id, bin_section_id, sensor_type_id, value) VALUES (74, 22, 14, 11, 86.4801765284);
INSERT INTO reading_data (reading_id, bin_id, bin_section_id, sensor_type_id, value) VALUES (74, 23, 13, 10, 91.7473781868);
INSERT INTO reading_data (reading_id, bin_id, bin_section_id, sensor_type_id, value) VALUES (74, 23, 13, 11, 114.145057168);
INSERT INTO reading_data (reading_id, bin_id, bin_section_id, sensor_type_id, value) VALUES (74, 23, 13, 12, 121.12585646);
INSERT INTO reading_data (reading_id, bin_id, bin_section_id, sensor_type_id, value) VALUES (74, 23, 13, 13, 0);
INSERT INTO reading_data (reading_id, bin_id, bin_section_id, sensor_type_id, value) VALUES (74, 23, 14, 10, 99.7916079871);
INSERT INTO reading_data (reading_id, bin_id, bin_section_id, sensor_type_id, value) VALUES (74, 23, 14, 11, 124.571702354);
INSERT INTO reading_data (reading_id, bin_id, bin_section_id, sensor_type_id, value) VALUES (74, 24, 13, 10, 129.037920995);
INSERT INTO reading_data (reading_id, bin_id, bin_section_id, sensor_type_id, value) VALUES (74, 24, 13, 11, 96.0414754194);
INSERT INTO reading_data (reading_id, bin_id, bin_section_id, sensor_type_id, value) VALUES (74, 24, 13, 12, 108.126439368);
INSERT INTO reading_data (reading_id, bin_id, bin_section_id, sensor_type_id, value) VALUES (74, 24, 13, 13, 1);
INSERT INTO reading_data (reading_id, bin_id, bin_section_id, sensor_type_id, value) VALUES (74, 24, 14, 10, 115.336535918);
INSERT INTO reading_data (reading_id, bin_id, bin_section_id, sensor_type_id, value) VALUES (74, 24, 14, 11, 108.095190187);
INSERT INTO reading_data (reading_id, bin_id, bin_section_id, sensor_type_id, value) VALUES (74, 25, 13, 10, 108.434688306);
INSERT INTO reading_data (reading_id, bin_id, bin_section_id, sensor_type_id, value) VALUES (74, 25, 13, 11, 117.118523284);
INSERT INTO reading_data (reading_id, bin_id, bin_section_id, sensor_type_id, value) VALUES (74, 25, 13, 12, 121.748356316);
INSERT INTO reading_data (reading_id, bin_id, bin_section_id, sensor_type_id, value) VALUES (74, 25, 13, 13, 0);
INSERT INTO reading_data (reading_id, bin_id, bin_section_id, sensor_type_id, value) VALUES (74, 25, 14, 10, 95.4609481562);
INSERT INTO reading_data (reading_id, bin_id, bin_section_id, sensor_type_id, value) VALUES (74, 25, 14, 11, 114.280397018);
INSERT INTO reading (id, datetime) VALUES (75, TIMESTAMP '2012-08-19 18:54:45');
INSERT INTO reading_data (reading_id, bin_id, bin_section_id, sensor_type_id, value) VALUES (75, 10, 10, 50, 84.2874156322);
INSERT INTO reading_data (reading_id, bin_id, bin_section_id, sensor_type_id, value) VALUES (75, 10, 10, 51, 83.3180945719);
INSERT INTO reading_data (reading_id, bin_id, bin_section_id, sensor_type_id, value) VALUES (75, 10, 10, 40, 118.415013981);
INSERT INTO reading_data (reading_id, bin_id, bin_section_id, sensor_type_id, value) VALUES (75, 19, 10, 50, 109.043764583);
INSERT INTO reading_data (reading_id, bin_id, bin_section_id, sensor_type_id, value) VALUES (75, 19, 10, 51, 116.068747086);
INSERT INTO reading_data (reading_id, bin_id, bin_section_id, sensor_type_id, value) VALUES (75, 19, 10, 40, 116.471647522);
INSERT INTO reading_data (reading_id, bin_id, bin_section_id, sensor_type_id, value) VALUES (75, 11, 11, 20, 106.672769272);
INSERT INTO reading_data (reading_id, bin_id, bin_section_id, sensor_type_id, value) VALUES (75, 11, 11, 21, 123.069927616);
INSERT INTO reading_data (reading_id, bin_id, bin_section_id, sensor_type_id, value) VALUES (75, 11, 11, 10, 87.5599568399);
INSERT INTO reading_data (reading_id, bin_id, bin_section_id, sensor_type_id, value) VALUES (75, 11, 11, 11, 103.0864361);
INSERT INTO reading_data (reading_id, bin_id, bin_section_id, sensor_type_id, value) VALUES (75, 21, 11, 20, 105.323354716);
INSERT INTO reading_data (reading_id, bin_id, bin_section_id, sensor_type_id, value) VALUES (75, 21, 11, 21, 106.398956803);
INSERT INTO reading_data (reading_id, bin_id, bin_section_id, sensor_type_id, value) VALUES (75, 21, 11, 10, 123.932326039);
INSERT INTO reading_data (reading_id, bin_id, bin_section_id, sensor_type_id, value) VALUES (75, 21, 11, 11, 99.8240983542);
INSERT INTO reading_data (reading_id, bin_id, bin_section_id, sensor_type_id, value) VALUES (75, 9, 14, 10, 86.1819389954);
INSERT INTO reading_data (reading_id, bin_id, bin_section_id, sensor_type_id, value) VALUES (75, 9, 14, 11, 129.577515129);
INSERT INTO reading_data (reading_id, bin_id, bin_section_id, sensor_type_id, value) VALUES (75, 12, 13, 10, 94.110359481);
INSERT INTO reading_data (reading_id, bin_id, bin_section_id, sensor_type_id, value) VALUES (75, 12, 13, 11, 127.867778679);
INSERT INTO reading_data (reading_id, bin_id, bin_section_id, sensor_type_id, value) VALUES (75, 12, 13, 12, 118.712441242);
INSERT INTO reading_data (reading_id, bin_id, bin_section_id, sensor_type_id, value) VALUES (75, 12, 13, 13, 1);
INSERT INTO reading_data (reading_id, bin_id, bin_section_id, sensor_type_id, value) VALUES (75, 12, 14, 10, 129.946626509);
INSERT INTO reading_data (reading_id, bin_id, bin_section_id, sensor_type_id, value) VALUES (75, 12, 14, 11, 90.1057292138);
INSERT INTO reading_data (reading_id, bin_id, bin_section_id, sensor_type_id, value) VALUES (75, 13, 13, 10, 94.3569383041);
INSERT INTO reading_data (reading_id, bin_id, bin_section_id, sensor_type_id, value) VALUES (75, 13, 13, 11, 123.982089372);
INSERT INTO reading_data (reading_id, bin_id, bin_section_id, sensor_type_id, value) VALUES (75, 13, 13, 12, 113.02790727);
INSERT INTO reading_data (reading_id, bin_id, bin_section_id, sensor_type_id, value) VALUES (75, 13, 13, 13, 0);
INSERT INTO reading_data (reading_id, bin_id, bin_section_id, sensor_type_id, value) VALUES (75, 13, 14, 10, 106.054834224);
INSERT INTO reading_data (reading_id, bin_id, bin_section_id, sensor_type_id, value) VALUES (75, 13, 14, 11, 107.559276242);
INSERT INTO reading_data (reading_id, bin_id, bin_section_id, sensor_type_id, value) VALUES (75, 14, 13, 10, 96.4803755286);
INSERT INTO reading_data (reading_id, bin_id, bin_section_id, sensor_type_id, value) VALUES (75, 14, 13, 11, 87.1388009714);
INSERT INTO reading_data (reading_id, bin_id, bin_section_id, sensor_type_id, value) VALUES (75, 14, 13, 12, 123.091112381);
INSERT INTO reading_data (reading_id, bin_id, bin_section_id, sensor_type_id, value) VALUES (75, 14, 13, 13, 0);
INSERT INTO reading_data (reading_id, bin_id, bin_section_id, sensor_type_id, value) VALUES (75, 14, 14, 10, 90.858076707);
INSERT INTO reading_data (reading_id, bin_id, bin_section_id, sensor_type_id, value) VALUES (75, 14, 14, 11, 120.808935364);
INSERT INTO reading_data (reading_id, bin_id, bin_section_id, sensor_type_id, value) VALUES (75, 15, 13, 10, 115.889661743);
INSERT INTO reading_data (reading_id, bin_id, bin_section_id, sensor_type_id, value) VALUES (75, 15, 13, 11, 113.712669518);
INSERT INTO reading_data (reading_id, bin_id, bin_section_id, sensor_type_id, value) VALUES (75, 15, 13, 12, 119.707458526);
INSERT INTO reading_data (reading_id, bin_id, bin_section_id, sensor_type_id, value) VALUES (75, 15, 13, 13, 1);
INSERT INTO reading_data (reading_id, bin_id, bin_section_id, sensor_type_id, value) VALUES (75, 15, 14, 10, 82.2716568259);
INSERT INTO reading_data (reading_id, bin_id, bin_section_id, sensor_type_id, value) VALUES (75, 15, 14, 11, 109.604853142);
INSERT INTO reading_data (reading_id, bin_id, bin_section_id, sensor_type_id, value) VALUES (75, 17, 13, 10, 100.982260528);
INSERT INTO reading_data (reading_id, bin_id, bin_section_id, sensor_type_id, value) VALUES (75, 17, 13, 11, 85.3050842876);
INSERT INTO reading_data (reading_id, bin_id, bin_section_id, sensor_type_id, value) VALUES (75, 17, 13, 12, 109.513940771);
INSERT INTO reading_data (reading_id, bin_id, bin_section_id, sensor_type_id, value) VALUES (75, 17, 13, 13, 0);
INSERT INTO reading_data (reading_id, bin_id, bin_section_id, sensor_type_id, value) VALUES (75, 17, 14, 10, 97.2729996503);
INSERT INTO reading_data (reading_id, bin_id, bin_section_id, sensor_type_id, value) VALUES (75, 17, 14, 11, 88.1631862639);
INSERT INTO reading_data (reading_id, bin_id, bin_section_id, sensor_type_id, value) VALUES (75, 21, 13, 10, 102.934179908);
INSERT INTO reading_data (reading_id, bin_id, bin_section_id, sensor_type_id, value) VALUES (75, 21, 13, 11, 114.256596599);
INSERT INTO reading_data (reading_id, bin_id, bin_section_id, sensor_type_id, value) VALUES (75, 21, 13, 12, 108.276046345);
INSERT INTO reading_data (reading_id, bin_id, bin_section_id, sensor_type_id, value) VALUES (75, 21, 13, 13, 1);
INSERT INTO reading_data (reading_id, bin_id, bin_section_id, sensor_type_id, value) VALUES (75, 21, 14, 10, 109.618775199);
INSERT INTO reading_data (reading_id, bin_id, bin_section_id, sensor_type_id, value) VALUES (75, 21, 14, 11, 89.6016871322);
INSERT INTO reading_data (reading_id, bin_id, bin_section_id, sensor_type_id, value) VALUES (75, 22, 13, 10, 110.030033582);
INSERT INTO reading_data (reading_id, bin_id, bin_section_id, sensor_type_id, value) VALUES (75, 22, 13, 11, 85.0678503261);
INSERT INTO reading_data (reading_id, bin_id, bin_section_id, sensor_type_id, value) VALUES (75, 22, 13, 12, 103.30793904);
INSERT INTO reading_data (reading_id, bin_id, bin_section_id, sensor_type_id, value) VALUES (75, 22, 13, 13, 0);
INSERT INTO reading_data (reading_id, bin_id, bin_section_id, sensor_type_id, value) VALUES (75, 22, 14, 10, 90.2492295067);
INSERT INTO reading_data (reading_id, bin_id, bin_section_id, sensor_type_id, value) VALUES (75, 22, 14, 11, 93.7475164642);
INSERT INTO reading_data (reading_id, bin_id, bin_section_id, sensor_type_id, value) VALUES (75, 23, 13, 10, 128.915291052);
INSERT INTO reading_data (reading_id, bin_id, bin_section_id, sensor_type_id, value) VALUES (75, 23, 13, 11, 125.509726634);
INSERT INTO reading_data (reading_id, bin_id, bin_section_id, sensor_type_id, value) VALUES (75, 23, 13, 12, 98.7419295844);
INSERT INTO reading_data (reading_id, bin_id, bin_section_id, sensor_type_id, value) VALUES (75, 23, 13, 13, 1);
INSERT INTO reading_data (reading_id, bin_id, bin_section_id, sensor_type_id, value) VALUES (75, 23, 14, 10, 114.289649543);
INSERT INTO reading_data (reading_id, bin_id, bin_section_id, sensor_type_id, value) VALUES (75, 23, 14, 11, 81.3913602674);
INSERT INTO reading_data (reading_id, bin_id, bin_section_id, sensor_type_id, value) VALUES (75, 24, 13, 10, 123.965700051);
INSERT INTO reading_data (reading_id, bin_id, bin_section_id, sensor_type_id, value) VALUES (75, 24, 13, 11, 105.856895439);
INSERT INTO reading_data (reading_id, bin_id, bin_section_id, sensor_type_id, value) VALUES (75, 24, 13, 12, 113.341453299);
INSERT INTO reading_data (reading_id, bin_id, bin_section_id, sensor_type_id, value) VALUES (75, 24, 13, 13, 1);
INSERT INTO reading_data (reading_id, bin_id, bin_section_id, sensor_type_id, value) VALUES (75, 24, 14, 10, 94.772225388);
INSERT INTO reading_data (reading_id, bin_id, bin_section_id, sensor_type_id, value) VALUES (75, 24, 14, 11, 103.063778512);
INSERT INTO reading_data (reading_id, bin_id, bin_section_id, sensor_type_id, value) VALUES (75, 25, 13, 10, 86.9695386379);
INSERT INTO reading_data (reading_id, bin_id, bin_section_id, sensor_type_id, value) VALUES (75, 25, 13, 11, 81.680637758);
INSERT INTO reading_data (reading_id, bin_id, bin_section_id, sensor_type_id, value) VALUES (75, 25, 13, 12, 125.684324654);
INSERT INTO reading_data (reading_id, bin_id, bin_section_id, sensor_type_id, value) VALUES (75, 25, 13, 13, 0);
INSERT INTO reading_data (reading_id, bin_id, bin_section_id, sensor_type_id, value) VALUES (75, 25, 14, 10, 94.4730878191);
INSERT INTO reading_data (reading_id, bin_id, bin_section_id, sensor_type_id, value) VALUES (75, 25, 14, 11, 116.112485985);
INSERT INTO reading (id, datetime) VALUES (76, TIMESTAMP '2012-08-19 18:59:45');
INSERT INTO reading_data (reading_id, bin_id, bin_section_id, sensor_type_id, value) VALUES (76, 10, 10, 50, 122.895713998);
INSERT INTO reading_data (reading_id, bin_id, bin_section_id, sensor_type_id, value) VALUES (76, 10, 10, 51, 97.3974296288);
INSERT INTO reading_data (reading_id, bin_id, bin_section_id, sensor_type_id, value) VALUES (76, 10, 10, 40, 112.783902848);
INSERT INTO reading_data (reading_id, bin_id, bin_section_id, sensor_type_id, value) VALUES (76, 19, 10, 50, 99.0279967902);
INSERT INTO reading_data (reading_id, bin_id, bin_section_id, sensor_type_id, value) VALUES (76, 19, 10, 51, 120.750129458);
INSERT INTO reading_data (reading_id, bin_id, bin_section_id, sensor_type_id, value) VALUES (76, 19, 10, 40, 98.8736106626);
INSERT INTO reading_data (reading_id, bin_id, bin_section_id, sensor_type_id, value) VALUES (76, 11, 11, 20, 95.6115027724);
INSERT INTO reading_data (reading_id, bin_id, bin_section_id, sensor_type_id, value) VALUES (76, 11, 11, 21, 129.136547139);
INSERT INTO reading_data (reading_id, bin_id, bin_section_id, sensor_type_id, value) VALUES (76, 11, 11, 10, 83.5145959189);
INSERT INTO reading_data (reading_id, bin_id, bin_section_id, sensor_type_id, value) VALUES (76, 11, 11, 11, 121.880954762);
INSERT INTO reading_data (reading_id, bin_id, bin_section_id, sensor_type_id, value) VALUES (76, 21, 11, 20, 115.126651356);
INSERT INTO reading_data (reading_id, bin_id, bin_section_id, sensor_type_id, value) VALUES (76, 21, 11, 21, 102.95710094);
INSERT INTO reading_data (reading_id, bin_id, bin_section_id, sensor_type_id, value) VALUES (76, 21, 11, 10, 96.8525493271);
INSERT INTO reading_data (reading_id, bin_id, bin_section_id, sensor_type_id, value) VALUES (76, 21, 11, 11, 115.219925111);
INSERT INTO reading_data (reading_id, bin_id, bin_section_id, sensor_type_id, value) VALUES (76, 9, 14, 10, 104.33249709);
INSERT INTO reading_data (reading_id, bin_id, bin_section_id, sensor_type_id, value) VALUES (76, 9, 14, 11, 104.69797138);
INSERT INTO reading_data (reading_id, bin_id, bin_section_id, sensor_type_id, value) VALUES (76, 12, 13, 10, 125.834499761);
INSERT INTO reading_data (reading_id, bin_id, bin_section_id, sensor_type_id, value) VALUES (76, 12, 13, 11, 93.4055544069);
INSERT INTO reading_data (reading_id, bin_id, bin_section_id, sensor_type_id, value) VALUES (76, 12, 13, 12, 100.816456411);
INSERT INTO reading_data (reading_id, bin_id, bin_section_id, sensor_type_id, value) VALUES (76, 12, 13, 13, 0);
INSERT INTO reading_data (reading_id, bin_id, bin_section_id, sensor_type_id, value) VALUES (76, 12, 14, 10, 99.7248337334);
INSERT INTO reading_data (reading_id, bin_id, bin_section_id, sensor_type_id, value) VALUES (76, 12, 14, 11, 116.245492558);
INSERT INTO reading_data (reading_id, bin_id, bin_section_id, sensor_type_id, value) VALUES (76, 13, 13, 10, 87.5544889344);
INSERT INTO reading_data (reading_id, bin_id, bin_section_id, sensor_type_id, value) VALUES (76, 13, 13, 11, 81.5290431747);
INSERT INTO reading_data (reading_id, bin_id, bin_section_id, sensor_type_id, value) VALUES (76, 13, 13, 12, 112.338942735);
INSERT INTO reading_data (reading_id, bin_id, bin_section_id, sensor_type_id, value) VALUES (76, 13, 13, 13, 1);
INSERT INTO reading_data (reading_id, bin_id, bin_section_id, sensor_type_id, value) VALUES (76, 13, 14, 10, 124.61786499);
INSERT INTO reading_data (reading_id, bin_id, bin_section_id, sensor_type_id, value) VALUES (76, 13, 14, 11, 109.661315818);
INSERT INTO reading_data (reading_id, bin_id, bin_section_id, sensor_type_id, value) VALUES (76, 14, 13, 10, 91.7353793981);
INSERT INTO reading_data (reading_id, bin_id, bin_section_id, sensor_type_id, value) VALUES (76, 14, 13, 11, 129.199439696);
INSERT INTO reading_data (reading_id, bin_id, bin_section_id, sensor_type_id, value) VALUES (76, 14, 13, 12, 120.302125262);
INSERT INTO reading_data (reading_id, bin_id, bin_section_id, sensor_type_id, value) VALUES (76, 14, 13, 13, 0);
INSERT INTO reading_data (reading_id, bin_id, bin_section_id, sensor_type_id, value) VALUES (76, 14, 14, 10, 108.082118273);
INSERT INTO reading_data (reading_id, bin_id, bin_section_id, sensor_type_id, value) VALUES (76, 14, 14, 11, 121.10977176);
INSERT INTO reading_data (reading_id, bin_id, bin_section_id, sensor_type_id, value) VALUES (76, 15, 13, 10, 114.168396105);
INSERT INTO reading_data (reading_id, bin_id, bin_section_id, sensor_type_id, value) VALUES (76, 15, 13, 11, 93.8850585888);
INSERT INTO reading_data (reading_id, bin_id, bin_section_id, sensor_type_id, value) VALUES (76, 15, 13, 12, 93.1538768099);
INSERT INTO reading_data (reading_id, bin_id, bin_section_id, sensor_type_id, value) VALUES (76, 15, 13, 13, 1);
INSERT INTO reading_data (reading_id, bin_id, bin_section_id, sensor_type_id, value) VALUES (76, 15, 14, 10, 108.760167259);
INSERT INTO reading_data (reading_id, bin_id, bin_section_id, sensor_type_id, value) VALUES (76, 15, 14, 11, 113.188637915);
INSERT INTO reading_data (reading_id, bin_id, bin_section_id, sensor_type_id, value) VALUES (76, 17, 13, 10, 116.304940364);
INSERT INTO reading_data (reading_id, bin_id, bin_section_id, sensor_type_id, value) VALUES (76, 17, 13, 11, 108.064665011);
INSERT INTO reading_data (reading_id, bin_id, bin_section_id, sensor_type_id, value) VALUES (76, 17, 13, 12, 93.0469557936);
INSERT INTO reading_data (reading_id, bin_id, bin_section_id, sensor_type_id, value) VALUES (76, 17, 13, 13, 1);
INSERT INTO reading_data (reading_id, bin_id, bin_section_id, sensor_type_id, value) VALUES (76, 17, 14, 10, 120.304997655);
INSERT INTO reading_data (reading_id, bin_id, bin_section_id, sensor_type_id, value) VALUES (76, 17, 14, 11, 88.09433907);
INSERT INTO reading_data (reading_id, bin_id, bin_section_id, sensor_type_id, value) VALUES (76, 21, 13, 10, 108.632446553);
INSERT INTO reading_data (reading_id, bin_id, bin_section_id, sensor_type_id, value) VALUES (76, 21, 13, 11, 107.069440764);
INSERT INTO reading_data (reading_id, bin_id, bin_section_id, sensor_type_id, value) VALUES (76, 21, 13, 12, 81.7787828431);
INSERT INTO reading_data (reading_id, bin_id, bin_section_id, sensor_type_id, value) VALUES (76, 21, 13, 13, 0);
INSERT INTO reading_data (reading_id, bin_id, bin_section_id, sensor_type_id, value) VALUES (76, 21, 14, 10, 102.109272352);
INSERT INTO reading_data (reading_id, bin_id, bin_section_id, sensor_type_id, value) VALUES (76, 21, 14, 11, 105.400956655);
INSERT INTO reading_data (reading_id, bin_id, bin_section_id, sensor_type_id, value) VALUES (76, 22, 13, 10, 108.394795394);
INSERT INTO reading_data (reading_id, bin_id, bin_section_id, sensor_type_id, value) VALUES (76, 22, 13, 11, 115.691082947);
INSERT INTO reading_data (reading_id, bin_id, bin_section_id, sensor_type_id, value) VALUES (76, 22, 13, 12, 91.0570295188);
INSERT INTO reading_data (reading_id, bin_id, bin_section_id, sensor_type_id, value) VALUES (76, 22, 13, 13, 1);
INSERT INTO reading_data (reading_id, bin_id, bin_section_id, sensor_type_id, value) VALUES (76, 22, 14, 10, 97.0698053335);
INSERT INTO reading_data (reading_id, bin_id, bin_section_id, sensor_type_id, value) VALUES (76, 22, 14, 11, 92.9897786014);
INSERT INTO reading_data (reading_id, bin_id, bin_section_id, sensor_type_id, value) VALUES (76, 23, 13, 10, 97.4898035621);
INSERT INTO reading_data (reading_id, bin_id, bin_section_id, sensor_type_id, value) VALUES (76, 23, 13, 11, 85.3955899243);
INSERT INTO reading_data (reading_id, bin_id, bin_section_id, sensor_type_id, value) VALUES (76, 23, 13, 12, 115.919246477);
INSERT INTO reading_data (reading_id, bin_id, bin_section_id, sensor_type_id, value) VALUES (76, 23, 13, 13, 0);
INSERT INTO reading_data (reading_id, bin_id, bin_section_id, sensor_type_id, value) VALUES (76, 23, 14, 10, 109.248960969);
INSERT INTO reading_data (reading_id, bin_id, bin_section_id, sensor_type_id, value) VALUES (76, 23, 14, 11, 117.42456254);
INSERT INTO reading_data (reading_id, bin_id, bin_section_id, sensor_type_id, value) VALUES (76, 24, 13, 10, 106.920699915);
INSERT INTO reading_data (reading_id, bin_id, bin_section_id, sensor_type_id, value) VALUES (76, 24, 13, 11, 101.044712641);
INSERT INTO reading_data (reading_id, bin_id, bin_section_id, sensor_type_id, value) VALUES (76, 24, 13, 12, 111.000407288);
INSERT INTO reading_data (reading_id, bin_id, bin_section_id, sensor_type_id, value) VALUES (76, 24, 13, 13, 1);
INSERT INTO reading_data (reading_id, bin_id, bin_section_id, sensor_type_id, value) VALUES (76, 24, 14, 10, 125.049778569);
INSERT INTO reading_data (reading_id, bin_id, bin_section_id, sensor_type_id, value) VALUES (76, 24, 14, 11, 81.6304248369);
INSERT INTO reading_data (reading_id, bin_id, bin_section_id, sensor_type_id, value) VALUES (76, 25, 13, 10, 96.9179952911);
INSERT INTO reading_data (reading_id, bin_id, bin_section_id, sensor_type_id, value) VALUES (76, 25, 13, 11, 115.740242613);
INSERT INTO reading_data (reading_id, bin_id, bin_section_id, sensor_type_id, value) VALUES (76, 25, 13, 12, 124.252842649);
INSERT INTO reading_data (reading_id, bin_id, bin_section_id, sensor_type_id, value) VALUES (76, 25, 13, 13, 1);
INSERT INTO reading_data (reading_id, bin_id, bin_section_id, sensor_type_id, value) VALUES (76, 25, 14, 10, 80.1833495213);
INSERT INTO reading_data (reading_id, bin_id, bin_section_id, sensor_type_id, value) VALUES (76, 25, 14, 11, 111.614990834);
INSERT INTO reading (id, datetime) VALUES (77, TIMESTAMP '2012-08-19 19:04:45');
INSERT INTO reading_data (reading_id, bin_id, bin_section_id, sensor_type_id, value) VALUES (77, 10, 10, 50, 83.5721193826);
INSERT INTO reading_data (reading_id, bin_id, bin_section_id, sensor_type_id, value) VALUES (77, 10, 10, 51, 98.2218810051);
INSERT INTO reading_data (reading_id, bin_id, bin_section_id, sensor_type_id, value) VALUES (77, 10, 10, 40, 126.249493511);
INSERT INTO reading_data (reading_id, bin_id, bin_section_id, sensor_type_id, value) VALUES (77, 19, 10, 50, 81.0372803188);
INSERT INTO reading_data (reading_id, bin_id, bin_section_id, sensor_type_id, value) VALUES (77, 19, 10, 51, 127.73505267);
INSERT INTO reading_data (reading_id, bin_id, bin_section_id, sensor_type_id, value) VALUES (77, 19, 10, 40, 117.177469793);
INSERT INTO reading_data (reading_id, bin_id, bin_section_id, sensor_type_id, value) VALUES (77, 11, 11, 20, 97.8101346696);
INSERT INTO reading_data (reading_id, bin_id, bin_section_id, sensor_type_id, value) VALUES (77, 11, 11, 21, 83.119873406);
INSERT INTO reading_data (reading_id, bin_id, bin_section_id, sensor_type_id, value) VALUES (77, 11, 11, 10, 93.7611673262);
INSERT INTO reading_data (reading_id, bin_id, bin_section_id, sensor_type_id, value) VALUES (77, 11, 11, 11, 100.740264639);
INSERT INTO reading_data (reading_id, bin_id, bin_section_id, sensor_type_id, value) VALUES (77, 21, 11, 20, 82.5970343083);
INSERT INTO reading_data (reading_id, bin_id, bin_section_id, sensor_type_id, value) VALUES (77, 21, 11, 21, 92.3744262451);
INSERT INTO reading_data (reading_id, bin_id, bin_section_id, sensor_type_id, value) VALUES (77, 21, 11, 10, 80.4632113413);
INSERT INTO reading_data (reading_id, bin_id, bin_section_id, sensor_type_id, value) VALUES (77, 21, 11, 11, 95.5681516844);
INSERT INTO reading_data (reading_id, bin_id, bin_section_id, sensor_type_id, value) VALUES (77, 9, 14, 10, 119.962910215);
INSERT INTO reading_data (reading_id, bin_id, bin_section_id, sensor_type_id, value) VALUES (77, 9, 14, 11, 105.684997692);
INSERT INTO reading_data (reading_id, bin_id, bin_section_id, sensor_type_id, value) VALUES (77, 12, 13, 10, 115.48660516);
INSERT INTO reading_data (reading_id, bin_id, bin_section_id, sensor_type_id, value) VALUES (77, 12, 13, 11, 115.555219749);
INSERT INTO reading_data (reading_id, bin_id, bin_section_id, sensor_type_id, value) VALUES (77, 12, 13, 12, 120.060191463);
INSERT INTO reading_data (reading_id, bin_id, bin_section_id, sensor_type_id, value) VALUES (77, 12, 13, 13, 0);
INSERT INTO reading_data (reading_id, bin_id, bin_section_id, sensor_type_id, value) VALUES (77, 12, 14, 10, 105.669332806);
INSERT INTO reading_data (reading_id, bin_id, bin_section_id, sensor_type_id, value) VALUES (77, 12, 14, 11, 113.821453248);
INSERT INTO reading_data (reading_id, bin_id, bin_section_id, sensor_type_id, value) VALUES (77, 13, 13, 10, 120.978623463);
INSERT INTO reading_data (reading_id, bin_id, bin_section_id, sensor_type_id, value) VALUES (77, 13, 13, 11, 91.6654674286);
INSERT INTO reading_data (reading_id, bin_id, bin_section_id, sensor_type_id, value) VALUES (77, 13, 13, 12, 90.9813987105);
INSERT INTO reading_data (reading_id, bin_id, bin_section_id, sensor_type_id, value) VALUES (77, 13, 13, 13, 0);
INSERT INTO reading_data (reading_id, bin_id, bin_section_id, sensor_type_id, value) VALUES (77, 13, 14, 10, 89.8820953653);
INSERT INTO reading_data (reading_id, bin_id, bin_section_id, sensor_type_id, value) VALUES (77, 13, 14, 11, 113.149789454);
INSERT INTO reading_data (reading_id, bin_id, bin_section_id, sensor_type_id, value) VALUES (77, 14, 13, 10, 95.3527077127);
INSERT INTO reading_data (reading_id, bin_id, bin_section_id, sensor_type_id, value) VALUES (77, 14, 13, 11, 114.935363561);
INSERT INTO reading_data (reading_id, bin_id, bin_section_id, sensor_type_id, value) VALUES (77, 14, 13, 12, 124.810915311);
INSERT INTO reading_data (reading_id, bin_id, bin_section_id, sensor_type_id, value) VALUES (77, 14, 13, 13, 0);
INSERT INTO reading_data (reading_id, bin_id, bin_section_id, sensor_type_id, value) VALUES (77, 14, 14, 10, 129.915929439);
INSERT INTO reading_data (reading_id, bin_id, bin_section_id, sensor_type_id, value) VALUES (77, 14, 14, 11, 92.3013166062);
INSERT INTO reading_data (reading_id, bin_id, bin_section_id, sensor_type_id, value) VALUES (77, 15, 13, 10, 116.618039399);
INSERT INTO reading_data (reading_id, bin_id, bin_section_id, sensor_type_id, value) VALUES (77, 15, 13, 11, 87.4056181778);
INSERT INTO reading_data (reading_id, bin_id, bin_section_id, sensor_type_id, value) VALUES (77, 15, 13, 12, 100.708700673);
INSERT INTO reading_data (reading_id, bin_id, bin_section_id, sensor_type_id, value) VALUES (77, 15, 13, 13, 0);
INSERT INTO reading_data (reading_id, bin_id, bin_section_id, sensor_type_id, value) VALUES (77, 15, 14, 10, 106.813228651);
INSERT INTO reading_data (reading_id, bin_id, bin_section_id, sensor_type_id, value) VALUES (77, 15, 14, 11, 100.782641817);
INSERT INTO reading_data (reading_id, bin_id, bin_section_id, sensor_type_id, value) VALUES (77, 17, 13, 10, 95.7556932789);
INSERT INTO reading_data (reading_id, bin_id, bin_section_id, sensor_type_id, value) VALUES (77, 17, 13, 11, 121.443382373);
INSERT INTO reading_data (reading_id, bin_id, bin_section_id, sensor_type_id, value) VALUES (77, 17, 13, 12, 101.280269098);
INSERT INTO reading_data (reading_id, bin_id, bin_section_id, sensor_type_id, value) VALUES (77, 17, 13, 13, 1);
INSERT INTO reading_data (reading_id, bin_id, bin_section_id, sensor_type_id, value) VALUES (77, 17, 14, 10, 124.479517531);
INSERT INTO reading_data (reading_id, bin_id, bin_section_id, sensor_type_id, value) VALUES (77, 17, 14, 11, 115.027577717);
INSERT INTO reading_data (reading_id, bin_id, bin_section_id, sensor_type_id, value) VALUES (77, 21, 13, 10, 106.673126934);
INSERT INTO reading_data (reading_id, bin_id, bin_section_id, sensor_type_id, value) VALUES (77, 21, 13, 11, 115.894882904);
INSERT INTO reading_data (reading_id, bin_id, bin_section_id, sensor_type_id, value) VALUES (77, 21, 13, 12, 111.352813349);
INSERT INTO reading_data (reading_id, bin_id, bin_section_id, sensor_type_id, value) VALUES (77, 21, 13, 13, 1);
INSERT INTO reading_data (reading_id, bin_id, bin_section_id, sensor_type_id, value) VALUES (77, 21, 14, 10, 114.676404152);
INSERT INTO reading_data (reading_id, bin_id, bin_section_id, sensor_type_id, value) VALUES (77, 21, 14, 11, 110.952333726);
INSERT INTO reading_data (reading_id, bin_id, bin_section_id, sensor_type_id, value) VALUES (77, 22, 13, 10, 99.414118812);
INSERT INTO reading_data (reading_id, bin_id, bin_section_id, sensor_type_id, value) VALUES (77, 22, 13, 11, 126.195789502);
INSERT INTO reading_data (reading_id, bin_id, bin_section_id, sensor_type_id, value) VALUES (77, 22, 13, 12, 128.259793579);
INSERT INTO reading_data (reading_id, bin_id, bin_section_id, sensor_type_id, value) VALUES (77, 22, 13, 13, 1);
INSERT INTO reading_data (reading_id, bin_id, bin_section_id, sensor_type_id, value) VALUES (77, 22, 14, 10, 116.812051573);
INSERT INTO reading_data (reading_id, bin_id, bin_section_id, sensor_type_id, value) VALUES (77, 22, 14, 11, 115.237331564);
INSERT INTO reading_data (reading_id, bin_id, bin_section_id, sensor_type_id, value) VALUES (77, 23, 13, 10, 85.2045843619);
INSERT INTO reading_data (reading_id, bin_id, bin_section_id, sensor_type_id, value) VALUES (77, 23, 13, 11, 98.7167996482);
INSERT INTO reading_data (reading_id, bin_id, bin_section_id, sensor_type_id, value) VALUES (77, 23, 13, 12, 111.74376568);
INSERT INTO reading_data (reading_id, bin_id, bin_section_id, sensor_type_id, value) VALUES (77, 23, 13, 13, 1);
INSERT INTO reading_data (reading_id, bin_id, bin_section_id, sensor_type_id, value) VALUES (77, 23, 14, 10, 90.3219271427);
INSERT INTO reading_data (reading_id, bin_id, bin_section_id, sensor_type_id, value) VALUES (77, 23, 14, 11, 82.8526994705);
INSERT INTO reading_data (reading_id, bin_id, bin_section_id, sensor_type_id, value) VALUES (77, 24, 13, 10, 115.400625367);
INSERT INTO reading_data (reading_id, bin_id, bin_section_id, sensor_type_id, value) VALUES (77, 24, 13, 11, 125.342398464);
INSERT INTO reading_data (reading_id, bin_id, bin_section_id, sensor_type_id, value) VALUES (77, 24, 13, 12, 116.256996985);
INSERT INTO reading_data (reading_id, bin_id, bin_section_id, sensor_type_id, value) VALUES (77, 24, 13, 13, 0);
INSERT INTO reading_data (reading_id, bin_id, bin_section_id, sensor_type_id, value) VALUES (77, 24, 14, 10, 93.0167335404);
INSERT INTO reading_data (reading_id, bin_id, bin_section_id, sensor_type_id, value) VALUES (77, 24, 14, 11, 114.221375594);
INSERT INTO reading_data (reading_id, bin_id, bin_section_id, sensor_type_id, value) VALUES (77, 25, 13, 10, 91.7991282084);
INSERT INTO reading_data (reading_id, bin_id, bin_section_id, sensor_type_id, value) VALUES (77, 25, 13, 11, 90.9623297576);
INSERT INTO reading_data (reading_id, bin_id, bin_section_id, sensor_type_id, value) VALUES (77, 25, 13, 12, 125.52464052);
INSERT INTO reading_data (reading_id, bin_id, bin_section_id, sensor_type_id, value) VALUES (77, 25, 13, 13, 1);
INSERT INTO reading_data (reading_id, bin_id, bin_section_id, sensor_type_id, value) VALUES (77, 25, 14, 10, 106.711172213);
INSERT INTO reading_data (reading_id, bin_id, bin_section_id, sensor_type_id, value) VALUES (77, 25, 14, 11, 107.471351772);
INSERT INTO reading (id, datetime) VALUES (78, TIMESTAMP '2012-08-19 19:09:45');
INSERT INTO reading_data (reading_id, bin_id, bin_section_id, sensor_type_id, value) VALUES (78, 10, 10, 50, 94.938569566);
INSERT INTO reading_data (reading_id, bin_id, bin_section_id, sensor_type_id, value) VALUES (78, 10, 10, 51, 118.413954399);
INSERT INTO reading_data (reading_id, bin_id, bin_section_id, sensor_type_id, value) VALUES (78, 10, 10, 40, 100.494450833);
INSERT INTO reading_data (reading_id, bin_id, bin_section_id, sensor_type_id, value) VALUES (78, 19, 10, 50, 124.952733218);
INSERT INTO reading_data (reading_id, bin_id, bin_section_id, sensor_type_id, value) VALUES (78, 19, 10, 51, 85.3343660511);
INSERT INTO reading_data (reading_id, bin_id, bin_section_id, sensor_type_id, value) VALUES (78, 19, 10, 40, 91.7004283649);
INSERT INTO reading_data (reading_id, bin_id, bin_section_id, sensor_type_id, value) VALUES (78, 11, 11, 20, 113.040032292);
INSERT INTO reading_data (reading_id, bin_id, bin_section_id, sensor_type_id, value) VALUES (78, 11, 11, 21, 124.365291684);
INSERT INTO reading_data (reading_id, bin_id, bin_section_id, sensor_type_id, value) VALUES (78, 11, 11, 10, 98.770722161);
INSERT INTO reading_data (reading_id, bin_id, bin_section_id, sensor_type_id, value) VALUES (78, 11, 11, 11, 117.003470115);
INSERT INTO reading_data (reading_id, bin_id, bin_section_id, sensor_type_id, value) VALUES (78, 21, 11, 20, 123.288518402);
INSERT INTO reading_data (reading_id, bin_id, bin_section_id, sensor_type_id, value) VALUES (78, 21, 11, 21, 98.0326874498);
INSERT INTO reading_data (reading_id, bin_id, bin_section_id, sensor_type_id, value) VALUES (78, 21, 11, 10, 124.987445219);
INSERT INTO reading_data (reading_id, bin_id, bin_section_id, sensor_type_id, value) VALUES (78, 21, 11, 11, 111.134759172);
INSERT INTO reading_data (reading_id, bin_id, bin_section_id, sensor_type_id, value) VALUES (78, 9, 14, 10, 111.16584539);
INSERT INTO reading_data (reading_id, bin_id, bin_section_id, sensor_type_id, value) VALUES (78, 9, 14, 11, 84.1423734241);
INSERT INTO reading_data (reading_id, bin_id, bin_section_id, sensor_type_id, value) VALUES (78, 12, 13, 10, 109.609454152);
INSERT INTO reading_data (reading_id, bin_id, bin_section_id, sensor_type_id, value) VALUES (78, 12, 13, 11, 114.761055691);
INSERT INTO reading_data (reading_id, bin_id, bin_section_id, sensor_type_id, value) VALUES (78, 12, 13, 12, 81.6261737441);
INSERT INTO reading_data (reading_id, bin_id, bin_section_id, sensor_type_id, value) VALUES (78, 12, 13, 13, 0);
INSERT INTO reading_data (reading_id, bin_id, bin_section_id, sensor_type_id, value) VALUES (78, 12, 14, 10, 92.0517704764);
INSERT INTO reading_data (reading_id, bin_id, bin_section_id, sensor_type_id, value) VALUES (78, 12, 14, 11, 122.756871607);
INSERT INTO reading_data (reading_id, bin_id, bin_section_id, sensor_type_id, value) VALUES (78, 13, 13, 10, 106.662244353);
INSERT INTO reading_data (reading_id, bin_id, bin_section_id, sensor_type_id, value) VALUES (78, 13, 13, 11, 119.194549877);
INSERT INTO reading_data (reading_id, bin_id, bin_section_id, sensor_type_id, value) VALUES (78, 13, 13, 12, 93.2056228231);
INSERT INTO reading_data (reading_id, bin_id, bin_section_id, sensor_type_id, value) VALUES (78, 13, 13, 13, 1);
INSERT INTO reading_data (reading_id, bin_id, bin_section_id, sensor_type_id, value) VALUES (78, 13, 14, 10, 127.562494266);
INSERT INTO reading_data (reading_id, bin_id, bin_section_id, sensor_type_id, value) VALUES (78, 13, 14, 11, 88.1809982641);
INSERT INTO reading_data (reading_id, bin_id, bin_section_id, sensor_type_id, value) VALUES (78, 14, 13, 10, 98.2882929571);
INSERT INTO reading_data (reading_id, bin_id, bin_section_id, sensor_type_id, value) VALUES (78, 14, 13, 11, 113.58374552);
INSERT INTO reading_data (reading_id, bin_id, bin_section_id, sensor_type_id, value) VALUES (78, 14, 13, 12, 92.2885387203);
INSERT INTO reading_data (reading_id, bin_id, bin_section_id, sensor_type_id, value) VALUES (78, 14, 13, 13, 1);
INSERT INTO reading_data (reading_id, bin_id, bin_section_id, sensor_type_id, value) VALUES (78, 14, 14, 10, 128.005611238);
INSERT INTO reading_data (reading_id, bin_id, bin_section_id, sensor_type_id, value) VALUES (78, 14, 14, 11, 122.156856283);
INSERT INTO reading_data (reading_id, bin_id, bin_section_id, sensor_type_id, value) VALUES (78, 15, 13, 10, 87.4358833107);
INSERT INTO reading_data (reading_id, bin_id, bin_section_id, sensor_type_id, value) VALUES (78, 15, 13, 11, 103.222081418);
INSERT INTO reading_data (reading_id, bin_id, bin_section_id, sensor_type_id, value) VALUES (78, 15, 13, 12, 98.4308688433);
INSERT INTO reading_data (reading_id, bin_id, bin_section_id, sensor_type_id, value) VALUES (78, 15, 13, 13, 1);
INSERT INTO reading_data (reading_id, bin_id, bin_section_id, sensor_type_id, value) VALUES (78, 15, 14, 10, 97.9650545);
INSERT INTO reading_data (reading_id, bin_id, bin_section_id, sensor_type_id, value) VALUES (78, 15, 14, 11, 103.396179047);
INSERT INTO reading_data (reading_id, bin_id, bin_section_id, sensor_type_id, value) VALUES (78, 17, 13, 10, 129.553208216);
INSERT INTO reading_data (reading_id, bin_id, bin_section_id, sensor_type_id, value) VALUES (78, 17, 13, 11, 126.93650851);
INSERT INTO reading_data (reading_id, bin_id, bin_section_id, sensor_type_id, value) VALUES (78, 17, 13, 12, 110.28636788);
INSERT INTO reading_data (reading_id, bin_id, bin_section_id, sensor_type_id, value) VALUES (78, 17, 13, 13, 1);
INSERT INTO reading_data (reading_id, bin_id, bin_section_id, sensor_type_id, value) VALUES (78, 17, 14, 10, 113.355751731);
INSERT INTO reading_data (reading_id, bin_id, bin_section_id, sensor_type_id, value) VALUES (78, 17, 14, 11, 84.4577933892);
INSERT INTO reading_data (reading_id, bin_id, bin_section_id, sensor_type_id, value) VALUES (78, 21, 13, 10, 122.48527271);
INSERT INTO reading_data (reading_id, bin_id, bin_section_id, sensor_type_id, value) VALUES (78, 21, 13, 11, 108.335798786);
INSERT INTO reading_data (reading_id, bin_id, bin_section_id, sensor_type_id, value) VALUES (78, 21, 13, 12, 96.7320374589);
INSERT INTO reading_data (reading_id, bin_id, bin_section_id, sensor_type_id, value) VALUES (78, 21, 13, 13, 1);
INSERT INTO reading_data (reading_id, bin_id, bin_section_id, sensor_type_id, value) VALUES (78, 21, 14, 10, 94.104580719);
INSERT INTO reading_data (reading_id, bin_id, bin_section_id, sensor_type_id, value) VALUES (78, 21, 14, 11, 127.806855472);
INSERT INTO reading_data (reading_id, bin_id, bin_section_id, sensor_type_id, value) VALUES (78, 22, 13, 10, 119.000319169);
INSERT INTO reading_data (reading_id, bin_id, bin_section_id, sensor_type_id, value) VALUES (78, 22, 13, 11, 82.9728289224);
INSERT INTO reading_data (reading_id, bin_id, bin_section_id, sensor_type_id, value) VALUES (78, 22, 13, 12, 126.519457227);
INSERT INTO reading_data (reading_id, bin_id, bin_section_id, sensor_type_id, value) VALUES (78, 22, 13, 13, 1);
INSERT INTO reading_data (reading_id, bin_id, bin_section_id, sensor_type_id, value) VALUES (78, 22, 14, 10, 122.389532049);
INSERT INTO reading_data (reading_id, bin_id, bin_section_id, sensor_type_id, value) VALUES (78, 22, 14, 11, 90.3694267215);
INSERT INTO reading_data (reading_id, bin_id, bin_section_id, sensor_type_id, value) VALUES (78, 23, 13, 10, 111.028784075);
INSERT INTO reading_data (reading_id, bin_id, bin_section_id, sensor_type_id, value) VALUES (78, 23, 13, 11, 128.891634278);
INSERT INTO reading_data (reading_id, bin_id, bin_section_id, sensor_type_id, value) VALUES (78, 23, 13, 12, 115.091866756);
INSERT INTO reading_data (reading_id, bin_id, bin_section_id, sensor_type_id, value) VALUES (78, 23, 13, 13, 1);
INSERT INTO reading_data (reading_id, bin_id, bin_section_id, sensor_type_id, value) VALUES (78, 23, 14, 10, 109.389113663);
INSERT INTO reading_data (reading_id, bin_id, bin_section_id, sensor_type_id, value) VALUES (78, 23, 14, 11, 111.404343526);
INSERT INTO reading_data (reading_id, bin_id, bin_section_id, sensor_type_id, value) VALUES (78, 24, 13, 10, 121.658979305);
INSERT INTO reading_data (reading_id, bin_id, bin_section_id, sensor_type_id, value) VALUES (78, 24, 13, 11, 111.016084632);
INSERT INTO reading_data (reading_id, bin_id, bin_section_id, sensor_type_id, value) VALUES (78, 24, 13, 12, 86.9807772667);
INSERT INTO reading_data (reading_id, bin_id, bin_section_id, sensor_type_id, value) VALUES (78, 24, 13, 13, 0);
INSERT INTO reading_data (reading_id, bin_id, bin_section_id, sensor_type_id, value) VALUES (78, 24, 14, 10, 120.269219518);
INSERT INTO reading_data (reading_id, bin_id, bin_section_id, sensor_type_id, value) VALUES (78, 24, 14, 11, 123.735231894);
INSERT INTO reading_data (reading_id, bin_id, bin_section_id, sensor_type_id, value) VALUES (78, 25, 13, 10, 122.43206258);
INSERT INTO reading_data (reading_id, bin_id, bin_section_id, sensor_type_id, value) VALUES (78, 25, 13, 11, 103.696746503);
INSERT INTO reading_data (reading_id, bin_id, bin_section_id, sensor_type_id, value) VALUES (78, 25, 13, 12, 120.300962796);
INSERT INTO reading_data (reading_id, bin_id, bin_section_id, sensor_type_id, value) VALUES (78, 25, 13, 13, 1);
INSERT INTO reading_data (reading_id, bin_id, bin_section_id, sensor_type_id, value) VALUES (78, 25, 14, 10, 104.46862408);
INSERT INTO reading_data (reading_id, bin_id, bin_section_id, sensor_type_id, value) VALUES (78, 25, 14, 11, 107.860468357);
INSERT INTO reading (id, datetime) VALUES (79, TIMESTAMP '2012-08-19 19:14:45');
INSERT INTO reading_data (reading_id, bin_id, bin_section_id, sensor_type_id, value) VALUES (79, 10, 10, 50, 127.808703212);
INSERT INTO reading_data (reading_id, bin_id, bin_section_id, sensor_type_id, value) VALUES (79, 10, 10, 51, 118.871438514);
INSERT INTO reading_data (reading_id, bin_id, bin_section_id, sensor_type_id, value) VALUES (79, 10, 10, 40, 84.566705741);
INSERT INTO reading_data (reading_id, bin_id, bin_section_id, sensor_type_id, value) VALUES (79, 19, 10, 50, 124.170701945);
INSERT INTO reading_data (reading_id, bin_id, bin_section_id, sensor_type_id, value) VALUES (79, 19, 10, 51, 102.059285263);
INSERT INTO reading_data (reading_id, bin_id, bin_section_id, sensor_type_id, value) VALUES (79, 19, 10, 40, 123.257601915);
INSERT INTO reading_data (reading_id, bin_id, bin_section_id, sensor_type_id, value) VALUES (79, 11, 11, 20, 93.1173882728);
INSERT INTO reading_data (reading_id, bin_id, bin_section_id, sensor_type_id, value) VALUES (79, 11, 11, 21, 80.1312186024);
INSERT INTO reading_data (reading_id, bin_id, bin_section_id, sensor_type_id, value) VALUES (79, 11, 11, 10, 105.490244786);
INSERT INTO reading_data (reading_id, bin_id, bin_section_id, sensor_type_id, value) VALUES (79, 11, 11, 11, 129.284605574);
INSERT INTO reading_data (reading_id, bin_id, bin_section_id, sensor_type_id, value) VALUES (79, 21, 11, 20, 123.070109668);
INSERT INTO reading_data (reading_id, bin_id, bin_section_id, sensor_type_id, value) VALUES (79, 21, 11, 21, 110.283026206);
INSERT INTO reading_data (reading_id, bin_id, bin_section_id, sensor_type_id, value) VALUES (79, 21, 11, 10, 114.274409759);
INSERT INTO reading_data (reading_id, bin_id, bin_section_id, sensor_type_id, value) VALUES (79, 21, 11, 11, 88.2279761978);
INSERT INTO reading_data (reading_id, bin_id, bin_section_id, sensor_type_id, value) VALUES (79, 9, 14, 10, 107.902909965);
INSERT INTO reading_data (reading_id, bin_id, bin_section_id, sensor_type_id, value) VALUES (79, 9, 14, 11, 80.9879599889);
INSERT INTO reading_data (reading_id, bin_id, bin_section_id, sensor_type_id, value) VALUES (79, 12, 13, 10, 101.335488938);
INSERT INTO reading_data (reading_id, bin_id, bin_section_id, sensor_type_id, value) VALUES (79, 12, 13, 11, 124.392568273);
INSERT INTO reading_data (reading_id, bin_id, bin_section_id, sensor_type_id, value) VALUES (79, 12, 13, 12, 119.383189122);
INSERT INTO reading_data (reading_id, bin_id, bin_section_id, sensor_type_id, value) VALUES (79, 12, 13, 13, 0);
INSERT INTO reading_data (reading_id, bin_id, bin_section_id, sensor_type_id, value) VALUES (79, 12, 14, 10, 97.1839698013);
INSERT INTO reading_data (reading_id, bin_id, bin_section_id, sensor_type_id, value) VALUES (79, 12, 14, 11, 97.1872690035);
INSERT INTO reading_data (reading_id, bin_id, bin_section_id, sensor_type_id, value) VALUES (79, 13, 13, 10, 110.888506658);
INSERT INTO reading_data (reading_id, bin_id, bin_section_id, sensor_type_id, value) VALUES (79, 13, 13, 11, 82.5902698727);
INSERT INTO reading_data (reading_id, bin_id, bin_section_id, sensor_type_id, value) VALUES (79, 13, 13, 12, 98.5523492784);
INSERT INTO reading_data (reading_id, bin_id, bin_section_id, sensor_type_id, value) VALUES (79, 13, 13, 13, 1);
INSERT INTO reading_data (reading_id, bin_id, bin_section_id, sensor_type_id, value) VALUES (79, 13, 14, 10, 123.408028132);
INSERT INTO reading_data (reading_id, bin_id, bin_section_id, sensor_type_id, value) VALUES (79, 13, 14, 11, 105.460845732);
INSERT INTO reading_data (reading_id, bin_id, bin_section_id, sensor_type_id, value) VALUES (79, 14, 13, 10, 94.5568193243);
INSERT INTO reading_data (reading_id, bin_id, bin_section_id, sensor_type_id, value) VALUES (79, 14, 13, 11, 117.01673525);
INSERT INTO reading_data (reading_id, bin_id, bin_section_id, sensor_type_id, value) VALUES (79, 14, 13, 12, 96.6820485596);
INSERT INTO reading_data (reading_id, bin_id, bin_section_id, sensor_type_id, value) VALUES (79, 14, 13, 13, 1);
INSERT INTO reading_data (reading_id, bin_id, bin_section_id, sensor_type_id, value) VALUES (79, 14, 14, 10, 124.269792398);
INSERT INTO reading_data (reading_id, bin_id, bin_section_id, sensor_type_id, value) VALUES (79, 14, 14, 11, 108.721428315);
INSERT INTO reading_data (reading_id, bin_id, bin_section_id, sensor_type_id, value) VALUES (79, 15, 13, 10, 118.095064834);
INSERT INTO reading_data (reading_id, bin_id, bin_section_id, sensor_type_id, value) VALUES (79, 15, 13, 11, 92.9889080056);
INSERT INTO reading_data (reading_id, bin_id, bin_section_id, sensor_type_id, value) VALUES (79, 15, 13, 12, 94.7078440155);
INSERT INTO reading_data (reading_id, bin_id, bin_section_id, sensor_type_id, value) VALUES (79, 15, 13, 13, 0);
INSERT INTO reading_data (reading_id, bin_id, bin_section_id, sensor_type_id, value) VALUES (79, 15, 14, 10, 107.268241799);
INSERT INTO reading_data (reading_id, bin_id, bin_section_id, sensor_type_id, value) VALUES (79, 15, 14, 11, 88.581748077);
INSERT INTO reading_data (reading_id, bin_id, bin_section_id, sensor_type_id, value) VALUES (79, 17, 13, 10, 127.993104288);
INSERT INTO reading_data (reading_id, bin_id, bin_section_id, sensor_type_id, value) VALUES (79, 17, 13, 11, 120.016599487);
INSERT INTO reading_data (reading_id, bin_id, bin_section_id, sensor_type_id, value) VALUES (79, 17, 13, 12, 84.7990795104);
INSERT INTO reading_data (reading_id, bin_id, bin_section_id, sensor_type_id, value) VALUES (79, 17, 13, 13, 0);
INSERT INTO reading_data (reading_id, bin_id, bin_section_id, sensor_type_id, value) VALUES (79, 17, 14, 10, 101.396893777);
INSERT INTO reading_data (reading_id, bin_id, bin_section_id, sensor_type_id, value) VALUES (79, 17, 14, 11, 91.7404472227);
INSERT INTO reading_data (reading_id, bin_id, bin_section_id, sensor_type_id, value) VALUES (79, 21, 13, 10, 105.856940922);
INSERT INTO reading_data (reading_id, bin_id, bin_section_id, sensor_type_id, value) VALUES (79, 21, 13, 11, 81.7519557031);
INSERT INTO reading_data (reading_id, bin_id, bin_section_id, sensor_type_id, value) VALUES (79, 21, 13, 12, 92.8401941806);
INSERT INTO reading_data (reading_id, bin_id, bin_section_id, sensor_type_id, value) VALUES (79, 21, 13, 13, 1);
INSERT INTO reading_data (reading_id, bin_id, bin_section_id, sensor_type_id, value) VALUES (79, 21, 14, 10, 115.790874937);
INSERT INTO reading_data (reading_id, bin_id, bin_section_id, sensor_type_id, value) VALUES (79, 21, 14, 11, 104.862022419);
INSERT INTO reading_data (reading_id, bin_id, bin_section_id, sensor_type_id, value) VALUES (79, 22, 13, 10, 86.6468967261);
INSERT INTO reading_data (reading_id, bin_id, bin_section_id, sensor_type_id, value) VALUES (79, 22, 13, 11, 114.10594427);
INSERT INTO reading_data (reading_id, bin_id, bin_section_id, sensor_type_id, value) VALUES (79, 22, 13, 12, 116.015526993);
INSERT INTO reading_data (reading_id, bin_id, bin_section_id, sensor_type_id, value) VALUES (79, 22, 13, 13, 1);
INSERT INTO reading_data (reading_id, bin_id, bin_section_id, sensor_type_id, value) VALUES (79, 22, 14, 10, 99.6882200108);
INSERT INTO reading_data (reading_id, bin_id, bin_section_id, sensor_type_id, value) VALUES (79, 22, 14, 11, 100.081855873);
INSERT INTO reading_data (reading_id, bin_id, bin_section_id, sensor_type_id, value) VALUES (79, 23, 13, 10, 110.59331896);
INSERT INTO reading_data (reading_id, bin_id, bin_section_id, sensor_type_id, value) VALUES (79, 23, 13, 11, 109.070916614);
INSERT INTO reading_data (reading_id, bin_id, bin_section_id, sensor_type_id, value) VALUES (79, 23, 13, 12, 102.487435834);
INSERT INTO reading_data (reading_id, bin_id, bin_section_id, sensor_type_id, value) VALUES (79, 23, 13, 13, 0);
INSERT INTO reading_data (reading_id, bin_id, bin_section_id, sensor_type_id, value) VALUES (79, 23, 14, 10, 116.020057797);
INSERT INTO reading_data (reading_id, bin_id, bin_section_id, sensor_type_id, value) VALUES (79, 23, 14, 11, 129.675253263);
INSERT INTO reading_data (reading_id, bin_id, bin_section_id, sensor_type_id, value) VALUES (79, 24, 13, 10, 94.2680570489);
INSERT INTO reading_data (reading_id, bin_id, bin_section_id, sensor_type_id, value) VALUES (79, 24, 13, 11, 101.028050603);
INSERT INTO reading_data (reading_id, bin_id, bin_section_id, sensor_type_id, value) VALUES (79, 24, 13, 12, 120.929951862);
INSERT INTO reading_data (reading_id, bin_id, bin_section_id, sensor_type_id, value) VALUES (79, 24, 13, 13, 1);
INSERT INTO reading_data (reading_id, bin_id, bin_section_id, sensor_type_id, value) VALUES (79, 24, 14, 10, 119.988579233);
INSERT INTO reading_data (reading_id, bin_id, bin_section_id, sensor_type_id, value) VALUES (79, 24, 14, 11, 127.348256491);
INSERT INTO reading_data (reading_id, bin_id, bin_section_id, sensor_type_id, value) VALUES (79, 25, 13, 10, 127.20325125);
INSERT INTO reading_data (reading_id, bin_id, bin_section_id, sensor_type_id, value) VALUES (79, 25, 13, 11, 90.224143223);
INSERT INTO reading_data (reading_id, bin_id, bin_section_id, sensor_type_id, value) VALUES (79, 25, 13, 12, 117.437485547);
INSERT INTO reading_data (reading_id, bin_id, bin_section_id, sensor_type_id, value) VALUES (79, 25, 13, 13, 0);
INSERT INTO reading_data (reading_id, bin_id, bin_section_id, sensor_type_id, value) VALUES (79, 25, 14, 10, 98.525666055);
INSERT INTO reading_data (reading_id, bin_id, bin_section_id, sensor_type_id, value) VALUES (79, 25, 14, 11, 90.1719236035);
INSERT INTO reading (id, datetime) VALUES (80, TIMESTAMP '2012-08-19 19:19:45');
INSERT INTO reading_data (reading_id, bin_id, bin_section_id, sensor_type_id, value) VALUES (80, 10, 10, 50, 103.65908844);
INSERT INTO reading_data (reading_id, bin_id, bin_section_id, sensor_type_id, value) VALUES (80, 10, 10, 51, 81.908990401);
INSERT INTO reading_data (reading_id, bin_id, bin_section_id, sensor_type_id, value) VALUES (80, 10, 10, 40, 96.9862290593);
INSERT INTO reading_data (reading_id, bin_id, bin_section_id, sensor_type_id, value) VALUES (80, 19, 10, 50, 99.7453486304);
INSERT INTO reading_data (reading_id, bin_id, bin_section_id, sensor_type_id, value) VALUES (80, 19, 10, 51, 111.456275051);
INSERT INTO reading_data (reading_id, bin_id, bin_section_id, sensor_type_id, value) VALUES (80, 19, 10, 40, 96.2824348972);
INSERT INTO reading_data (reading_id, bin_id, bin_section_id, sensor_type_id, value) VALUES (80, 11, 11, 20, 96.1607462142);
INSERT INTO reading_data (reading_id, bin_id, bin_section_id, sensor_type_id, value) VALUES (80, 11, 11, 21, 121.809032695);
INSERT INTO reading_data (reading_id, bin_id, bin_section_id, sensor_type_id, value) VALUES (80, 11, 11, 10, 110.730789559);
INSERT INTO reading_data (reading_id, bin_id, bin_section_id, sensor_type_id, value) VALUES (80, 11, 11, 11, 100.623076022);
INSERT INTO reading_data (reading_id, bin_id, bin_section_id, sensor_type_id, value) VALUES (80, 21, 11, 20, 85.0645027974);
INSERT INTO reading_data (reading_id, bin_id, bin_section_id, sensor_type_id, value) VALUES (80, 21, 11, 21, 116.375333125);
INSERT INTO reading_data (reading_id, bin_id, bin_section_id, sensor_type_id, value) VALUES (80, 21, 11, 10, 91.4548668784);
INSERT INTO reading_data (reading_id, bin_id, bin_section_id, sensor_type_id, value) VALUES (80, 21, 11, 11, 129.955105597);
INSERT INTO reading_data (reading_id, bin_id, bin_section_id, sensor_type_id, value) VALUES (80, 9, 14, 10, 118.24541024);
INSERT INTO reading_data (reading_id, bin_id, bin_section_id, sensor_type_id, value) VALUES (80, 9, 14, 11, 82.0179674434);
INSERT INTO reading_data (reading_id, bin_id, bin_section_id, sensor_type_id, value) VALUES (80, 12, 13, 10, 91.7797226714);
INSERT INTO reading_data (reading_id, bin_id, bin_section_id, sensor_type_id, value) VALUES (80, 12, 13, 11, 114.493838712);
INSERT INTO reading_data (reading_id, bin_id, bin_section_id, sensor_type_id, value) VALUES (80, 12, 13, 12, 111.510596657);
INSERT INTO reading_data (reading_id, bin_id, bin_section_id, sensor_type_id, value) VALUES (80, 12, 13, 13, 1);
INSERT INTO reading_data (reading_id, bin_id, bin_section_id, sensor_type_id, value) VALUES (80, 12, 14, 10, 100.101623135);
INSERT INTO reading_data (reading_id, bin_id, bin_section_id, sensor_type_id, value) VALUES (80, 12, 14, 11, 126.55931637);
INSERT INTO reading_data (reading_id, bin_id, bin_section_id, sensor_type_id, value) VALUES (80, 13, 13, 10, 109.663733734);
INSERT INTO reading_data (reading_id, bin_id, bin_section_id, sensor_type_id, value) VALUES (80, 13, 13, 11, 88.0494455292);
INSERT INTO reading_data (reading_id, bin_id, bin_section_id, sensor_type_id, value) VALUES (80, 13, 13, 12, 128.971414309);
INSERT INTO reading_data (reading_id, bin_id, bin_section_id, sensor_type_id, value) VALUES (80, 13, 13, 13, 1);
INSERT INTO reading_data (reading_id, bin_id, bin_section_id, sensor_type_id, value) VALUES (80, 13, 14, 10, 82.0190613785);
INSERT INTO reading_data (reading_id, bin_id, bin_section_id, sensor_type_id, value) VALUES (80, 13, 14, 11, 87.1214175112);
INSERT INTO reading_data (reading_id, bin_id, bin_section_id, sensor_type_id, value) VALUES (80, 14, 13, 10, 120.025479017);
INSERT INTO reading_data (reading_id, bin_id, bin_section_id, sensor_type_id, value) VALUES (80, 14, 13, 11, 103.036955576);
INSERT INTO reading_data (reading_id, bin_id, bin_section_id, sensor_type_id, value) VALUES (80, 14, 13, 12, 126.163980758);
INSERT INTO reading_data (reading_id, bin_id, bin_section_id, sensor_type_id, value) VALUES (80, 14, 13, 13, 0);
INSERT INTO reading_data (reading_id, bin_id, bin_section_id, sensor_type_id, value) VALUES (80, 14, 14, 10, 111.393278202);
INSERT INTO reading_data (reading_id, bin_id, bin_section_id, sensor_type_id, value) VALUES (80, 14, 14, 11, 90.8625717101);
INSERT INTO reading_data (reading_id, bin_id, bin_section_id, sensor_type_id, value) VALUES (80, 15, 13, 10, 80.0153305295);
INSERT INTO reading_data (reading_id, bin_id, bin_section_id, sensor_type_id, value) VALUES (80, 15, 13, 11, 89.2287029785);
INSERT INTO reading_data (reading_id, bin_id, bin_section_id, sensor_type_id, value) VALUES (80, 15, 13, 12, 95.9063400362);
INSERT INTO reading_data (reading_id, bin_id, bin_section_id, sensor_type_id, value) VALUES (80, 15, 13, 13, 0);
INSERT INTO reading_data (reading_id, bin_id, bin_section_id, sensor_type_id, value) VALUES (80, 15, 14, 10, 117.835113);
INSERT INTO reading_data (reading_id, bin_id, bin_section_id, sensor_type_id, value) VALUES (80, 15, 14, 11, 128.427264877);
INSERT INTO reading_data (reading_id, bin_id, bin_section_id, sensor_type_id, value) VALUES (80, 17, 13, 10, 102.755064377);
INSERT INTO reading_data (reading_id, bin_id, bin_section_id, sensor_type_id, value) VALUES (80, 17, 13, 11, 121.391810353);
INSERT INTO reading_data (reading_id, bin_id, bin_section_id, sensor_type_id, value) VALUES (80, 17, 13, 12, 124.943069375);
INSERT INTO reading_data (reading_id, bin_id, bin_section_id, sensor_type_id, value) VALUES (80, 17, 13, 13, 1);
INSERT INTO reading_data (reading_id, bin_id, bin_section_id, sensor_type_id, value) VALUES (80, 17, 14, 10, 123.96704211);
INSERT INTO reading_data (reading_id, bin_id, bin_section_id, sensor_type_id, value) VALUES (80, 17, 14, 11, 83.9452443577);
INSERT INTO reading_data (reading_id, bin_id, bin_section_id, sensor_type_id, value) VALUES (80, 21, 13, 10, 111.609782074);
INSERT INTO reading_data (reading_id, bin_id, bin_section_id, sensor_type_id, value) VALUES (80, 21, 13, 11, 112.675198094);
INSERT INTO reading_data (reading_id, bin_id, bin_section_id, sensor_type_id, value) VALUES (80, 21, 13, 12, 119.954036599);
INSERT INTO reading_data (reading_id, bin_id, bin_section_id, sensor_type_id, value) VALUES (80, 21, 13, 13, 0);
INSERT INTO reading_data (reading_id, bin_id, bin_section_id, sensor_type_id, value) VALUES (80, 21, 14, 10, 119.149730435);
INSERT INTO reading_data (reading_id, bin_id, bin_section_id, sensor_type_id, value) VALUES (80, 21, 14, 11, 110.227855352);
INSERT INTO reading_data (reading_id, bin_id, bin_section_id, sensor_type_id, value) VALUES (80, 22, 13, 10, 118.074317197);
INSERT INTO reading_data (reading_id, bin_id, bin_section_id, sensor_type_id, value) VALUES (80, 22, 13, 11, 94.1517162773);
INSERT INTO reading_data (reading_id, bin_id, bin_section_id, sensor_type_id, value) VALUES (80, 22, 13, 12, 103.082617475);
INSERT INTO reading_data (reading_id, bin_id, bin_section_id, sensor_type_id, value) VALUES (80, 22, 13, 13, 0);
INSERT INTO reading_data (reading_id, bin_id, bin_section_id, sensor_type_id, value) VALUES (80, 22, 14, 10, 123.825443668);
INSERT INTO reading_data (reading_id, bin_id, bin_section_id, sensor_type_id, value) VALUES (80, 22, 14, 11, 91.6576683738);
INSERT INTO reading_data (reading_id, bin_id, bin_section_id, sensor_type_id, value) VALUES (80, 23, 13, 10, 83.5581473803);
INSERT INTO reading_data (reading_id, bin_id, bin_section_id, sensor_type_id, value) VALUES (80, 23, 13, 11, 97.3006859618);
INSERT INTO reading_data (reading_id, bin_id, bin_section_id, sensor_type_id, value) VALUES (80, 23, 13, 12, 109.980840879);
INSERT INTO reading_data (reading_id, bin_id, bin_section_id, sensor_type_id, value) VALUES (80, 23, 13, 13, 1);
INSERT INTO reading_data (reading_id, bin_id, bin_section_id, sensor_type_id, value) VALUES (80, 23, 14, 10, 109.059600902);
INSERT INTO reading_data (reading_id, bin_id, bin_section_id, sensor_type_id, value) VALUES (80, 23, 14, 11, 101.401264022);
INSERT INTO reading_data (reading_id, bin_id, bin_section_id, sensor_type_id, value) VALUES (80, 24, 13, 10, 110.733826053);
INSERT INTO reading_data (reading_id, bin_id, bin_section_id, sensor_type_id, value) VALUES (80, 24, 13, 11, 129.618089248);
INSERT INTO reading_data (reading_id, bin_id, bin_section_id, sensor_type_id, value) VALUES (80, 24, 13, 12, 95.0273691357);
INSERT INTO reading_data (reading_id, bin_id, bin_section_id, sensor_type_id, value) VALUES (80, 24, 13, 13, 0);
INSERT INTO reading_data (reading_id, bin_id, bin_section_id, sensor_type_id, value) VALUES (80, 24, 14, 10, 92.5234337394);
INSERT INTO reading_data (reading_id, bin_id, bin_section_id, sensor_type_id, value) VALUES (80, 24, 14, 11, 98.5476233251);
INSERT INTO reading_data (reading_id, bin_id, bin_section_id, sensor_type_id, value) VALUES (80, 25, 13, 10, 107.321838245);
INSERT INTO reading_data (reading_id, bin_id, bin_section_id, sensor_type_id, value) VALUES (80, 25, 13, 11, 80.3429177924);
INSERT INTO reading_data (reading_id, bin_id, bin_section_id, sensor_type_id, value) VALUES (80, 25, 13, 12, 128.157502473);
INSERT INTO reading_data (reading_id, bin_id, bin_section_id, sensor_type_id, value) VALUES (80, 25, 13, 13, 0);
INSERT INTO reading_data (reading_id, bin_id, bin_section_id, sensor_type_id, value) VALUES (80, 25, 14, 10, 93.4728637252);
INSERT INTO reading_data (reading_id, bin_id, bin_section_id, sensor_type_id, value) VALUES (80, 25, 14, 11, 124.943668281);
INSERT INTO reading (id, datetime) VALUES (81, TIMESTAMP '2012-08-19 19:24:45');
INSERT INTO reading_data (reading_id, bin_id, bin_section_id, sensor_type_id, value) VALUES (81, 10, 10, 50, 125.997543636);
INSERT INTO reading_data (reading_id, bin_id, bin_section_id, sensor_type_id, value) VALUES (81, 10, 10, 51, 87.0154882479);
INSERT INTO reading_data (reading_id, bin_id, bin_section_id, sensor_type_id, value) VALUES (81, 10, 10, 40, 97.9931353962);
INSERT INTO reading_data (reading_id, bin_id, bin_section_id, sensor_type_id, value) VALUES (81, 19, 10, 50, 107.440818133);
INSERT INTO reading_data (reading_id, bin_id, bin_section_id, sensor_type_id, value) VALUES (81, 19, 10, 51, 116.411317163);
INSERT INTO reading_data (reading_id, bin_id, bin_section_id, sensor_type_id, value) VALUES (81, 19, 10, 40, 90.4031750599);
INSERT INTO reading_data (reading_id, bin_id, bin_section_id, sensor_type_id, value) VALUES (81, 11, 11, 20, 95.5340963844);
INSERT INTO reading_data (reading_id, bin_id, bin_section_id, sensor_type_id, value) VALUES (81, 11, 11, 21, 125.556240986);
INSERT INTO reading_data (reading_id, bin_id, bin_section_id, sensor_type_id, value) VALUES (81, 11, 11, 10, 82.7379599775);
INSERT INTO reading_data (reading_id, bin_id, bin_section_id, sensor_type_id, value) VALUES (81, 11, 11, 11, 104.763859576);
INSERT INTO reading_data (reading_id, bin_id, bin_section_id, sensor_type_id, value) VALUES (81, 21, 11, 20, 124.66428984);
INSERT INTO reading_data (reading_id, bin_id, bin_section_id, sensor_type_id, value) VALUES (81, 21, 11, 21, 127.484780988);
INSERT INTO reading_data (reading_id, bin_id, bin_section_id, sensor_type_id, value) VALUES (81, 21, 11, 10, 113.854932899);
INSERT INTO reading_data (reading_id, bin_id, bin_section_id, sensor_type_id, value) VALUES (81, 21, 11, 11, 126.151170933);
INSERT INTO reading_data (reading_id, bin_id, bin_section_id, sensor_type_id, value) VALUES (81, 9, 14, 10, 82.8416471904);
INSERT INTO reading_data (reading_id, bin_id, bin_section_id, sensor_type_id, value) VALUES (81, 9, 14, 11, 114.745454493);
INSERT INTO reading_data (reading_id, bin_id, bin_section_id, sensor_type_id, value) VALUES (81, 12, 13, 10, 129.134455961);
INSERT INTO reading_data (reading_id, bin_id, bin_section_id, sensor_type_id, value) VALUES (81, 12, 13, 11, 128.950991973);
INSERT INTO reading_data (reading_id, bin_id, bin_section_id, sensor_type_id, value) VALUES (81, 12, 13, 12, 102.348466516);
INSERT INTO reading_data (reading_id, bin_id, bin_section_id, sensor_type_id, value) VALUES (81, 12, 13, 13, 1);
INSERT INTO reading_data (reading_id, bin_id, bin_section_id, sensor_type_id, value) VALUES (81, 12, 14, 10, 89.5958105453);
INSERT INTO reading_data (reading_id, bin_id, bin_section_id, sensor_type_id, value) VALUES (81, 12, 14, 11, 86.5380464273);
INSERT INTO reading_data (reading_id, bin_id, bin_section_id, sensor_type_id, value) VALUES (81, 13, 13, 10, 103.928458409);
INSERT INTO reading_data (reading_id, bin_id, bin_section_id, sensor_type_id, value) VALUES (81, 13, 13, 11, 102.682385017);
INSERT INTO reading_data (reading_id, bin_id, bin_section_id, sensor_type_id, value) VALUES (81, 13, 13, 12, 97.0575214435);
INSERT INTO reading_data (reading_id, bin_id, bin_section_id, sensor_type_id, value) VALUES (81, 13, 13, 13, 0);
INSERT INTO reading_data (reading_id, bin_id, bin_section_id, sensor_type_id, value) VALUES (81, 13, 14, 10, 122.21029294);
INSERT INTO reading_data (reading_id, bin_id, bin_section_id, sensor_type_id, value) VALUES (81, 13, 14, 11, 98.0688121922);
INSERT INTO reading_data (reading_id, bin_id, bin_section_id, sensor_type_id, value) VALUES (81, 14, 13, 10, 85.3684874141);
INSERT INTO reading_data (reading_id, bin_id, bin_section_id, sensor_type_id, value) VALUES (81, 14, 13, 11, 113.31672381);
INSERT INTO reading_data (reading_id, bin_id, bin_section_id, sensor_type_id, value) VALUES (81, 14, 13, 12, 104.023049477);
INSERT INTO reading_data (reading_id, bin_id, bin_section_id, sensor_type_id, value) VALUES (81, 14, 13, 13, 1);
INSERT INTO reading_data (reading_id, bin_id, bin_section_id, sensor_type_id, value) VALUES (81, 14, 14, 10, 97.46052002);
INSERT INTO reading_data (reading_id, bin_id, bin_section_id, sensor_type_id, value) VALUES (81, 14, 14, 11, 88.4732774154);
INSERT INTO reading_data (reading_id, bin_id, bin_section_id, sensor_type_id, value) VALUES (81, 15, 13, 10, 105.812389129);
INSERT INTO reading_data (reading_id, bin_id, bin_section_id, sensor_type_id, value) VALUES (81, 15, 13, 11, 112.07142681);
INSERT INTO reading_data (reading_id, bin_id, bin_section_id, sensor_type_id, value) VALUES (81, 15, 13, 12, 115.900356945);
INSERT INTO reading_data (reading_id, bin_id, bin_section_id, sensor_type_id, value) VALUES (81, 15, 13, 13, 0);
INSERT INTO reading_data (reading_id, bin_id, bin_section_id, sensor_type_id, value) VALUES (81, 15, 14, 10, 85.7785600703);
INSERT INTO reading_data (reading_id, bin_id, bin_section_id, sensor_type_id, value) VALUES (81, 15, 14, 11, 94.319142087);
INSERT INTO reading_data (reading_id, bin_id, bin_section_id, sensor_type_id, value) VALUES (81, 17, 13, 10, 95.6789421199);
INSERT INTO reading_data (reading_id, bin_id, bin_section_id, sensor_type_id, value) VALUES (81, 17, 13, 11, 98.8949857947);
INSERT INTO reading_data (reading_id, bin_id, bin_section_id, sensor_type_id, value) VALUES (81, 17, 13, 12, 106.03412227);
INSERT INTO reading_data (reading_id, bin_id, bin_section_id, sensor_type_id, value) VALUES (81, 17, 13, 13, 0);
INSERT INTO reading_data (reading_id, bin_id, bin_section_id, sensor_type_id, value) VALUES (81, 17, 14, 10, 125.166676963);
INSERT INTO reading_data (reading_id, bin_id, bin_section_id, sensor_type_id, value) VALUES (81, 17, 14, 11, 88.9640618548);
INSERT INTO reading_data (reading_id, bin_id, bin_section_id, sensor_type_id, value) VALUES (81, 21, 13, 10, 90.0409587006);
INSERT INTO reading_data (reading_id, bin_id, bin_section_id, sensor_type_id, value) VALUES (81, 21, 13, 11, 118.95348675);
INSERT INTO reading_data (reading_id, bin_id, bin_section_id, sensor_type_id, value) VALUES (81, 21, 13, 12, 90.7855894683);
INSERT INTO reading_data (reading_id, bin_id, bin_section_id, sensor_type_id, value) VALUES (81, 21, 13, 13, 0);
INSERT INTO reading_data (reading_id, bin_id, bin_section_id, sensor_type_id, value) VALUES (81, 21, 14, 10, 104.320748004);
INSERT INTO reading_data (reading_id, bin_id, bin_section_id, sensor_type_id, value) VALUES (81, 21, 14, 11, 124.003831321);
INSERT INTO reading_data (reading_id, bin_id, bin_section_id, sensor_type_id, value) VALUES (81, 22, 13, 10, 126.795140237);
INSERT INTO reading_data (reading_id, bin_id, bin_section_id, sensor_type_id, value) VALUES (81, 22, 13, 11, 94.9966907456);
INSERT INTO reading_data (reading_id, bin_id, bin_section_id, sensor_type_id, value) VALUES (81, 22, 13, 12, 126.29149466);
INSERT INTO reading_data (reading_id, bin_id, bin_section_id, sensor_type_id, value) VALUES (81, 22, 13, 13, 0);
INSERT INTO reading_data (reading_id, bin_id, bin_section_id, sensor_type_id, value) VALUES (81, 22, 14, 10, 91.5777814292);
INSERT INTO reading_data (reading_id, bin_id, bin_section_id, sensor_type_id, value) VALUES (81, 22, 14, 11, 87.7830934703);
INSERT INTO reading_data (reading_id, bin_id, bin_section_id, sensor_type_id, value) VALUES (81, 23, 13, 10, 102.955623685);
INSERT INTO reading_data (reading_id, bin_id, bin_section_id, sensor_type_id, value) VALUES (81, 23, 13, 11, 129.811977202);
INSERT INTO reading_data (reading_id, bin_id, bin_section_id, sensor_type_id, value) VALUES (81, 23, 13, 12, 106.624708121);
INSERT INTO reading_data (reading_id, bin_id, bin_section_id, sensor_type_id, value) VALUES (81, 23, 13, 13, 0);
INSERT INTO reading_data (reading_id, bin_id, bin_section_id, sensor_type_id, value) VALUES (81, 23, 14, 10, 93.0163267533);
INSERT INTO reading_data (reading_id, bin_id, bin_section_id, sensor_type_id, value) VALUES (81, 23, 14, 11, 122.301669109);
INSERT INTO reading_data (reading_id, bin_id, bin_section_id, sensor_type_id, value) VALUES (81, 24, 13, 10, 123.795018504);
INSERT INTO reading_data (reading_id, bin_id, bin_section_id, sensor_type_id, value) VALUES (81, 24, 13, 11, 88.6135971687);
INSERT INTO reading_data (reading_id, bin_id, bin_section_id, sensor_type_id, value) VALUES (81, 24, 13, 12, 127.278538186);
INSERT INTO reading_data (reading_id, bin_id, bin_section_id, sensor_type_id, value) VALUES (81, 24, 13, 13, 0);
INSERT INTO reading_data (reading_id, bin_id, bin_section_id, sensor_type_id, value) VALUES (81, 24, 14, 10, 110.786290407);
INSERT INTO reading_data (reading_id, bin_id, bin_section_id, sensor_type_id, value) VALUES (81, 24, 14, 11, 106.208945183);
INSERT INTO reading_data (reading_id, bin_id, bin_section_id, sensor_type_id, value) VALUES (81, 25, 13, 10, 110.1205047);
INSERT INTO reading_data (reading_id, bin_id, bin_section_id, sensor_type_id, value) VALUES (81, 25, 13, 11, 83.6121976181);
INSERT INTO reading_data (reading_id, bin_id, bin_section_id, sensor_type_id, value) VALUES (81, 25, 13, 12, 108.233754238);
INSERT INTO reading_data (reading_id, bin_id, bin_section_id, sensor_type_id, value) VALUES (81, 25, 13, 13, 1);
INSERT INTO reading_data (reading_id, bin_id, bin_section_id, sensor_type_id, value) VALUES (81, 25, 14, 10, 118.796943108);
INSERT INTO reading_data (reading_id, bin_id, bin_section_id, sensor_type_id, value) VALUES (81, 25, 14, 11, 107.554456062);
INSERT INTO reading (id, datetime) VALUES (82, TIMESTAMP '2012-08-19 19:29:45');
INSERT INTO reading_data (reading_id, bin_id, bin_section_id, sensor_type_id, value) VALUES (82, 10, 10, 50, 128.792475972);
INSERT INTO reading_data (reading_id, bin_id, bin_section_id, sensor_type_id, value) VALUES (82, 10, 10, 51, 126.478366937);
INSERT INTO reading_data (reading_id, bin_id, bin_section_id, sensor_type_id, value) VALUES (82, 10, 10, 40, 103.873519291);
INSERT INTO reading_data (reading_id, bin_id, bin_section_id, sensor_type_id, value) VALUES (82, 19, 10, 50, 102.883694433);
INSERT INTO reading_data (reading_id, bin_id, bin_section_id, sensor_type_id, value) VALUES (82, 19, 10, 51, 122.534551774);
INSERT INTO reading_data (reading_id, bin_id, bin_section_id, sensor_type_id, value) VALUES (82, 19, 10, 40, 128.56055069);
INSERT INTO reading_data (reading_id, bin_id, bin_section_id, sensor_type_id, value) VALUES (82, 11, 11, 20, 91.558907232);
INSERT INTO reading_data (reading_id, bin_id, bin_section_id, sensor_type_id, value) VALUES (82, 11, 11, 21, 105.969262467);
INSERT INTO reading_data (reading_id, bin_id, bin_section_id, sensor_type_id, value) VALUES (82, 11, 11, 10, 99.6302160467);
INSERT INTO reading_data (reading_id, bin_id, bin_section_id, sensor_type_id, value) VALUES (82, 11, 11, 11, 107.96941758);
INSERT INTO reading_data (reading_id, bin_id, bin_section_id, sensor_type_id, value) VALUES (82, 21, 11, 20, 89.4172516464);
INSERT INTO reading_data (reading_id, bin_id, bin_section_id, sensor_type_id, value) VALUES (82, 21, 11, 21, 87.3022681726);
INSERT INTO reading_data (reading_id, bin_id, bin_section_id, sensor_type_id, value) VALUES (82, 21, 11, 10, 107.710393853);
INSERT INTO reading_data (reading_id, bin_id, bin_section_id, sensor_type_id, value) VALUES (82, 21, 11, 11, 106.121085797);
INSERT INTO reading_data (reading_id, bin_id, bin_section_id, sensor_type_id, value) VALUES (82, 9, 14, 10, 115.735433643);
INSERT INTO reading_data (reading_id, bin_id, bin_section_id, sensor_type_id, value) VALUES (82, 9, 14, 11, 122.10963932);
INSERT INTO reading_data (reading_id, bin_id, bin_section_id, sensor_type_id, value) VALUES (82, 12, 13, 10, 93.0247963441);
INSERT INTO reading_data (reading_id, bin_id, bin_section_id, sensor_type_id, value) VALUES (82, 12, 13, 11, 101.803878926);
INSERT INTO reading_data (reading_id, bin_id, bin_section_id, sensor_type_id, value) VALUES (82, 12, 13, 12, 121.260793074);
INSERT INTO reading_data (reading_id, bin_id, bin_section_id, sensor_type_id, value) VALUES (82, 12, 13, 13, 0);
INSERT INTO reading_data (reading_id, bin_id, bin_section_id, sensor_type_id, value) VALUES (82, 12, 14, 10, 121.368614372);
INSERT INTO reading_data (reading_id, bin_id, bin_section_id, sensor_type_id, value) VALUES (82, 12, 14, 11, 84.238448335);
INSERT INTO reading_data (reading_id, bin_id, bin_section_id, sensor_type_id, value) VALUES (82, 13, 13, 10, 95.6013853559);
INSERT INTO reading_data (reading_id, bin_id, bin_section_id, sensor_type_id, value) VALUES (82, 13, 13, 11, 128.806220808);
INSERT INTO reading_data (reading_id, bin_id, bin_section_id, sensor_type_id, value) VALUES (82, 13, 13, 12, 93.9641432183);
INSERT INTO reading_data (reading_id, bin_id, bin_section_id, sensor_type_id, value) VALUES (82, 13, 13, 13, 0);
INSERT INTO reading_data (reading_id, bin_id, bin_section_id, sensor_type_id, value) VALUES (82, 13, 14, 10, 119.995038864);
INSERT INTO reading_data (reading_id, bin_id, bin_section_id, sensor_type_id, value) VALUES (82, 13, 14, 11, 80.9626987422);
INSERT INTO reading_data (reading_id, bin_id, bin_section_id, sensor_type_id, value) VALUES (82, 14, 13, 10, 100.547274915);
INSERT INTO reading_data (reading_id, bin_id, bin_section_id, sensor_type_id, value) VALUES (82, 14, 13, 11, 121.104738202);
INSERT INTO reading_data (reading_id, bin_id, bin_section_id, sensor_type_id, value) VALUES (82, 14, 13, 12, 124.568089342);
INSERT INTO reading_data (reading_id, bin_id, bin_section_id, sensor_type_id, value) VALUES (82, 14, 13, 13, 1);
INSERT INTO reading_data (reading_id, bin_id, bin_section_id, sensor_type_id, value) VALUES (82, 14, 14, 10, 87.0282244256);
INSERT INTO reading_data (reading_id, bin_id, bin_section_id, sensor_type_id, value) VALUES (82, 14, 14, 11, 83.3334706846);
INSERT INTO reading_data (reading_id, bin_id, bin_section_id, sensor_type_id, value) VALUES (82, 15, 13, 10, 100.753719923);
INSERT INTO reading_data (reading_id, bin_id, bin_section_id, sensor_type_id, value) VALUES (82, 15, 13, 11, 117.179949303);
INSERT INTO reading_data (reading_id, bin_id, bin_section_id, sensor_type_id, value) VALUES (82, 15, 13, 12, 84.7017677508);
INSERT INTO reading_data (reading_id, bin_id, bin_section_id, sensor_type_id, value) VALUES (82, 15, 13, 13, 0);
INSERT INTO reading_data (reading_id, bin_id, bin_section_id, sensor_type_id, value) VALUES (82, 15, 14, 10, 120.075696084);
INSERT INTO reading_data (reading_id, bin_id, bin_section_id, sensor_type_id, value) VALUES (82, 15, 14, 11, 80.0536325513);
INSERT INTO reading_data (reading_id, bin_id, bin_section_id, sensor_type_id, value) VALUES (82, 17, 13, 10, 102.704915473);
INSERT INTO reading_data (reading_id, bin_id, bin_section_id, sensor_type_id, value) VALUES (82, 17, 13, 11, 119.077792047);
INSERT INTO reading_data (reading_id, bin_id, bin_section_id, sensor_type_id, value) VALUES (82, 17, 13, 12, 106.980448823);
INSERT INTO reading_data (reading_id, bin_id, bin_section_id, sensor_type_id, value) VALUES (82, 17, 13, 13, 1);
INSERT INTO reading_data (reading_id, bin_id, bin_section_id, sensor_type_id, value) VALUES (82, 17, 14, 10, 118.057083952);
INSERT INTO reading_data (reading_id, bin_id, bin_section_id, sensor_type_id, value) VALUES (82, 17, 14, 11, 117.630228381);
INSERT INTO reading_data (reading_id, bin_id, bin_section_id, sensor_type_id, value) VALUES (82, 21, 13, 10, 105.699816592);
INSERT INTO reading_data (reading_id, bin_id, bin_section_id, sensor_type_id, value) VALUES (82, 21, 13, 11, 85.1433619713);
INSERT INTO reading_data (reading_id, bin_id, bin_section_id, sensor_type_id, value) VALUES (82, 21, 13, 12, 108.957568125);
INSERT INTO reading_data (reading_id, bin_id, bin_section_id, sensor_type_id, value) VALUES (82, 21, 13, 13, 0);
INSERT INTO reading_data (reading_id, bin_id, bin_section_id, sensor_type_id, value) VALUES (82, 21, 14, 10, 103.008153793);
INSERT INTO reading_data (reading_id, bin_id, bin_section_id, sensor_type_id, value) VALUES (82, 21, 14, 11, 121.419275769);
INSERT INTO reading_data (reading_id, bin_id, bin_section_id, sensor_type_id, value) VALUES (82, 22, 13, 10, 94.4263615513);
INSERT INTO reading_data (reading_id, bin_id, bin_section_id, sensor_type_id, value) VALUES (82, 22, 13, 11, 100.770133201);
INSERT INTO reading_data (reading_id, bin_id, bin_section_id, sensor_type_id, value) VALUES (82, 22, 13, 12, 122.901425375);
INSERT INTO reading_data (reading_id, bin_id, bin_section_id, sensor_type_id, value) VALUES (82, 22, 13, 13, 1);
INSERT INTO reading_data (reading_id, bin_id, bin_section_id, sensor_type_id, value) VALUES (82, 22, 14, 10, 117.925932515);
INSERT INTO reading_data (reading_id, bin_id, bin_section_id, sensor_type_id, value) VALUES (82, 22, 14, 11, 83.4616368314);
INSERT INTO reading_data (reading_id, bin_id, bin_section_id, sensor_type_id, value) VALUES (82, 23, 13, 10, 112.081552831);
INSERT INTO reading_data (reading_id, bin_id, bin_section_id, sensor_type_id, value) VALUES (82, 23, 13, 11, 88.1309381051);
INSERT INTO reading_data (reading_id, bin_id, bin_section_id, sensor_type_id, value) VALUES (82, 23, 13, 12, 97.4466823421);
INSERT INTO reading_data (reading_id, bin_id, bin_section_id, sensor_type_id, value) VALUES (82, 23, 13, 13, 0);
INSERT INTO reading_data (reading_id, bin_id, bin_section_id, sensor_type_id, value) VALUES (82, 23, 14, 10, 93.8451168057);
INSERT INTO reading_data (reading_id, bin_id, bin_section_id, sensor_type_id, value) VALUES (82, 23, 14, 11, 107.952423959);
INSERT INTO reading_data (reading_id, bin_id, bin_section_id, sensor_type_id, value) VALUES (82, 24, 13, 10, 117.472650515);
INSERT INTO reading_data (reading_id, bin_id, bin_section_id, sensor_type_id, value) VALUES (82, 24, 13, 11, 107.821249159);
INSERT INTO reading_data (reading_id, bin_id, bin_section_id, sensor_type_id, value) VALUES (82, 24, 13, 12, 106.671013024);
INSERT INTO reading_data (reading_id, bin_id, bin_section_id, sensor_type_id, value) VALUES (82, 24, 13, 13, 1);
INSERT INTO reading_data (reading_id, bin_id, bin_section_id, sensor_type_id, value) VALUES (82, 24, 14, 10, 111.364638364);
INSERT INTO reading_data (reading_id, bin_id, bin_section_id, sensor_type_id, value) VALUES (82, 24, 14, 11, 84.5928258072);
INSERT INTO reading_data (reading_id, bin_id, bin_section_id, sensor_type_id, value) VALUES (82, 25, 13, 10, 120.205571918);
INSERT INTO reading_data (reading_id, bin_id, bin_section_id, sensor_type_id, value) VALUES (82, 25, 13, 11, 128.681427368);
INSERT INTO reading_data (reading_id, bin_id, bin_section_id, sensor_type_id, value) VALUES (82, 25, 13, 12, 114.941397883);
INSERT INTO reading_data (reading_id, bin_id, bin_section_id, sensor_type_id, value) VALUES (82, 25, 13, 13, 0);
INSERT INTO reading_data (reading_id, bin_id, bin_section_id, sensor_type_id, value) VALUES (82, 25, 14, 10, 114.37928191);
INSERT INTO reading_data (reading_id, bin_id, bin_section_id, sensor_type_id, value) VALUES (82, 25, 14, 11, 119.826821987);
INSERT INTO reading (id, datetime) VALUES (83, TIMESTAMP '2012-08-19 19:34:45');
INSERT INTO reading_data (reading_id, bin_id, bin_section_id, sensor_type_id, value) VALUES (83, 10, 10, 50, 122.460167546);
INSERT INTO reading_data (reading_id, bin_id, bin_section_id, sensor_type_id, value) VALUES (83, 10, 10, 51, 115.620927854);
INSERT INTO reading_data (reading_id, bin_id, bin_section_id, sensor_type_id, value) VALUES (83, 10, 10, 40, 82.6514175459);
INSERT INTO reading_data (reading_id, bin_id, bin_section_id, sensor_type_id, value) VALUES (83, 19, 10, 50, 124.310523);
INSERT INTO reading_data (reading_id, bin_id, bin_section_id, sensor_type_id, value) VALUES (83, 19, 10, 51, 87.8075861073);
INSERT INTO reading_data (reading_id, bin_id, bin_section_id, sensor_type_id, value) VALUES (83, 19, 10, 40, 95.9158987403);
INSERT INTO reading_data (reading_id, bin_id, bin_section_id, sensor_type_id, value) VALUES (83, 11, 11, 20, 84.1155431498);
INSERT INTO reading_data (reading_id, bin_id, bin_section_id, sensor_type_id, value) VALUES (83, 11, 11, 21, 105.335436964);
INSERT INTO reading_data (reading_id, bin_id, bin_section_id, sensor_type_id, value) VALUES (83, 11, 11, 10, 90.8159256586);
INSERT INTO reading_data (reading_id, bin_id, bin_section_id, sensor_type_id, value) VALUES (83, 11, 11, 11, 105.166700266);
INSERT INTO reading_data (reading_id, bin_id, bin_section_id, sensor_type_id, value) VALUES (83, 21, 11, 20, 98.9842071798);
INSERT INTO reading_data (reading_id, bin_id, bin_section_id, sensor_type_id, value) VALUES (83, 21, 11, 21, 117.882210189);
INSERT INTO reading_data (reading_id, bin_id, bin_section_id, sensor_type_id, value) VALUES (83, 21, 11, 10, 107.248667583);
INSERT INTO reading_data (reading_id, bin_id, bin_section_id, sensor_type_id, value) VALUES (83, 21, 11, 11, 90.930678431);
INSERT INTO reading_data (reading_id, bin_id, bin_section_id, sensor_type_id, value) VALUES (83, 9, 14, 10, 86.0649141267);
INSERT INTO reading_data (reading_id, bin_id, bin_section_id, sensor_type_id, value) VALUES (83, 9, 14, 11, 116.622562935);
INSERT INTO reading_data (reading_id, bin_id, bin_section_id, sensor_type_id, value) VALUES (83, 12, 13, 10, 107.670378285);
INSERT INTO reading_data (reading_id, bin_id, bin_section_id, sensor_type_id, value) VALUES (83, 12, 13, 11, 113.773477571);
INSERT INTO reading_data (reading_id, bin_id, bin_section_id, sensor_type_id, value) VALUES (83, 12, 13, 12, 107.786702135);
INSERT INTO reading_data (reading_id, bin_id, bin_section_id, sensor_type_id, value) VALUES (83, 12, 13, 13, 1);
INSERT INTO reading_data (reading_id, bin_id, bin_section_id, sensor_type_id, value) VALUES (83, 12, 14, 10, 93.6501889329);
INSERT INTO reading_data (reading_id, bin_id, bin_section_id, sensor_type_id, value) VALUES (83, 12, 14, 11, 120.006600185);
INSERT INTO reading_data (reading_id, bin_id, bin_section_id, sensor_type_id, value) VALUES (83, 13, 13, 10, 89.8647981271);
INSERT INTO reading_data (reading_id, bin_id, bin_section_id, sensor_type_id, value) VALUES (83, 13, 13, 11, 111.271934021);
INSERT INTO reading_data (reading_id, bin_id, bin_section_id, sensor_type_id, value) VALUES (83, 13, 13, 12, 92.2527340864);
INSERT INTO reading_data (reading_id, bin_id, bin_section_id, sensor_type_id, value) VALUES (83, 13, 13, 13, 1);
INSERT INTO reading_data (reading_id, bin_id, bin_section_id, sensor_type_id, value) VALUES (83, 13, 14, 10, 126.179006866);
INSERT INTO reading_data (reading_id, bin_id, bin_section_id, sensor_type_id, value) VALUES (83, 13, 14, 11, 125.101563704);
INSERT INTO reading_data (reading_id, bin_id, bin_section_id, sensor_type_id, value) VALUES (83, 14, 13, 10, 110.385367816);
INSERT INTO reading_data (reading_id, bin_id, bin_section_id, sensor_type_id, value) VALUES (83, 14, 13, 11, 103.962404021);
INSERT INTO reading_data (reading_id, bin_id, bin_section_id, sensor_type_id, value) VALUES (83, 14, 13, 12, 88.3687911553);
INSERT INTO reading_data (reading_id, bin_id, bin_section_id, sensor_type_id, value) VALUES (83, 14, 13, 13, 1);
INSERT INTO reading_data (reading_id, bin_id, bin_section_id, sensor_type_id, value) VALUES (83, 14, 14, 10, 122.020208786);
INSERT INTO reading_data (reading_id, bin_id, bin_section_id, sensor_type_id, value) VALUES (83, 14, 14, 11, 96.8373350931);
INSERT INTO reading_data (reading_id, bin_id, bin_section_id, sensor_type_id, value) VALUES (83, 15, 13, 10, 115.770610819);
INSERT INTO reading_data (reading_id, bin_id, bin_section_id, sensor_type_id, value) VALUES (83, 15, 13, 11, 108.762773678);
INSERT INTO reading_data (reading_id, bin_id, bin_section_id, sensor_type_id, value) VALUES (83, 15, 13, 12, 104.731882982);
INSERT INTO reading_data (reading_id, bin_id, bin_section_id, sensor_type_id, value) VALUES (83, 15, 13, 13, 1);
INSERT INTO reading_data (reading_id, bin_id, bin_section_id, sensor_type_id, value) VALUES (83, 15, 14, 10, 83.7418214108);
INSERT INTO reading_data (reading_id, bin_id, bin_section_id, sensor_type_id, value) VALUES (83, 15, 14, 11, 96.4545397029);
INSERT INTO reading_data (reading_id, bin_id, bin_section_id, sensor_type_id, value) VALUES (83, 17, 13, 10, 103.444559705);
INSERT INTO reading_data (reading_id, bin_id, bin_section_id, sensor_type_id, value) VALUES (83, 17, 13, 11, 96.199964155);
INSERT INTO reading_data (reading_id, bin_id, bin_section_id, sensor_type_id, value) VALUES (83, 17, 13, 12, 118.625019478);
INSERT INTO reading_data (reading_id, bin_id, bin_section_id, sensor_type_id, value) VALUES (83, 17, 13, 13, 0);
INSERT INTO reading_data (reading_id, bin_id, bin_section_id, sensor_type_id, value) VALUES (83, 17, 14, 10, 121.094993984);
INSERT INTO reading_data (reading_id, bin_id, bin_section_id, sensor_type_id, value) VALUES (83, 17, 14, 11, 119.117648366);
INSERT INTO reading_data (reading_id, bin_id, bin_section_id, sensor_type_id, value) VALUES (83, 21, 13, 10, 92.6258288945);
INSERT INTO reading_data (reading_id, bin_id, bin_section_id, sensor_type_id, value) VALUES (83, 21, 13, 11, 129.301312996);
INSERT INTO reading_data (reading_id, bin_id, bin_section_id, sensor_type_id, value) VALUES (83, 21, 13, 12, 126.908870029);
INSERT INTO reading_data (reading_id, bin_id, bin_section_id, sensor_type_id, value) VALUES (83, 21, 13, 13, 1);
INSERT INTO reading_data (reading_id, bin_id, bin_section_id, sensor_type_id, value) VALUES (83, 21, 14, 10, 115.507947905);
INSERT INTO reading_data (reading_id, bin_id, bin_section_id, sensor_type_id, value) VALUES (83, 21, 14, 11, 82.173145855);
INSERT INTO reading_data (reading_id, bin_id, bin_section_id, sensor_type_id, value) VALUES (83, 22, 13, 10, 80.353103224);
INSERT INTO reading_data (reading_id, bin_id, bin_section_id, sensor_type_id, value) VALUES (83, 22, 13, 11, 92.3275663735);
INSERT INTO reading_data (reading_id, bin_id, bin_section_id, sensor_type_id, value) VALUES (83, 22, 13, 12, 115.627098649);
INSERT INTO reading_data (reading_id, bin_id, bin_section_id, sensor_type_id, value) VALUES (83, 22, 13, 13, 1);
INSERT INTO reading_data (reading_id, bin_id, bin_section_id, sensor_type_id, value) VALUES (83, 22, 14, 10, 122.192333015);
INSERT INTO reading_data (reading_id, bin_id, bin_section_id, sensor_type_id, value) VALUES (83, 22, 14, 11, 88.7250472828);
INSERT INTO reading_data (reading_id, bin_id, bin_section_id, sensor_type_id, value) VALUES (83, 23, 13, 10, 104.215788032);
INSERT INTO reading_data (reading_id, bin_id, bin_section_id, sensor_type_id, value) VALUES (83, 23, 13, 11, 94.3816490516);
INSERT INTO reading_data (reading_id, bin_id, bin_section_id, sensor_type_id, value) VALUES (83, 23, 13, 12, 80.6491237358);
INSERT INTO reading_data (reading_id, bin_id, bin_section_id, sensor_type_id, value) VALUES (83, 23, 13, 13, 1);
INSERT INTO reading_data (reading_id, bin_id, bin_section_id, sensor_type_id, value) VALUES (83, 23, 14, 10, 91.0619840507);
INSERT INTO reading_data (reading_id, bin_id, bin_section_id, sensor_type_id, value) VALUES (83, 23, 14, 11, 111.887521148);
INSERT INTO reading_data (reading_id, bin_id, bin_section_id, sensor_type_id, value) VALUES (83, 24, 13, 10, 92.1551581504);
INSERT INTO reading_data (reading_id, bin_id, bin_section_id, sensor_type_id, value) VALUES (83, 24, 13, 11, 127.291869137);
INSERT INTO reading_data (reading_id, bin_id, bin_section_id, sensor_type_id, value) VALUES (83, 24, 13, 12, 109.316921777);
INSERT INTO reading_data (reading_id, bin_id, bin_section_id, sensor_type_id, value) VALUES (83, 24, 13, 13, 1);
INSERT INTO reading_data (reading_id, bin_id, bin_section_id, sensor_type_id, value) VALUES (83, 24, 14, 10, 119.936036185);
INSERT INTO reading_data (reading_id, bin_id, bin_section_id, sensor_type_id, value) VALUES (83, 24, 14, 11, 95.0592595021);
INSERT INTO reading_data (reading_id, bin_id, bin_section_id, sensor_type_id, value) VALUES (83, 25, 13, 10, 85.911879537);
INSERT INTO reading_data (reading_id, bin_id, bin_section_id, sensor_type_id, value) VALUES (83, 25, 13, 11, 92.8958194224);
INSERT INTO reading_data (reading_id, bin_id, bin_section_id, sensor_type_id, value) VALUES (83, 25, 13, 12, 104.927548351);
INSERT INTO reading_data (reading_id, bin_id, bin_section_id, sensor_type_id, value) VALUES (83, 25, 13, 13, 0);
INSERT INTO reading_data (reading_id, bin_id, bin_section_id, sensor_type_id, value) VALUES (83, 25, 14, 10, 84.3772197789);
INSERT INTO reading_data (reading_id, bin_id, bin_section_id, sensor_type_id, value) VALUES (83, 25, 14, 11, 117.566754881);
INSERT INTO reading (id, datetime) VALUES (84, TIMESTAMP '2012-08-19 19:39:45');
INSERT INTO reading_data (reading_id, bin_id, bin_section_id, sensor_type_id, value) VALUES (84, 10, 10, 50, 91.8182798662);
INSERT INTO reading_data (reading_id, bin_id, bin_section_id, sensor_type_id, value) VALUES (84, 10, 10, 51, 94.9243946552);
INSERT INTO reading_data (reading_id, bin_id, bin_section_id, sensor_type_id, value) VALUES (84, 10, 10, 40, 119.890145006);
INSERT INTO reading_data (reading_id, bin_id, bin_section_id, sensor_type_id, value) VALUES (84, 19, 10, 50, 115.956728117);
INSERT INTO reading_data (reading_id, bin_id, bin_section_id, sensor_type_id, value) VALUES (84, 19, 10, 51, 126.212818683);
INSERT INTO reading_data (reading_id, bin_id, bin_section_id, sensor_type_id, value) VALUES (84, 19, 10, 40, 127.807982133);
INSERT INTO reading_data (reading_id, bin_id, bin_section_id, sensor_type_id, value) VALUES (84, 11, 11, 20, 110.706049548);
INSERT INTO reading_data (reading_id, bin_id, bin_section_id, sensor_type_id, value) VALUES (84, 11, 11, 21, 86.0075279233);
INSERT INTO reading_data (reading_id, bin_id, bin_section_id, sensor_type_id, value) VALUES (84, 11, 11, 10, 111.618588478);
INSERT INTO reading_data (reading_id, bin_id, bin_section_id, sensor_type_id, value) VALUES (84, 11, 11, 11, 117.118075419);
INSERT INTO reading_data (reading_id, bin_id, bin_section_id, sensor_type_id, value) VALUES (84, 21, 11, 20, 83.7060180673);
INSERT INTO reading_data (reading_id, bin_id, bin_section_id, sensor_type_id, value) VALUES (84, 21, 11, 21, 108.828505889);
INSERT INTO reading_data (reading_id, bin_id, bin_section_id, sensor_type_id, value) VALUES (84, 21, 11, 10, 122.226544236);
INSERT INTO reading_data (reading_id, bin_id, bin_section_id, sensor_type_id, value) VALUES (84, 21, 11, 11, 112.813386089);
INSERT INTO reading_data (reading_id, bin_id, bin_section_id, sensor_type_id, value) VALUES (84, 9, 14, 10, 86.6303105219);
INSERT INTO reading_data (reading_id, bin_id, bin_section_id, sensor_type_id, value) VALUES (84, 9, 14, 11, 116.443210757);
INSERT INTO reading_data (reading_id, bin_id, bin_section_id, sensor_type_id, value) VALUES (84, 12, 13, 10, 124.326863105);
INSERT INTO reading_data (reading_id, bin_id, bin_section_id, sensor_type_id, value) VALUES (84, 12, 13, 11, 122.031867325);
INSERT INTO reading_data (reading_id, bin_id, bin_section_id, sensor_type_id, value) VALUES (84, 12, 13, 12, 100.155207443);
INSERT INTO reading_data (reading_id, bin_id, bin_section_id, sensor_type_id, value) VALUES (84, 12, 13, 13, 0);
INSERT INTO reading_data (reading_id, bin_id, bin_section_id, sensor_type_id, value) VALUES (84, 12, 14, 10, 124.711020036);
INSERT INTO reading_data (reading_id, bin_id, bin_section_id, sensor_type_id, value) VALUES (84, 12, 14, 11, 116.77348848);
INSERT INTO reading_data (reading_id, bin_id, bin_section_id, sensor_type_id, value) VALUES (84, 13, 13, 10, 123.70936144);
INSERT INTO reading_data (reading_id, bin_id, bin_section_id, sensor_type_id, value) VALUES (84, 13, 13, 11, 120.787654768);
INSERT INTO reading_data (reading_id, bin_id, bin_section_id, sensor_type_id, value) VALUES (84, 13, 13, 12, 122.243115236);
INSERT INTO reading_data (reading_id, bin_id, bin_section_id, sensor_type_id, value) VALUES (84, 13, 13, 13, 0);
INSERT INTO reading_data (reading_id, bin_id, bin_section_id, sensor_type_id, value) VALUES (84, 13, 14, 10, 88.0474394788);
INSERT INTO reading_data (reading_id, bin_id, bin_section_id, sensor_type_id, value) VALUES (84, 13, 14, 11, 111.169952558);
INSERT INTO reading_data (reading_id, bin_id, bin_section_id, sensor_type_id, value) VALUES (84, 14, 13, 10, 85.8944971896);
INSERT INTO reading_data (reading_id, bin_id, bin_section_id, sensor_type_id, value) VALUES (84, 14, 13, 11, 88.887790715);
INSERT INTO reading_data (reading_id, bin_id, bin_section_id, sensor_type_id, value) VALUES (84, 14, 13, 12, 91.4903800234);
INSERT INTO reading_data (reading_id, bin_id, bin_section_id, sensor_type_id, value) VALUES (84, 14, 13, 13, 0);
INSERT INTO reading_data (reading_id, bin_id, bin_section_id, sensor_type_id, value) VALUES (84, 14, 14, 10, 119.413859869);
INSERT INTO reading_data (reading_id, bin_id, bin_section_id, sensor_type_id, value) VALUES (84, 14, 14, 11, 96.861381471);
INSERT INTO reading_data (reading_id, bin_id, bin_section_id, sensor_type_id, value) VALUES (84, 15, 13, 10, 100.535015219);
INSERT INTO reading_data (reading_id, bin_id, bin_section_id, sensor_type_id, value) VALUES (84, 15, 13, 11, 84.6022600889);
INSERT INTO reading_data (reading_id, bin_id, bin_section_id, sensor_type_id, value) VALUES (84, 15, 13, 12, 92.9865652428);
INSERT INTO reading_data (reading_id, bin_id, bin_section_id, sensor_type_id, value) VALUES (84, 15, 13, 13, 1);
INSERT INTO reading_data (reading_id, bin_id, bin_section_id, sensor_type_id, value) VALUES (84, 15, 14, 10, 82.632467911);
INSERT INTO reading_data (reading_id, bin_id, bin_section_id, sensor_type_id, value) VALUES (84, 15, 14, 11, 106.860858041);
INSERT INTO reading_data (reading_id, bin_id, bin_section_id, sensor_type_id, value) VALUES (84, 17, 13, 10, 115.728812566);
INSERT INTO reading_data (reading_id, bin_id, bin_section_id, sensor_type_id, value) VALUES (84, 17, 13, 11, 93.1230767451);
INSERT INTO reading_data (reading_id, bin_id, bin_section_id, sensor_type_id, value) VALUES (84, 17, 13, 12, 125.742378752);
INSERT INTO reading_data (reading_id, bin_id, bin_section_id, sensor_type_id, value) VALUES (84, 17, 13, 13, 1);
INSERT INTO reading_data (reading_id, bin_id, bin_section_id, sensor_type_id, value) VALUES (84, 17, 14, 10, 92.7451327993);
INSERT INTO reading_data (reading_id, bin_id, bin_section_id, sensor_type_id, value) VALUES (84, 17, 14, 11, 119.859719562);
INSERT INTO reading_data (reading_id, bin_id, bin_section_id, sensor_type_id, value) VALUES (84, 21, 13, 10, 111.42843123);
INSERT INTO reading_data (reading_id, bin_id, bin_section_id, sensor_type_id, value) VALUES (84, 21, 13, 11, 95.8638113439);
INSERT INTO reading_data (reading_id, bin_id, bin_section_id, sensor_type_id, value) VALUES (84, 21, 13, 12, 110.054387056);
INSERT INTO reading_data (reading_id, bin_id, bin_section_id, sensor_type_id, value) VALUES (84, 21, 13, 13, 0);
INSERT INTO reading_data (reading_id, bin_id, bin_section_id, sensor_type_id, value) VALUES (84, 21, 14, 10, 81.5442330678);
INSERT INTO reading_data (reading_id, bin_id, bin_section_id, sensor_type_id, value) VALUES (84, 21, 14, 11, 101.552072348);
INSERT INTO reading_data (reading_id, bin_id, bin_section_id, sensor_type_id, value) VALUES (84, 22, 13, 10, 107.333637832);
INSERT INTO reading_data (reading_id, bin_id, bin_section_id, sensor_type_id, value) VALUES (84, 22, 13, 11, 82.9603380965);
INSERT INTO reading_data (reading_id, bin_id, bin_section_id, sensor_type_id, value) VALUES (84, 22, 13, 12, 124.304476019);
INSERT INTO reading_data (reading_id, bin_id, bin_section_id, sensor_type_id, value) VALUES (84, 22, 13, 13, 0);
INSERT INTO reading_data (reading_id, bin_id, bin_section_id, sensor_type_id, value) VALUES (84, 22, 14, 10, 125.342233344);
INSERT INTO reading_data (reading_id, bin_id, bin_section_id, sensor_type_id, value) VALUES (84, 22, 14, 11, 111.717976035);
INSERT INTO reading_data (reading_id, bin_id, bin_section_id, sensor_type_id, value) VALUES (84, 23, 13, 10, 111.517925774);
INSERT INTO reading_data (reading_id, bin_id, bin_section_id, sensor_type_id, value) VALUES (84, 23, 13, 11, 119.355211485);
INSERT INTO reading_data (reading_id, bin_id, bin_section_id, sensor_type_id, value) VALUES (84, 23, 13, 12, 99.3634833414);
INSERT INTO reading_data (reading_id, bin_id, bin_section_id, sensor_type_id, value) VALUES (84, 23, 13, 13, 1);
INSERT INTO reading_data (reading_id, bin_id, bin_section_id, sensor_type_id, value) VALUES (84, 23, 14, 10, 96.4881106997);
INSERT INTO reading_data (reading_id, bin_id, bin_section_id, sensor_type_id, value) VALUES (84, 23, 14, 11, 99.6259702724);
INSERT INTO reading_data (reading_id, bin_id, bin_section_id, sensor_type_id, value) VALUES (84, 24, 13, 10, 106.354422246);
INSERT INTO reading_data (reading_id, bin_id, bin_section_id, sensor_type_id, value) VALUES (84, 24, 13, 11, 98.8509574282);
INSERT INTO reading_data (reading_id, bin_id, bin_section_id, sensor_type_id, value) VALUES (84, 24, 13, 12, 108.790197936);
INSERT INTO reading_data (reading_id, bin_id, bin_section_id, sensor_type_id, value) VALUES (84, 24, 13, 13, 1);
INSERT INTO reading_data (reading_id, bin_id, bin_section_id, sensor_type_id, value) VALUES (84, 24, 14, 10, 112.235589986);
INSERT INTO reading_data (reading_id, bin_id, bin_section_id, sensor_type_id, value) VALUES (84, 24, 14, 11, 87.7843211156);
INSERT INTO reading_data (reading_id, bin_id, bin_section_id, sensor_type_id, value) VALUES (84, 25, 13, 10, 126.076247784);
INSERT INTO reading_data (reading_id, bin_id, bin_section_id, sensor_type_id, value) VALUES (84, 25, 13, 11, 104.071189498);
INSERT INTO reading_data (reading_id, bin_id, bin_section_id, sensor_type_id, value) VALUES (84, 25, 13, 12, 83.8830549598);
INSERT INTO reading_data (reading_id, bin_id, bin_section_id, sensor_type_id, value) VALUES (84, 25, 13, 13, 1);
INSERT INTO reading_data (reading_id, bin_id, bin_section_id, sensor_type_id, value) VALUES (84, 25, 14, 10, 126.839293597);
INSERT INTO reading_data (reading_id, bin_id, bin_section_id, sensor_type_id, value) VALUES (84, 25, 14, 11, 93.5396877784);
INSERT INTO reading (id, datetime) VALUES (85, TIMESTAMP '2012-08-19 19:44:45');
INSERT INTO reading_data (reading_id, bin_id, bin_section_id, sensor_type_id, value) VALUES (85, 10, 10, 50, 80.1156678946);
INSERT INTO reading_data (reading_id, bin_id, bin_section_id, sensor_type_id, value) VALUES (85, 10, 10, 51, 91.6098037429);
INSERT INTO reading_data (reading_id, bin_id, bin_section_id, sensor_type_id, value) VALUES (85, 10, 10, 40, 85.2594126479);
INSERT INTO reading_data (reading_id, bin_id, bin_section_id, sensor_type_id, value) VALUES (85, 19, 10, 50, 91.2100994003);
INSERT INTO reading_data (reading_id, bin_id, bin_section_id, sensor_type_id, value) VALUES (85, 19, 10, 51, 84.1098396344);
INSERT INTO reading_data (reading_id, bin_id, bin_section_id, sensor_type_id, value) VALUES (85, 19, 10, 40, 101.813458053);
INSERT INTO reading_data (reading_id, bin_id, bin_section_id, sensor_type_id, value) VALUES (85, 11, 11, 20, 116.565216013);
INSERT INTO reading_data (reading_id, bin_id, bin_section_id, sensor_type_id, value) VALUES (85, 11, 11, 21, 107.254101192);
INSERT INTO reading_data (reading_id, bin_id, bin_section_id, sensor_type_id, value) VALUES (85, 11, 11, 10, 105.367178456);
INSERT INTO reading_data (reading_id, bin_id, bin_section_id, sensor_type_id, value) VALUES (85, 11, 11, 11, 119.656959813);
INSERT INTO reading_data (reading_id, bin_id, bin_section_id, sensor_type_id, value) VALUES (85, 21, 11, 20, 111.082727069);
INSERT INTO reading_data (reading_id, bin_id, bin_section_id, sensor_type_id, value) VALUES (85, 21, 11, 21, 97.1452930374);
INSERT INTO reading_data (reading_id, bin_id, bin_section_id, sensor_type_id, value) VALUES (85, 21, 11, 10, 112.414131269);
INSERT INTO reading_data (reading_id, bin_id, bin_section_id, sensor_type_id, value) VALUES (85, 21, 11, 11, 94.8052257703);
INSERT INTO reading_data (reading_id, bin_id, bin_section_id, sensor_type_id, value) VALUES (85, 9, 14, 10, 90.6703274567);
INSERT INTO reading_data (reading_id, bin_id, bin_section_id, sensor_type_id, value) VALUES (85, 9, 14, 11, 109.707447602);
INSERT INTO reading_data (reading_id, bin_id, bin_section_id, sensor_type_id, value) VALUES (85, 12, 13, 10, 118.710449076);
INSERT INTO reading_data (reading_id, bin_id, bin_section_id, sensor_type_id, value) VALUES (85, 12, 13, 11, 115.733638422);
INSERT INTO reading_data (reading_id, bin_id, bin_section_id, sensor_type_id, value) VALUES (85, 12, 13, 12, 112.500538414);
INSERT INTO reading_data (reading_id, bin_id, bin_section_id, sensor_type_id, value) VALUES (85, 12, 13, 13, 1);
INSERT INTO reading_data (reading_id, bin_id, bin_section_id, sensor_type_id, value) VALUES (85, 12, 14, 10, 99.8018509907);
INSERT INTO reading_data (reading_id, bin_id, bin_section_id, sensor_type_id, value) VALUES (85, 12, 14, 11, 88.9892078736);
INSERT INTO reading_data (reading_id, bin_id, bin_section_id, sensor_type_id, value) VALUES (85, 13, 13, 10, 97.7762872478);
INSERT INTO reading_data (reading_id, bin_id, bin_section_id, sensor_type_id, value) VALUES (85, 13, 13, 11, 109.865446168);
INSERT INTO reading_data (reading_id, bin_id, bin_section_id, sensor_type_id, value) VALUES (85, 13, 13, 12, 102.022912712);
INSERT INTO reading_data (reading_id, bin_id, bin_section_id, sensor_type_id, value) VALUES (85, 13, 13, 13, 0);
INSERT INTO reading_data (reading_id, bin_id, bin_section_id, sensor_type_id, value) VALUES (85, 13, 14, 10, 106.40645889);
INSERT INTO reading_data (reading_id, bin_id, bin_section_id, sensor_type_id, value) VALUES (85, 13, 14, 11, 122.094826484);
INSERT INTO reading_data (reading_id, bin_id, bin_section_id, sensor_type_id, value) VALUES (85, 14, 13, 10, 80.5042096076);
INSERT INTO reading_data (reading_id, bin_id, bin_section_id, sensor_type_id, value) VALUES (85, 14, 13, 11, 103.094860064);
INSERT INTO reading_data (reading_id, bin_id, bin_section_id, sensor_type_id, value) VALUES (85, 14, 13, 12, 87.5877709995);
INSERT INTO reading_data (reading_id, bin_id, bin_section_id, sensor_type_id, value) VALUES (85, 14, 13, 13, 1);
INSERT INTO reading_data (reading_id, bin_id, bin_section_id, sensor_type_id, value) VALUES (85, 14, 14, 10, 96.4564186304);
INSERT INTO reading_data (reading_id, bin_id, bin_section_id, sensor_type_id, value) VALUES (85, 14, 14, 11, 110.495344383);
INSERT INTO reading_data (reading_id, bin_id, bin_section_id, sensor_type_id, value) VALUES (85, 15, 13, 10, 124.628978909);
INSERT INTO reading_data (reading_id, bin_id, bin_section_id, sensor_type_id, value) VALUES (85, 15, 13, 11, 121.416177709);
INSERT INTO reading_data (reading_id, bin_id, bin_section_id, sensor_type_id, value) VALUES (85, 15, 13, 12, 86.7177936382);
INSERT INTO reading_data (reading_id, bin_id, bin_section_id, sensor_type_id, value) VALUES (85, 15, 13, 13, 0);
INSERT INTO reading_data (reading_id, bin_id, bin_section_id, sensor_type_id, value) VALUES (85, 15, 14, 10, 87.4133616814);
INSERT INTO reading_data (reading_id, bin_id, bin_section_id, sensor_type_id, value) VALUES (85, 15, 14, 11, 109.011941743);
INSERT INTO reading_data (reading_id, bin_id, bin_section_id, sensor_type_id, value) VALUES (85, 17, 13, 10, 83.0450290568);
INSERT INTO reading_data (reading_id, bin_id, bin_section_id, sensor_type_id, value) VALUES (85, 17, 13, 11, 124.762206828);
INSERT INTO reading_data (reading_id, bin_id, bin_section_id, sensor_type_id, value) VALUES (85, 17, 13, 12, 129.74485101);
INSERT INTO reading_data (reading_id, bin_id, bin_section_id, sensor_type_id, value) VALUES (85, 17, 13, 13, 1);
INSERT INTO reading_data (reading_id, bin_id, bin_section_id, sensor_type_id, value) VALUES (85, 17, 14, 10, 88.7698557366);
INSERT INTO reading_data (reading_id, bin_id, bin_section_id, sensor_type_id, value) VALUES (85, 17, 14, 11, 120.080397718);
INSERT INTO reading_data (reading_id, bin_id, bin_section_id, sensor_type_id, value) VALUES (85, 21, 13, 10, 87.8437571494);
INSERT INTO reading_data (reading_id, bin_id, bin_section_id, sensor_type_id, value) VALUES (85, 21, 13, 11, 105.480786096);
INSERT INTO reading_data (reading_id, bin_id, bin_section_id, sensor_type_id, value) VALUES (85, 21, 13, 12, 93.954691876);
INSERT INTO reading_data (reading_id, bin_id, bin_section_id, sensor_type_id, value) VALUES (85, 21, 13, 13, 0);
INSERT INTO reading_data (reading_id, bin_id, bin_section_id, sensor_type_id, value) VALUES (85, 21, 14, 10, 126.531976648);
INSERT INTO reading_data (reading_id, bin_id, bin_section_id, sensor_type_id, value) VALUES (85, 21, 14, 11, 103.182828578);
INSERT INTO reading_data (reading_id, bin_id, bin_section_id, sensor_type_id, value) VALUES (85, 22, 13, 10, 107.732263858);
INSERT INTO reading_data (reading_id, bin_id, bin_section_id, sensor_type_id, value) VALUES (85, 22, 13, 11, 106.591653645);
INSERT INTO reading_data (reading_id, bin_id, bin_section_id, sensor_type_id, value) VALUES (85, 22, 13, 12, 121.516937244);
INSERT INTO reading_data (reading_id, bin_id, bin_section_id, sensor_type_id, value) VALUES (85, 22, 13, 13, 1);
INSERT INTO reading_data (reading_id, bin_id, bin_section_id, sensor_type_id, value) VALUES (85, 22, 14, 10, 86.1770281464);
INSERT INTO reading_data (reading_id, bin_id, bin_section_id, sensor_type_id, value) VALUES (85, 22, 14, 11, 87.3372327071);
INSERT INTO reading_data (reading_id, bin_id, bin_section_id, sensor_type_id, value) VALUES (85, 23, 13, 10, 121.215513143);
INSERT INTO reading_data (reading_id, bin_id, bin_section_id, sensor_type_id, value) VALUES (85, 23, 13, 11, 90.273338575);
INSERT INTO reading_data (reading_id, bin_id, bin_section_id, sensor_type_id, value) VALUES (85, 23, 13, 12, 91.3140515739);
INSERT INTO reading_data (reading_id, bin_id, bin_section_id, sensor_type_id, value) VALUES (85, 23, 13, 13, 1);
INSERT INTO reading_data (reading_id, bin_id, bin_section_id, sensor_type_id, value) VALUES (85, 23, 14, 10, 91.8278261352);
INSERT INTO reading_data (reading_id, bin_id, bin_section_id, sensor_type_id, value) VALUES (85, 23, 14, 11, 107.353953632);
INSERT INTO reading_data (reading_id, bin_id, bin_section_id, sensor_type_id, value) VALUES (85, 24, 13, 10, 103.26539648);
INSERT INTO reading_data (reading_id, bin_id, bin_section_id, sensor_type_id, value) VALUES (85, 24, 13, 11, 126.748151929);
INSERT INTO reading_data (reading_id, bin_id, bin_section_id, sensor_type_id, value) VALUES (85, 24, 13, 12, 80.8219246363);
INSERT INTO reading_data (reading_id, bin_id, bin_section_id, sensor_type_id, value) VALUES (85, 24, 13, 13, 0);
INSERT INTO reading_data (reading_id, bin_id, bin_section_id, sensor_type_id, value) VALUES (85, 24, 14, 10, 126.023847172);
INSERT INTO reading_data (reading_id, bin_id, bin_section_id, sensor_type_id, value) VALUES (85, 24, 14, 11, 125.392161133);
INSERT INTO reading_data (reading_id, bin_id, bin_section_id, sensor_type_id, value) VALUES (85, 25, 13, 10, 111.102162177);
INSERT INTO reading_data (reading_id, bin_id, bin_section_id, sensor_type_id, value) VALUES (85, 25, 13, 11, 127.20947664);
INSERT INTO reading_data (reading_id, bin_id, bin_section_id, sensor_type_id, value) VALUES (85, 25, 13, 12, 104.633628285);
INSERT INTO reading_data (reading_id, bin_id, bin_section_id, sensor_type_id, value) VALUES (85, 25, 13, 13, 1);
INSERT INTO reading_data (reading_id, bin_id, bin_section_id, sensor_type_id, value) VALUES (85, 25, 14, 10, 93.9291460151);
INSERT INTO reading_data (reading_id, bin_id, bin_section_id, sensor_type_id, value) VALUES (85, 25, 14, 11, 94.4418897297);
INSERT INTO reading (id, datetime) VALUES (86, TIMESTAMP '2012-08-19 19:49:45');
INSERT INTO reading_data (reading_id, bin_id, bin_section_id, sensor_type_id, value) VALUES (86, 10, 10, 50, 119.428324848);
INSERT INTO reading_data (reading_id, bin_id, bin_section_id, sensor_type_id, value) VALUES (86, 10, 10, 51, 121.599414901);
INSERT INTO reading_data (reading_id, bin_id, bin_section_id, sensor_type_id, value) VALUES (86, 10, 10, 40, 122.638187027);
INSERT INTO reading_data (reading_id, bin_id, bin_section_id, sensor_type_id, value) VALUES (86, 19, 10, 50, 97.7877780336);
INSERT INTO reading_data (reading_id, bin_id, bin_section_id, sensor_type_id, value) VALUES (86, 19, 10, 51, 127.878597045);
INSERT INTO reading_data (reading_id, bin_id, bin_section_id, sensor_type_id, value) VALUES (86, 19, 10, 40, 114.507793848);
INSERT INTO reading_data (reading_id, bin_id, bin_section_id, sensor_type_id, value) VALUES (86, 11, 11, 20, 88.0137629878);
INSERT INTO reading_data (reading_id, bin_id, bin_section_id, sensor_type_id, value) VALUES (86, 11, 11, 21, 108.229186346);
INSERT INTO reading_data (reading_id, bin_id, bin_section_id, sensor_type_id, value) VALUES (86, 11, 11, 10, 111.243366707);
INSERT INTO reading_data (reading_id, bin_id, bin_section_id, sensor_type_id, value) VALUES (86, 11, 11, 11, 82.6008457253);
INSERT INTO reading_data (reading_id, bin_id, bin_section_id, sensor_type_id, value) VALUES (86, 21, 11, 20, 89.5568982893);
INSERT INTO reading_data (reading_id, bin_id, bin_section_id, sensor_type_id, value) VALUES (86, 21, 11, 21, 117.674379271);
INSERT INTO reading_data (reading_id, bin_id, bin_section_id, sensor_type_id, value) VALUES (86, 21, 11, 10, 83.4792115606);
INSERT INTO reading_data (reading_id, bin_id, bin_section_id, sensor_type_id, value) VALUES (86, 21, 11, 11, 101.968655887);
INSERT INTO reading_data (reading_id, bin_id, bin_section_id, sensor_type_id, value) VALUES (86, 9, 14, 10, 124.356669664);
INSERT INTO reading_data (reading_id, bin_id, bin_section_id, sensor_type_id, value) VALUES (86, 9, 14, 11, 91.69598882);
INSERT INTO reading_data (reading_id, bin_id, bin_section_id, sensor_type_id, value) VALUES (86, 12, 13, 10, 102.427377283);
INSERT INTO reading_data (reading_id, bin_id, bin_section_id, sensor_type_id, value) VALUES (86, 12, 13, 11, 117.424317842);
INSERT INTO reading_data (reading_id, bin_id, bin_section_id, sensor_type_id, value) VALUES (86, 12, 13, 12, 125.450951591);
INSERT INTO reading_data (reading_id, bin_id, bin_section_id, sensor_type_id, value) VALUES (86, 12, 13, 13, 1);
INSERT INTO reading_data (reading_id, bin_id, bin_section_id, sensor_type_id, value) VALUES (86, 12, 14, 10, 80.6029073848);
INSERT INTO reading_data (reading_id, bin_id, bin_section_id, sensor_type_id, value) VALUES (86, 12, 14, 11, 106.721048023);
INSERT INTO reading_data (reading_id, bin_id, bin_section_id, sensor_type_id, value) VALUES (86, 13, 13, 10, 113.933398127);
INSERT INTO reading_data (reading_id, bin_id, bin_section_id, sensor_type_id, value) VALUES (86, 13, 13, 11, 83.1469118719);
INSERT INTO reading_data (reading_id, bin_id, bin_section_id, sensor_type_id, value) VALUES (86, 13, 13, 12, 93.1977952206);
INSERT INTO reading_data (reading_id, bin_id, bin_section_id, sensor_type_id, value) VALUES (86, 13, 13, 13, 1);
INSERT INTO reading_data (reading_id, bin_id, bin_section_id, sensor_type_id, value) VALUES (86, 13, 14, 10, 99.1984687127);
INSERT INTO reading_data (reading_id, bin_id, bin_section_id, sensor_type_id, value) VALUES (86, 13, 14, 11, 112.607929591);
INSERT INTO reading_data (reading_id, bin_id, bin_section_id, sensor_type_id, value) VALUES (86, 14, 13, 10, 87.137849915);
INSERT INTO reading_data (reading_id, bin_id, bin_section_id, sensor_type_id, value) VALUES (86, 14, 13, 11, 126.45098557);
INSERT INTO reading_data (reading_id, bin_id, bin_section_id, sensor_type_id, value) VALUES (86, 14, 13, 12, 118.814909516);
INSERT INTO reading_data (reading_id, bin_id, bin_section_id, sensor_type_id, value) VALUES (86, 14, 13, 13, 0);
INSERT INTO reading_data (reading_id, bin_id, bin_section_id, sensor_type_id, value) VALUES (86, 14, 14, 10, 83.7938040893);
INSERT INTO reading_data (reading_id, bin_id, bin_section_id, sensor_type_id, value) VALUES (86, 14, 14, 11, 120.55050095);
INSERT INTO reading_data (reading_id, bin_id, bin_section_id, sensor_type_id, value) VALUES (86, 15, 13, 10, 90.9715686704);
INSERT INTO reading_data (reading_id, bin_id, bin_section_id, sensor_type_id, value) VALUES (86, 15, 13, 11, 81.1782285934);
INSERT INTO reading_data (reading_id, bin_id, bin_section_id, sensor_type_id, value) VALUES (86, 15, 13, 12, 82.3048243121);
INSERT INTO reading_data (reading_id, bin_id, bin_section_id, sensor_type_id, value) VALUES (86, 15, 13, 13, 1);
INSERT INTO reading_data (reading_id, bin_id, bin_section_id, sensor_type_id, value) VALUES (86, 15, 14, 10, 105.794206082);
INSERT INTO reading_data (reading_id, bin_id, bin_section_id, sensor_type_id, value) VALUES (86, 15, 14, 11, 86.205108238);
INSERT INTO reading_data (reading_id, bin_id, bin_section_id, sensor_type_id, value) VALUES (86, 17, 13, 10, 119.815373467);
INSERT INTO reading_data (reading_id, bin_id, bin_section_id, sensor_type_id, value) VALUES (86, 17, 13, 11, 112.848826954);
INSERT INTO reading_data (reading_id, bin_id, bin_section_id, sensor_type_id, value) VALUES (86, 17, 13, 12, 128.843049268);
INSERT INTO reading_data (reading_id, bin_id, bin_section_id, sensor_type_id, value) VALUES (86, 17, 13, 13, 0);
INSERT INTO reading_data (reading_id, bin_id, bin_section_id, sensor_type_id, value) VALUES (86, 17, 14, 10, 120.520065151);
INSERT INTO reading_data (reading_id, bin_id, bin_section_id, sensor_type_id, value) VALUES (86, 17, 14, 11, 107.275615004);
INSERT INTO reading_data (reading_id, bin_id, bin_section_id, sensor_type_id, value) VALUES (86, 21, 13, 10, 114.365854306);
INSERT INTO reading_data (reading_id, bin_id, bin_section_id, sensor_type_id, value) VALUES (86, 21, 13, 11, 83.1878800023);
INSERT INTO reading_data (reading_id, bin_id, bin_section_id, sensor_type_id, value) VALUES (86, 21, 13, 12, 85.2990763042);
INSERT INTO reading_data (reading_id, bin_id, bin_section_id, sensor_type_id, value) VALUES (86, 21, 13, 13, 1);
INSERT INTO reading_data (reading_id, bin_id, bin_section_id, sensor_type_id, value) VALUES (86, 21, 14, 10, 105.221232937);
INSERT INTO reading_data (reading_id, bin_id, bin_section_id, sensor_type_id, value) VALUES (86, 21, 14, 11, 87.1292190403);
INSERT INTO reading_data (reading_id, bin_id, bin_section_id, sensor_type_id, value) VALUES (86, 22, 13, 10, 99.4539239949);
INSERT INTO reading_data (reading_id, bin_id, bin_section_id, sensor_type_id, value) VALUES (86, 22, 13, 11, 121.782753292);
INSERT INTO reading_data (reading_id, bin_id, bin_section_id, sensor_type_id, value) VALUES (86, 22, 13, 12, 101.035202494);
INSERT INTO reading_data (reading_id, bin_id, bin_section_id, sensor_type_id, value) VALUES (86, 22, 13, 13, 0);
INSERT INTO reading_data (reading_id, bin_id, bin_section_id, sensor_type_id, value) VALUES (86, 22, 14, 10, 93.8524358014);
INSERT INTO reading_data (reading_id, bin_id, bin_section_id, sensor_type_id, value) VALUES (86, 22, 14, 11, 94.5162481747);
INSERT INTO reading_data (reading_id, bin_id, bin_section_id, sensor_type_id, value) VALUES (86, 23, 13, 10, 96.5332167433);
INSERT INTO reading_data (reading_id, bin_id, bin_section_id, sensor_type_id, value) VALUES (86, 23, 13, 11, 108.546103761);
INSERT INTO reading_data (reading_id, bin_id, bin_section_id, sensor_type_id, value) VALUES (86, 23, 13, 12, 107.795177052);
INSERT INTO reading_data (reading_id, bin_id, bin_section_id, sensor_type_id, value) VALUES (86, 23, 13, 13, 1);
INSERT INTO reading_data (reading_id, bin_id, bin_section_id, sensor_type_id, value) VALUES (86, 23, 14, 10, 99.5632357872);
INSERT INTO reading_data (reading_id, bin_id, bin_section_id, sensor_type_id, value) VALUES (86, 23, 14, 11, 90.4546119599);
INSERT INTO reading_data (reading_id, bin_id, bin_section_id, sensor_type_id, value) VALUES (86, 24, 13, 10, 128.970841816);
INSERT INTO reading_data (reading_id, bin_id, bin_section_id, sensor_type_id, value) VALUES (86, 24, 13, 11, 91.3580496661);
INSERT INTO reading_data (reading_id, bin_id, bin_section_id, sensor_type_id, value) VALUES (86, 24, 13, 12, 93.9686957811);
INSERT INTO reading_data (reading_id, bin_id, bin_section_id, sensor_type_id, value) VALUES (86, 24, 13, 13, 0);
INSERT INTO reading_data (reading_id, bin_id, bin_section_id, sensor_type_id, value) VALUES (86, 24, 14, 10, 103.582310814);
INSERT INTO reading_data (reading_id, bin_id, bin_section_id, sensor_type_id, value) VALUES (86, 24, 14, 11, 96.7338950916);
INSERT INTO reading_data (reading_id, bin_id, bin_section_id, sensor_type_id, value) VALUES (86, 25, 13, 10, 80.4050110076);
INSERT INTO reading_data (reading_id, bin_id, bin_section_id, sensor_type_id, value) VALUES (86, 25, 13, 11, 108.514137792);
INSERT INTO reading_data (reading_id, bin_id, bin_section_id, sensor_type_id, value) VALUES (86, 25, 13, 12, 109.814532186);
INSERT INTO reading_data (reading_id, bin_id, bin_section_id, sensor_type_id, value) VALUES (86, 25, 13, 13, 1);
INSERT INTO reading_data (reading_id, bin_id, bin_section_id, sensor_type_id, value) VALUES (86, 25, 14, 10, 98.3281055419);
INSERT INTO reading_data (reading_id, bin_id, bin_section_id, sensor_type_id, value) VALUES (86, 25, 14, 11, 107.822093816);
INSERT INTO reading (id, datetime) VALUES (87, TIMESTAMP '2012-08-19 19:54:45');
INSERT INTO reading_data (reading_id, bin_id, bin_section_id, sensor_type_id, value) VALUES (87, 10, 10, 50, 127.917668211);
INSERT INTO reading_data (reading_id, bin_id, bin_section_id, sensor_type_id, value) VALUES (87, 10, 10, 51, 109.104221991);
INSERT INTO reading_data (reading_id, bin_id, bin_section_id, sensor_type_id, value) VALUES (87, 10, 10, 40, 111.90420283);
INSERT INTO reading_data (reading_id, bin_id, bin_section_id, sensor_type_id, value) VALUES (87, 19, 10, 50, 106.274373952);
INSERT INTO reading_data (reading_id, bin_id, bin_section_id, sensor_type_id, value) VALUES (87, 19, 10, 51, 93.7759193615);
INSERT INTO reading_data (reading_id, bin_id, bin_section_id, sensor_type_id, value) VALUES (87, 19, 10, 40, 124.739669692);
INSERT INTO reading_data (reading_id, bin_id, bin_section_id, sensor_type_id, value) VALUES (87, 11, 11, 20, 121.543038654);
INSERT INTO reading_data (reading_id, bin_id, bin_section_id, sensor_type_id, value) VALUES (87, 11, 11, 21, 91.7395663403);
INSERT INTO reading_data (reading_id, bin_id, bin_section_id, sensor_type_id, value) VALUES (87, 11, 11, 10, 108.030477857);
INSERT INTO reading_data (reading_id, bin_id, bin_section_id, sensor_type_id, value) VALUES (87, 11, 11, 11, 118.590110375);
INSERT INTO reading_data (reading_id, bin_id, bin_section_id, sensor_type_id, value) VALUES (87, 21, 11, 20, 91.3689562399);
INSERT INTO reading_data (reading_id, bin_id, bin_section_id, sensor_type_id, value) VALUES (87, 21, 11, 21, 100.381066589);
INSERT INTO reading_data (reading_id, bin_id, bin_section_id, sensor_type_id, value) VALUES (87, 21, 11, 10, 120.61402063);
INSERT INTO reading_data (reading_id, bin_id, bin_section_id, sensor_type_id, value) VALUES (87, 21, 11, 11, 94.6722964369);
INSERT INTO reading_data (reading_id, bin_id, bin_section_id, sensor_type_id, value) VALUES (87, 9, 14, 10, 127.301758724);
INSERT INTO reading_data (reading_id, bin_id, bin_section_id, sensor_type_id, value) VALUES (87, 9, 14, 11, 84.2484564258);
INSERT INTO reading_data (reading_id, bin_id, bin_section_id, sensor_type_id, value) VALUES (87, 12, 13, 10, 84.2906178713);
INSERT INTO reading_data (reading_id, bin_id, bin_section_id, sensor_type_id, value) VALUES (87, 12, 13, 11, 111.731842131);
INSERT INTO reading_data (reading_id, bin_id, bin_section_id, sensor_type_id, value) VALUES (87, 12, 13, 12, 87.1265858523);
INSERT INTO reading_data (reading_id, bin_id, bin_section_id, sensor_type_id, value) VALUES (87, 12, 13, 13, 1);
INSERT INTO reading_data (reading_id, bin_id, bin_section_id, sensor_type_id, value) VALUES (87, 12, 14, 10, 121.234022788);
INSERT INTO reading_data (reading_id, bin_id, bin_section_id, sensor_type_id, value) VALUES (87, 12, 14, 11, 100.417818791);
INSERT INTO reading_data (reading_id, bin_id, bin_section_id, sensor_type_id, value) VALUES (87, 13, 13, 10, 87.8866531196);
INSERT INTO reading_data (reading_id, bin_id, bin_section_id, sensor_type_id, value) VALUES (87, 13, 13, 11, 118.008507588);
INSERT INTO reading_data (reading_id, bin_id, bin_section_id, sensor_type_id, value) VALUES (87, 13, 13, 12, 100.531858863);
INSERT INTO reading_data (reading_id, bin_id, bin_section_id, sensor_type_id, value) VALUES (87, 13, 13, 13, 0);
INSERT INTO reading_data (reading_id, bin_id, bin_section_id, sensor_type_id, value) VALUES (87, 13, 14, 10, 101.822595671);
INSERT INTO reading_data (reading_id, bin_id, bin_section_id, sensor_type_id, value) VALUES (87, 13, 14, 11, 103.925066297);
INSERT INTO reading_data (reading_id, bin_id, bin_section_id, sensor_type_id, value) VALUES (87, 14, 13, 10, 121.952312867);
INSERT INTO reading_data (reading_id, bin_id, bin_section_id, sensor_type_id, value) VALUES (87, 14, 13, 11, 123.032423635);
INSERT INTO reading_data (reading_id, bin_id, bin_section_id, sensor_type_id, value) VALUES (87, 14, 13, 12, 118.598886961);
INSERT INTO reading_data (reading_id, bin_id, bin_section_id, sensor_type_id, value) VALUES (87, 14, 13, 13, 0);
INSERT INTO reading_data (reading_id, bin_id, bin_section_id, sensor_type_id, value) VALUES (87, 14, 14, 10, 94.8422742961);
INSERT INTO reading_data (reading_id, bin_id, bin_section_id, sensor_type_id, value) VALUES (87, 14, 14, 11, 93.466746608);
INSERT INTO reading_data (reading_id, bin_id, bin_section_id, sensor_type_id, value) VALUES (87, 15, 13, 10, 104.005223805);
INSERT INTO reading_data (reading_id, bin_id, bin_section_id, sensor_type_id, value) VALUES (87, 15, 13, 11, 111.272843431);
INSERT INTO reading_data (reading_id, bin_id, bin_section_id, sensor_type_id, value) VALUES (87, 15, 13, 12, 96.3782315466);
INSERT INTO reading_data (reading_id, bin_id, bin_section_id, sensor_type_id, value) VALUES (87, 15, 13, 13, 0);
INSERT INTO reading_data (reading_id, bin_id, bin_section_id, sensor_type_id, value) VALUES (87, 15, 14, 10, 121.129117802);
INSERT INTO reading_data (reading_id, bin_id, bin_section_id, sensor_type_id, value) VALUES (87, 15, 14, 11, 105.618608865);
INSERT INTO reading_data (reading_id, bin_id, bin_section_id, sensor_type_id, value) VALUES (87, 17, 13, 10, 89.7622654342);
INSERT INTO reading_data (reading_id, bin_id, bin_section_id, sensor_type_id, value) VALUES (87, 17, 13, 11, 124.244432132);
INSERT INTO reading_data (reading_id, bin_id, bin_section_id, sensor_type_id, value) VALUES (87, 17, 13, 12, 121.570816541);
INSERT INTO reading_data (reading_id, bin_id, bin_section_id, sensor_type_id, value) VALUES (87, 17, 13, 13, 0);
INSERT INTO reading_data (reading_id, bin_id, bin_section_id, sensor_type_id, value) VALUES (87, 17, 14, 10, 122.212349402);
INSERT INTO reading_data (reading_id, bin_id, bin_section_id, sensor_type_id, value) VALUES (87, 17, 14, 11, 111.143092937);
INSERT INTO reading_data (reading_id, bin_id, bin_section_id, sensor_type_id, value) VALUES (87, 21, 13, 10, 80.191613763);
INSERT INTO reading_data (reading_id, bin_id, bin_section_id, sensor_type_id, value) VALUES (87, 21, 13, 11, 106.770388148);
INSERT INTO reading_data (reading_id, bin_id, bin_section_id, sensor_type_id, value) VALUES (87, 21, 13, 12, 97.224329495);
INSERT INTO reading_data (reading_id, bin_id, bin_section_id, sensor_type_id, value) VALUES (87, 21, 13, 13, 1);
INSERT INTO reading_data (reading_id, bin_id, bin_section_id, sensor_type_id, value) VALUES (87, 21, 14, 10, 94.9057862318);
INSERT INTO reading_data (reading_id, bin_id, bin_section_id, sensor_type_id, value) VALUES (87, 21, 14, 11, 125.99190168);
INSERT INTO reading_data (reading_id, bin_id, bin_section_id, sensor_type_id, value) VALUES (87, 22, 13, 10, 128.923423412);
INSERT INTO reading_data (reading_id, bin_id, bin_section_id, sensor_type_id, value) VALUES (87, 22, 13, 11, 106.455168215);
INSERT INTO reading_data (reading_id, bin_id, bin_section_id, sensor_type_id, value) VALUES (87, 22, 13, 12, 98.6336806139);
INSERT INTO reading_data (reading_id, bin_id, bin_section_id, sensor_type_id, value) VALUES (87, 22, 13, 13, 1);
INSERT INTO reading_data (reading_id, bin_id, bin_section_id, sensor_type_id, value) VALUES (87, 22, 14, 10, 124.562430421);
INSERT INTO reading_data (reading_id, bin_id, bin_section_id, sensor_type_id, value) VALUES (87, 22, 14, 11, 125.543603052);
INSERT INTO reading_data (reading_id, bin_id, bin_section_id, sensor_type_id, value) VALUES (87, 23, 13, 10, 112.395899338);
INSERT INTO reading_data (reading_id, bin_id, bin_section_id, sensor_type_id, value) VALUES (87, 23, 13, 11, 116.133376174);
INSERT INTO reading_data (reading_id, bin_id, bin_section_id, sensor_type_id, value) VALUES (87, 23, 13, 12, 88.0849198416);
INSERT INTO reading_data (reading_id, bin_id, bin_section_id, sensor_type_id, value) VALUES (87, 23, 13, 13, 1);
INSERT INTO reading_data (reading_id, bin_id, bin_section_id, sensor_type_id, value) VALUES (87, 23, 14, 10, 83.0359247505);
INSERT INTO reading_data (reading_id, bin_id, bin_section_id, sensor_type_id, value) VALUES (87, 23, 14, 11, 106.997135154);
INSERT INTO reading_data (reading_id, bin_id, bin_section_id, sensor_type_id, value) VALUES (87, 24, 13, 10, 103.964287306);
INSERT INTO reading_data (reading_id, bin_id, bin_section_id, sensor_type_id, value) VALUES (87, 24, 13, 11, 112.615486464);
INSERT INTO reading_data (reading_id, bin_id, bin_section_id, sensor_type_id, value) VALUES (87, 24, 13, 12, 89.1481874628);
INSERT INTO reading_data (reading_id, bin_id, bin_section_id, sensor_type_id, value) VALUES (87, 24, 13, 13, 1);
INSERT INTO reading_data (reading_id, bin_id, bin_section_id, sensor_type_id, value) VALUES (87, 24, 14, 10, 80.8158057306);
INSERT INTO reading_data (reading_id, bin_id, bin_section_id, sensor_type_id, value) VALUES (87, 24, 14, 11, 126.499645249);
INSERT INTO reading_data (reading_id, bin_id, bin_section_id, sensor_type_id, value) VALUES (87, 25, 13, 10, 85.0027965797);
INSERT INTO reading_data (reading_id, bin_id, bin_section_id, sensor_type_id, value) VALUES (87, 25, 13, 11, 112.910568862);
INSERT INTO reading_data (reading_id, bin_id, bin_section_id, sensor_type_id, value) VALUES (87, 25, 13, 12, 97.9692393201);
INSERT INTO reading_data (reading_id, bin_id, bin_section_id, sensor_type_id, value) VALUES (87, 25, 13, 13, 1);
INSERT INTO reading_data (reading_id, bin_id, bin_section_id, sensor_type_id, value) VALUES (87, 25, 14, 10, 113.085192703);
INSERT INTO reading_data (reading_id, bin_id, bin_section_id, sensor_type_id, value) VALUES (87, 25, 14, 11, 107.851001732);
INSERT INTO reading (id, datetime) VALUES (88, TIMESTAMP '2012-08-19 19:59:45');
INSERT INTO reading_data (reading_id, bin_id, bin_section_id, sensor_type_id, value) VALUES (88, 10, 10, 50, 116.396240562);
INSERT INTO reading_data (reading_id, bin_id, bin_section_id, sensor_type_id, value) VALUES (88, 10, 10, 51, 124.657512294);
INSERT INTO reading_data (reading_id, bin_id, bin_section_id, sensor_type_id, value) VALUES (88, 10, 10, 40, 97.6956234227);
INSERT INTO reading_data (reading_id, bin_id, bin_section_id, sensor_type_id, value) VALUES (88, 19, 10, 50, 85.4411055206);
INSERT INTO reading_data (reading_id, bin_id, bin_section_id, sensor_type_id, value) VALUES (88, 19, 10, 51, 82.8220353401);
INSERT INTO reading_data (reading_id, bin_id, bin_section_id, sensor_type_id, value) VALUES (88, 19, 10, 40, 128.794933282);
INSERT INTO reading_data (reading_id, bin_id, bin_section_id, sensor_type_id, value) VALUES (88, 11, 11, 20, 128.854022399);
INSERT INTO reading_data (reading_id, bin_id, bin_section_id, sensor_type_id, value) VALUES (88, 11, 11, 21, 89.8695931528);
INSERT INTO reading_data (reading_id, bin_id, bin_section_id, sensor_type_id, value) VALUES (88, 11, 11, 10, 129.680880995);
INSERT INTO reading_data (reading_id, bin_id, bin_section_id, sensor_type_id, value) VALUES (88, 11, 11, 11, 106.085531699);
INSERT INTO reading_data (reading_id, bin_id, bin_section_id, sensor_type_id, value) VALUES (88, 21, 11, 20, 123.436621092);
INSERT INTO reading_data (reading_id, bin_id, bin_section_id, sensor_type_id, value) VALUES (88, 21, 11, 21, 98.9563476373);
INSERT INTO reading_data (reading_id, bin_id, bin_section_id, sensor_type_id, value) VALUES (88, 21, 11, 10, 108.337395435);
INSERT INTO reading_data (reading_id, bin_id, bin_section_id, sensor_type_id, value) VALUES (88, 21, 11, 11, 121.848223052);
INSERT INTO reading_data (reading_id, bin_id, bin_section_id, sensor_type_id, value) VALUES (88, 9, 14, 10, 128.54472765);
INSERT INTO reading_data (reading_id, bin_id, bin_section_id, sensor_type_id, value) VALUES (88, 9, 14, 11, 100.751701726);
INSERT INTO reading_data (reading_id, bin_id, bin_section_id, sensor_type_id, value) VALUES (88, 12, 13, 10, 112.31972583);
INSERT INTO reading_data (reading_id, bin_id, bin_section_id, sensor_type_id, value) VALUES (88, 12, 13, 11, 111.772628653);
INSERT INTO reading_data (reading_id, bin_id, bin_section_id, sensor_type_id, value) VALUES (88, 12, 13, 12, 108.572493418);
INSERT INTO reading_data (reading_id, bin_id, bin_section_id, sensor_type_id, value) VALUES (88, 12, 13, 13, 0);
INSERT INTO reading_data (reading_id, bin_id, bin_section_id, sensor_type_id, value) VALUES (88, 12, 14, 10, 129.617021097);
INSERT INTO reading_data (reading_id, bin_id, bin_section_id, sensor_type_id, value) VALUES (88, 12, 14, 11, 103.448105533);
INSERT INTO reading_data (reading_id, bin_id, bin_section_id, sensor_type_id, value) VALUES (88, 13, 13, 10, 95.2400303524);
INSERT INTO reading_data (reading_id, bin_id, bin_section_id, sensor_type_id, value) VALUES (88, 13, 13, 11, 82.0630686586);
INSERT INTO reading_data (reading_id, bin_id, bin_section_id, sensor_type_id, value) VALUES (88, 13, 13, 12, 95.5714315722);
INSERT INTO reading_data (reading_id, bin_id, bin_section_id, sensor_type_id, value) VALUES (88, 13, 13, 13, 1);
INSERT INTO reading_data (reading_id, bin_id, bin_section_id, sensor_type_id, value) VALUES (88, 13, 14, 10, 124.482208213);
INSERT INTO reading_data (reading_id, bin_id, bin_section_id, sensor_type_id, value) VALUES (88, 13, 14, 11, 103.413822662);
INSERT INTO reading_data (reading_id, bin_id, bin_section_id, sensor_type_id, value) VALUES (88, 14, 13, 10, 83.0238390497);
INSERT INTO reading_data (reading_id, bin_id, bin_section_id, sensor_type_id, value) VALUES (88, 14, 13, 11, 104.910538734);
INSERT INTO reading_data (reading_id, bin_id, bin_section_id, sensor_type_id, value) VALUES (88, 14, 13, 12, 101.15609155);
INSERT INTO reading_data (reading_id, bin_id, bin_section_id, sensor_type_id, value) VALUES (88, 14, 13, 13, 0);
INSERT INTO reading_data (reading_id, bin_id, bin_section_id, sensor_type_id, value) VALUES (88, 14, 14, 10, 94.6940662138);
INSERT INTO reading_data (reading_id, bin_id, bin_section_id, sensor_type_id, value) VALUES (88, 14, 14, 11, 120.438651554);
INSERT INTO reading_data (reading_id, bin_id, bin_section_id, sensor_type_id, value) VALUES (88, 15, 13, 10, 89.1838417059);
INSERT INTO reading_data (reading_id, bin_id, bin_section_id, sensor_type_id, value) VALUES (88, 15, 13, 11, 104.953686822);
INSERT INTO reading_data (reading_id, bin_id, bin_section_id, sensor_type_id, value) VALUES (88, 15, 13, 12, 87.0482445493);
INSERT INTO reading_data (reading_id, bin_id, bin_section_id, sensor_type_id, value) VALUES (88, 15, 13, 13, 0);
INSERT INTO reading_data (reading_id, bin_id, bin_section_id, sensor_type_id, value) VALUES (88, 15, 14, 10, 120.69511674);
INSERT INTO reading_data (reading_id, bin_id, bin_section_id, sensor_type_id, value) VALUES (88, 15, 14, 11, 81.3910579313);
INSERT INTO reading_data (reading_id, bin_id, bin_section_id, sensor_type_id, value) VALUES (88, 17, 13, 10, 125.758839638);
INSERT INTO reading_data (reading_id, bin_id, bin_section_id, sensor_type_id, value) VALUES (88, 17, 13, 11, 83.7868048942);
INSERT INTO reading_data (reading_id, bin_id, bin_section_id, sensor_type_id, value) VALUES (88, 17, 13, 12, 116.609616042);
INSERT INTO reading_data (reading_id, bin_id, bin_section_id, sensor_type_id, value) VALUES (88, 17, 13, 13, 0);
INSERT INTO reading_data (reading_id, bin_id, bin_section_id, sensor_type_id, value) VALUES (88, 17, 14, 10, 106.813370481);
INSERT INTO reading_data (reading_id, bin_id, bin_section_id, sensor_type_id, value) VALUES (88, 17, 14, 11, 82.2427827629);
INSERT INTO reading_data (reading_id, bin_id, bin_section_id, sensor_type_id, value) VALUES (88, 21, 13, 10, 98.7180942625);
INSERT INTO reading_data (reading_id, bin_id, bin_section_id, sensor_type_id, value) VALUES (88, 21, 13, 11, 127.342263317);
INSERT INTO reading_data (reading_id, bin_id, bin_section_id, sensor_type_id, value) VALUES (88, 21, 13, 12, 102.81090975);
INSERT INTO reading_data (reading_id, bin_id, bin_section_id, sensor_type_id, value) VALUES (88, 21, 13, 13, 1);
INSERT INTO reading_data (reading_id, bin_id, bin_section_id, sensor_type_id, value) VALUES (88, 21, 14, 10, 80.1990405288);
INSERT INTO reading_data (reading_id, bin_id, bin_section_id, sensor_type_id, value) VALUES (88, 21, 14, 11, 106.254700954);
INSERT INTO reading_data (reading_id, bin_id, bin_section_id, sensor_type_id, value) VALUES (88, 22, 13, 10, 123.62543367);
INSERT INTO reading_data (reading_id, bin_id, bin_section_id, sensor_type_id, value) VALUES (88, 22, 13, 11, 105.772860077);
INSERT INTO reading_data (reading_id, bin_id, bin_section_id, sensor_type_id, value) VALUES (88, 22, 13, 12, 86.6299549406);
INSERT INTO reading_data (reading_id, bin_id, bin_section_id, sensor_type_id, value) VALUES (88, 22, 13, 13, 1);
INSERT INTO reading_data (reading_id, bin_id, bin_section_id, sensor_type_id, value) VALUES (88, 22, 14, 10, 107.597180953);
INSERT INTO reading_data (reading_id, bin_id, bin_section_id, sensor_type_id, value) VALUES (88, 22, 14, 11, 91.7976968826);
INSERT INTO reading_data (reading_id, bin_id, bin_section_id, sensor_type_id, value) VALUES (88, 23, 13, 10, 95.0270223992);
INSERT INTO reading_data (reading_id, bin_id, bin_section_id, sensor_type_id, value) VALUES (88, 23, 13, 11, 94.3459731825);
INSERT INTO reading_data (reading_id, bin_id, bin_section_id, sensor_type_id, value) VALUES (88, 23, 13, 12, 104.165367109);
INSERT INTO reading_data (reading_id, bin_id, bin_section_id, sensor_type_id, value) VALUES (88, 23, 13, 13, 1);
INSERT INTO reading_data (reading_id, bin_id, bin_section_id, sensor_type_id, value) VALUES (88, 23, 14, 10, 80.2544093951);
INSERT INTO reading_data (reading_id, bin_id, bin_section_id, sensor_type_id, value) VALUES (88, 23, 14, 11, 113.825677231);
INSERT INTO reading_data (reading_id, bin_id, bin_section_id, sensor_type_id, value) VALUES (88, 24, 13, 10, 105.07216021);
INSERT INTO reading_data (reading_id, bin_id, bin_section_id, sensor_type_id, value) VALUES (88, 24, 13, 11, 99.6459322347);
INSERT INTO reading_data (reading_id, bin_id, bin_section_id, sensor_type_id, value) VALUES (88, 24, 13, 12, 125.887998614);
INSERT INTO reading_data (reading_id, bin_id, bin_section_id, sensor_type_id, value) VALUES (88, 24, 13, 13, 1);
INSERT INTO reading_data (reading_id, bin_id, bin_section_id, sensor_type_id, value) VALUES (88, 24, 14, 10, 111.636047727);
INSERT INTO reading_data (reading_id, bin_id, bin_section_id, sensor_type_id, value) VALUES (88, 24, 14, 11, 123.468479728);
INSERT INTO reading_data (reading_id, bin_id, bin_section_id, sensor_type_id, value) VALUES (88, 25, 13, 10, 125.556571776);
INSERT INTO reading_data (reading_id, bin_id, bin_section_id, sensor_type_id, value) VALUES (88, 25, 13, 11, 106.860875391);
INSERT INTO reading_data (reading_id, bin_id, bin_section_id, sensor_type_id, value) VALUES (88, 25, 13, 12, 94.629652652);
INSERT INTO reading_data (reading_id, bin_id, bin_section_id, sensor_type_id, value) VALUES (88, 25, 13, 13, 1);
INSERT INTO reading_data (reading_id, bin_id, bin_section_id, sensor_type_id, value) VALUES (88, 25, 14, 10, 103.840566319);
INSERT INTO reading_data (reading_id, bin_id, bin_section_id, sensor_type_id, value) VALUES (88, 25, 14, 11, 88.8541906628);
INSERT INTO reading (id, datetime) VALUES (89, TIMESTAMP '2012-08-19 20:04:45');
INSERT INTO reading_data (reading_id, bin_id, bin_section_id, sensor_type_id, value) VALUES (89, 10, 10, 50, 106.654642007);
INSERT INTO reading_data (reading_id, bin_id, bin_section_id, sensor_type_id, value) VALUES (89, 10, 10, 51, 128.185134444);
INSERT INTO reading_data (reading_id, bin_id, bin_section_id, sensor_type_id, value) VALUES (89, 10, 10, 40, 101.715754307);
INSERT INTO reading_data (reading_id, bin_id, bin_section_id, sensor_type_id, value) VALUES (89, 19, 10, 50, 81.0597369793);
INSERT INTO reading_data (reading_id, bin_id, bin_section_id, sensor_type_id, value) VALUES (89, 19, 10, 51, 100.541932501);
INSERT INTO reading_data (reading_id, bin_id, bin_section_id, sensor_type_id, value) VALUES (89, 19, 10, 40, 98.5101861597);
INSERT INTO reading_data (reading_id, bin_id, bin_section_id, sensor_type_id, value) VALUES (89, 11, 11, 20, 119.714386269);
INSERT INTO reading_data (reading_id, bin_id, bin_section_id, sensor_type_id, value) VALUES (89, 11, 11, 21, 106.941095957);
INSERT INTO reading_data (reading_id, bin_id, bin_section_id, sensor_type_id, value) VALUES (89, 11, 11, 10, 107.825272308);
INSERT INTO reading_data (reading_id, bin_id, bin_section_id, sensor_type_id, value) VALUES (89, 11, 11, 11, 86.499009554);
INSERT INTO reading_data (reading_id, bin_id, bin_section_id, sensor_type_id, value) VALUES (89, 21, 11, 20, 86.6697956753);
INSERT INTO reading_data (reading_id, bin_id, bin_section_id, sensor_type_id, value) VALUES (89, 21, 11, 21, 85.4849748219);
INSERT INTO reading_data (reading_id, bin_id, bin_section_id, sensor_type_id, value) VALUES (89, 21, 11, 10, 129.377645202);
INSERT INTO reading_data (reading_id, bin_id, bin_section_id, sensor_type_id, value) VALUES (89, 21, 11, 11, 115.5382676);
INSERT INTO reading_data (reading_id, bin_id, bin_section_id, sensor_type_id, value) VALUES (89, 9, 14, 10, 124.004977842);
INSERT INTO reading_data (reading_id, bin_id, bin_section_id, sensor_type_id, value) VALUES (89, 9, 14, 11, 89.8473833717);
INSERT INTO reading_data (reading_id, bin_id, bin_section_id, sensor_type_id, value) VALUES (89, 12, 13, 10, 114.983064019);
INSERT INTO reading_data (reading_id, bin_id, bin_section_id, sensor_type_id, value) VALUES (89, 12, 13, 11, 112.547394135);
INSERT INTO reading_data (reading_id, bin_id, bin_section_id, sensor_type_id, value) VALUES (89, 12, 13, 12, 98.1373134898);
INSERT INTO reading_data (reading_id, bin_id, bin_section_id, sensor_type_id, value) VALUES (89, 12, 13, 13, 1);
INSERT INTO reading_data (reading_id, bin_id, bin_section_id, sensor_type_id, value) VALUES (89, 12, 14, 10, 120.078677429);
INSERT INTO reading_data (reading_id, bin_id, bin_section_id, sensor_type_id, value) VALUES (89, 12, 14, 11, 85.1154386925);
INSERT INTO reading_data (reading_id, bin_id, bin_section_id, sensor_type_id, value) VALUES (89, 13, 13, 10, 121.462593315);
INSERT INTO reading_data (reading_id, bin_id, bin_section_id, sensor_type_id, value) VALUES (89, 13, 13, 11, 86.4681592299);
INSERT INTO reading_data (reading_id, bin_id, bin_section_id, sensor_type_id, value) VALUES (89, 13, 13, 12, 122.698084476);
INSERT INTO reading_data (reading_id, bin_id, bin_section_id, sensor_type_id, value) VALUES (89, 13, 13, 13, 0);
INSERT INTO reading_data (reading_id, bin_id, bin_section_id, sensor_type_id, value) VALUES (89, 13, 14, 10, 103.679872209);
INSERT INTO reading_data (reading_id, bin_id, bin_section_id, sensor_type_id, value) VALUES (89, 13, 14, 11, 120.670852731);
INSERT INTO reading_data (reading_id, bin_id, bin_section_id, sensor_type_id, value) VALUES (89, 14, 13, 10, 81.1395209879);
INSERT INTO reading_data (reading_id, bin_id, bin_section_id, sensor_type_id, value) VALUES (89, 14, 13, 11, 82.8117906418);
INSERT INTO reading_data (reading_id, bin_id, bin_section_id, sensor_type_id, value) VALUES (89, 14, 13, 12, 107.323888639);
INSERT INTO reading_data (reading_id, bin_id, bin_section_id, sensor_type_id, value) VALUES (89, 14, 13, 13, 0);
INSERT INTO reading_data (reading_id, bin_id, bin_section_id, sensor_type_id, value) VALUES (89, 14, 14, 10, 106.265010842);
INSERT INTO reading_data (reading_id, bin_id, bin_section_id, sensor_type_id, value) VALUES (89, 14, 14, 11, 112.06174992);
INSERT INTO reading_data (reading_id, bin_id, bin_section_id, sensor_type_id, value) VALUES (89, 15, 13, 10, 85.3108460936);
INSERT INTO reading_data (reading_id, bin_id, bin_section_id, sensor_type_id, value) VALUES (89, 15, 13, 11, 110.385420914);
INSERT INTO reading_data (reading_id, bin_id, bin_section_id, sensor_type_id, value) VALUES (89, 15, 13, 12, 114.764675885);
INSERT INTO reading_data (reading_id, bin_id, bin_section_id, sensor_type_id, value) VALUES (89, 15, 13, 13, 0);
INSERT INTO reading_data (reading_id, bin_id, bin_section_id, sensor_type_id, value) VALUES (89, 15, 14, 10, 91.0013107051);
INSERT INTO reading_data (reading_id, bin_id, bin_section_id, sensor_type_id, value) VALUES (89, 15, 14, 11, 124.365996747);
INSERT INTO reading_data (reading_id, bin_id, bin_section_id, sensor_type_id, value) VALUES (89, 17, 13, 10, 103.136033067);
INSERT INTO reading_data (reading_id, bin_id, bin_section_id, sensor_type_id, value) VALUES (89, 17, 13, 11, 85.3195954744);
INSERT INTO reading_data (reading_id, bin_id, bin_section_id, sensor_type_id, value) VALUES (89, 17, 13, 12, 122.745691397);
INSERT INTO reading_data (reading_id, bin_id, bin_section_id, sensor_type_id, value) VALUES (89, 17, 13, 13, 0);
INSERT INTO reading_data (reading_id, bin_id, bin_section_id, sensor_type_id, value) VALUES (89, 17, 14, 10, 93.5041406556);
INSERT INTO reading_data (reading_id, bin_id, bin_section_id, sensor_type_id, value) VALUES (89, 17, 14, 11, 111.590332996);
INSERT INTO reading_data (reading_id, bin_id, bin_section_id, sensor_type_id, value) VALUES (89, 21, 13, 10, 104.711379478);
INSERT INTO reading_data (reading_id, bin_id, bin_section_id, sensor_type_id, value) VALUES (89, 21, 13, 11, 90.5413274222);
INSERT INTO reading_data (reading_id, bin_id, bin_section_id, sensor_type_id, value) VALUES (89, 21, 13, 12, 125.648761951);
INSERT INTO reading_data (reading_id, bin_id, bin_section_id, sensor_type_id, value) VALUES (89, 21, 13, 13, 1);
INSERT INTO reading_data (reading_id, bin_id, bin_section_id, sensor_type_id, value) VALUES (89, 21, 14, 10, 122.583049394);
INSERT INTO reading_data (reading_id, bin_id, bin_section_id, sensor_type_id, value) VALUES (89, 21, 14, 11, 124.199190532);
INSERT INTO reading_data (reading_id, bin_id, bin_section_id, sensor_type_id, value) VALUES (89, 22, 13, 10, 87.2700875401);
INSERT INTO reading_data (reading_id, bin_id, bin_section_id, sensor_type_id, value) VALUES (89, 22, 13, 11, 93.6343790551);
INSERT INTO reading_data (reading_id, bin_id, bin_section_id, sensor_type_id, value) VALUES (89, 22, 13, 12, 83.5676095641);
INSERT INTO reading_data (reading_id, bin_id, bin_section_id, sensor_type_id, value) VALUES (89, 22, 13, 13, 0);
INSERT INTO reading_data (reading_id, bin_id, bin_section_id, sensor_type_id, value) VALUES (89, 22, 14, 10, 114.240030643);
INSERT INTO reading_data (reading_id, bin_id, bin_section_id, sensor_type_id, value) VALUES (89, 22, 14, 11, 126.035851856);
INSERT INTO reading_data (reading_id, bin_id, bin_section_id, sensor_type_id, value) VALUES (89, 23, 13, 10, 102.998324142);
INSERT INTO reading_data (reading_id, bin_id, bin_section_id, sensor_type_id, value) VALUES (89, 23, 13, 11, 120.775707559);
INSERT INTO reading_data (reading_id, bin_id, bin_section_id, sensor_type_id, value) VALUES (89, 23, 13, 12, 110.245454887);
INSERT INTO reading_data (reading_id, bin_id, bin_section_id, sensor_type_id, value) VALUES (89, 23, 13, 13, 1);
INSERT INTO reading_data (reading_id, bin_id, bin_section_id, sensor_type_id, value) VALUES (89, 23, 14, 10, 125.069285177);
INSERT INTO reading_data (reading_id, bin_id, bin_section_id, sensor_type_id, value) VALUES (89, 23, 14, 11, 126.129381157);
INSERT INTO reading_data (reading_id, bin_id, bin_section_id, sensor_type_id, value) VALUES (89, 24, 13, 10, 91.8196606386);
INSERT INTO reading_data (reading_id, bin_id, bin_section_id, sensor_type_id, value) VALUES (89, 24, 13, 11, 105.315324025);
INSERT INTO reading_data (reading_id, bin_id, bin_section_id, sensor_type_id, value) VALUES (89, 24, 13, 12, 89.1130542898);
INSERT INTO reading_data (reading_id, bin_id, bin_section_id, sensor_type_id, value) VALUES (89, 24, 13, 13, 0);
INSERT INTO reading_data (reading_id, bin_id, bin_section_id, sensor_type_id, value) VALUES (89, 24, 14, 10, 121.658033842);
INSERT INTO reading_data (reading_id, bin_id, bin_section_id, sensor_type_id, value) VALUES (89, 24, 14, 11, 113.637361297);
INSERT INTO reading_data (reading_id, bin_id, bin_section_id, sensor_type_id, value) VALUES (89, 25, 13, 10, 125.969292727);
INSERT INTO reading_data (reading_id, bin_id, bin_section_id, sensor_type_id, value) VALUES (89, 25, 13, 11, 104.777762042);
INSERT INTO reading_data (reading_id, bin_id, bin_section_id, sensor_type_id, value) VALUES (89, 25, 13, 12, 83.1725015573);
INSERT INTO reading_data (reading_id, bin_id, bin_section_id, sensor_type_id, value) VALUES (89, 25, 13, 13, 1);
INSERT INTO reading_data (reading_id, bin_id, bin_section_id, sensor_type_id, value) VALUES (89, 25, 14, 10, 80.5787870214);
INSERT INTO reading_data (reading_id, bin_id, bin_section_id, sensor_type_id, value) VALUES (89, 25, 14, 11, 89.7062298144);
INSERT INTO reading (id, datetime) VALUES (90, TIMESTAMP '2012-08-19 20:09:45');
INSERT INTO reading_data (reading_id, bin_id, bin_section_id, sensor_type_id, value) VALUES (90, 10, 10, 50, 119.618313892);
INSERT INTO reading_data (reading_id, bin_id, bin_section_id, sensor_type_id, value) VALUES (90, 10, 10, 51, 96.3459382515);
INSERT INTO reading_data (reading_id, bin_id, bin_section_id, sensor_type_id, value) VALUES (90, 10, 10, 40, 87.4028823584);
INSERT INTO reading_data (reading_id, bin_id, bin_section_id, sensor_type_id, value) VALUES (90, 19, 10, 50, 118.645707949);
INSERT INTO reading_data (reading_id, bin_id, bin_section_id, sensor_type_id, value) VALUES (90, 19, 10, 51, 123.405864778);
INSERT INTO reading_data (reading_id, bin_id, bin_section_id, sensor_type_id, value) VALUES (90, 19, 10, 40, 93.4554385404);
INSERT INTO reading_data (reading_id, bin_id, bin_section_id, sensor_type_id, value) VALUES (90, 11, 11, 20, 128.613738044);
INSERT INTO reading_data (reading_id, bin_id, bin_section_id, sensor_type_id, value) VALUES (90, 11, 11, 21, 92.5487931941);
INSERT INTO reading_data (reading_id, bin_id, bin_section_id, sensor_type_id, value) VALUES (90, 11, 11, 10, 122.484426677);
INSERT INTO reading_data (reading_id, bin_id, bin_section_id, sensor_type_id, value) VALUES (90, 11, 11, 11, 84.9197443891);
INSERT INTO reading_data (reading_id, bin_id, bin_section_id, sensor_type_id, value) VALUES (90, 21, 11, 20, 99.8840564281);
INSERT INTO reading_data (reading_id, bin_id, bin_section_id, sensor_type_id, value) VALUES (90, 21, 11, 21, 128.319051106);
INSERT INTO reading_data (reading_id, bin_id, bin_section_id, sensor_type_id, value) VALUES (90, 21, 11, 10, 86.4128204536);
INSERT INTO reading_data (reading_id, bin_id, bin_section_id, sensor_type_id, value) VALUES (90, 21, 11, 11, 110.049312684);
INSERT INTO reading_data (reading_id, bin_id, bin_section_id, sensor_type_id, value) VALUES (90, 9, 14, 10, 95.6581979794);
INSERT INTO reading_data (reading_id, bin_id, bin_section_id, sensor_type_id, value) VALUES (90, 9, 14, 11, 89.4568969201);
INSERT INTO reading_data (reading_id, bin_id, bin_section_id, sensor_type_id, value) VALUES (90, 12, 13, 10, 90.8928323206);
INSERT INTO reading_data (reading_id, bin_id, bin_section_id, sensor_type_id, value) VALUES (90, 12, 13, 11, 82.6290071184);
INSERT INTO reading_data (reading_id, bin_id, bin_section_id, sensor_type_id, value) VALUES (90, 12, 13, 12, 116.34400833);
INSERT INTO reading_data (reading_id, bin_id, bin_section_id, sensor_type_id, value) VALUES (90, 12, 13, 13, 0);
INSERT INTO reading_data (reading_id, bin_id, bin_section_id, sensor_type_id, value) VALUES (90, 12, 14, 10, 88.4866426054);
INSERT INTO reading_data (reading_id, bin_id, bin_section_id, sensor_type_id, value) VALUES (90, 12, 14, 11, 109.569698774);
INSERT INTO reading_data (reading_id, bin_id, bin_section_id, sensor_type_id, value) VALUES (90, 13, 13, 10, 91.6811603758);
INSERT INTO reading_data (reading_id, bin_id, bin_section_id, sensor_type_id, value) VALUES (90, 13, 13, 11, 126.962024878);
INSERT INTO reading_data (reading_id, bin_id, bin_section_id, sensor_type_id, value) VALUES (90, 13, 13, 12, 95.9731516611);
INSERT INTO reading_data (reading_id, bin_id, bin_section_id, sensor_type_id, value) VALUES (90, 13, 13, 13, 0);
INSERT INTO reading_data (reading_id, bin_id, bin_section_id, sensor_type_id, value) VALUES (90, 13, 14, 10, 91.7744533989);
INSERT INTO reading_data (reading_id, bin_id, bin_section_id, sensor_type_id, value) VALUES (90, 13, 14, 11, 85.7828782996);
INSERT INTO reading_data (reading_id, bin_id, bin_section_id, sensor_type_id, value) VALUES (90, 14, 13, 10, 86.86130667);
INSERT INTO reading_data (reading_id, bin_id, bin_section_id, sensor_type_id, value) VALUES (90, 14, 13, 11, 128.405269067);
INSERT INTO reading_data (reading_id, bin_id, bin_section_id, sensor_type_id, value) VALUES (90, 14, 13, 12, 117.819504302);
INSERT INTO reading_data (reading_id, bin_id, bin_section_id, sensor_type_id, value) VALUES (90, 14, 13, 13, 1);
INSERT INTO reading_data (reading_id, bin_id, bin_section_id, sensor_type_id, value) VALUES (90, 14, 14, 10, 124.103555301);
INSERT INTO reading_data (reading_id, bin_id, bin_section_id, sensor_type_id, value) VALUES (90, 14, 14, 11, 122.48086492);
INSERT INTO reading_data (reading_id, bin_id, bin_section_id, sensor_type_id, value) VALUES (90, 15, 13, 10, 117.845370541);
INSERT INTO reading_data (reading_id, bin_id, bin_section_id, sensor_type_id, value) VALUES (90, 15, 13, 11, 112.414294276);
INSERT INTO reading_data (reading_id, bin_id, bin_section_id, sensor_type_id, value) VALUES (90, 15, 13, 12, 81.6053675039);
INSERT INTO reading_data (reading_id, bin_id, bin_section_id, sensor_type_id, value) VALUES (90, 15, 13, 13, 0);
INSERT INTO reading_data (reading_id, bin_id, bin_section_id, sensor_type_id, value) VALUES (90, 15, 14, 10, 97.60935651);
INSERT INTO reading_data (reading_id, bin_id, bin_section_id, sensor_type_id, value) VALUES (90, 15, 14, 11, 92.7918831064);
INSERT INTO reading_data (reading_id, bin_id, bin_section_id, sensor_type_id, value) VALUES (90, 17, 13, 10, 118.481707421);
INSERT INTO reading_data (reading_id, bin_id, bin_section_id, sensor_type_id, value) VALUES (90, 17, 13, 11, 113.326079992);
INSERT INTO reading_data (reading_id, bin_id, bin_section_id, sensor_type_id, value) VALUES (90, 17, 13, 12, 85.7757350606);
INSERT INTO reading_data (reading_id, bin_id, bin_section_id, sensor_type_id, value) VALUES (90, 17, 13, 13, 1);
INSERT INTO reading_data (reading_id, bin_id, bin_section_id, sensor_type_id, value) VALUES (90, 17, 14, 10, 125.40149789);
INSERT INTO reading_data (reading_id, bin_id, bin_section_id, sensor_type_id, value) VALUES (90, 17, 14, 11, 129.217999703);
INSERT INTO reading_data (reading_id, bin_id, bin_section_id, sensor_type_id, value) VALUES (90, 21, 13, 10, 85.8844187008);
INSERT INTO reading_data (reading_id, bin_id, bin_section_id, sensor_type_id, value) VALUES (90, 21, 13, 11, 119.806661605);
INSERT INTO reading_data (reading_id, bin_id, bin_section_id, sensor_type_id, value) VALUES (90, 21, 13, 12, 90.4106825083);
INSERT INTO reading_data (reading_id, bin_id, bin_section_id, sensor_type_id, value) VALUES (90, 21, 13, 13, 0);
INSERT INTO reading_data (reading_id, bin_id, bin_section_id, sensor_type_id, value) VALUES (90, 21, 14, 10, 89.1345666828);
INSERT INTO reading_data (reading_id, bin_id, bin_section_id, sensor_type_id, value) VALUES (90, 21, 14, 11, 99.0959577245);
INSERT INTO reading_data (reading_id, bin_id, bin_section_id, sensor_type_id, value) VALUES (90, 22, 13, 10, 115.141519137);
INSERT INTO reading_data (reading_id, bin_id, bin_section_id, sensor_type_id, value) VALUES (90, 22, 13, 11, 86.4123594704);
INSERT INTO reading_data (reading_id, bin_id, bin_section_id, sensor_type_id, value) VALUES (90, 22, 13, 12, 119.960105166);
INSERT INTO reading_data (reading_id, bin_id, bin_section_id, sensor_type_id, value) VALUES (90, 22, 13, 13, 0);
INSERT INTO reading_data (reading_id, bin_id, bin_section_id, sensor_type_id, value) VALUES (90, 22, 14, 10, 121.207621267);
INSERT INTO reading_data (reading_id, bin_id, bin_section_id, sensor_type_id, value) VALUES (90, 22, 14, 11, 92.5244093051);
INSERT INTO reading_data (reading_id, bin_id, bin_section_id, sensor_type_id, value) VALUES (90, 23, 13, 10, 108.818361303);
INSERT INTO reading_data (reading_id, bin_id, bin_section_id, sensor_type_id, value) VALUES (90, 23, 13, 11, 107.863041402);
INSERT INTO reading_data (reading_id, bin_id, bin_section_id, sensor_type_id, value) VALUES (90, 23, 13, 12, 120.921637105);
INSERT INTO reading_data (reading_id, bin_id, bin_section_id, sensor_type_id, value) VALUES (90, 23, 13, 13, 0);
INSERT INTO reading_data (reading_id, bin_id, bin_section_id, sensor_type_id, value) VALUES (90, 23, 14, 10, 99.1466701496);
INSERT INTO reading_data (reading_id, bin_id, bin_section_id, sensor_type_id, value) VALUES (90, 23, 14, 11, 123.549022287);
INSERT INTO reading_data (reading_id, bin_id, bin_section_id, sensor_type_id, value) VALUES (90, 24, 13, 10, 103.635743438);
INSERT INTO reading_data (reading_id, bin_id, bin_section_id, sensor_type_id, value) VALUES (90, 24, 13, 11, 101.853040052);
INSERT INTO reading_data (reading_id, bin_id, bin_section_id, sensor_type_id, value) VALUES (90, 24, 13, 12, 114.034785864);
INSERT INTO reading_data (reading_id, bin_id, bin_section_id, sensor_type_id, value) VALUES (90, 24, 13, 13, 0);
INSERT INTO reading_data (reading_id, bin_id, bin_section_id, sensor_type_id, value) VALUES (90, 24, 14, 10, 87.4858501937);
INSERT INTO reading_data (reading_id, bin_id, bin_section_id, sensor_type_id, value) VALUES (90, 24, 14, 11, 118.355157018);
INSERT INTO reading_data (reading_id, bin_id, bin_section_id, sensor_type_id, value) VALUES (90, 25, 13, 10, 108.311062927);
INSERT INTO reading_data (reading_id, bin_id, bin_section_id, sensor_type_id, value) VALUES (90, 25, 13, 11, 126.567154304);
INSERT INTO reading_data (reading_id, bin_id, bin_section_id, sensor_type_id, value) VALUES (90, 25, 13, 12, 119.442811434);
INSERT INTO reading_data (reading_id, bin_id, bin_section_id, sensor_type_id, value) VALUES (90, 25, 13, 13, 1);
INSERT INTO reading_data (reading_id, bin_id, bin_section_id, sensor_type_id, value) VALUES (90, 25, 14, 10, 120.483285388);
INSERT INTO reading_data (reading_id, bin_id, bin_section_id, sensor_type_id, value) VALUES (90, 25, 14, 11, 93.8681977467);
INSERT INTO reading (id, datetime) VALUES (91, TIMESTAMP '2012-08-19 20:14:45');
INSERT INTO reading_data (reading_id, bin_id, bin_section_id, sensor_type_id, value) VALUES (91, 10, 10, 50, 106.492184895);
INSERT INTO reading_data (reading_id, bin_id, bin_section_id, sensor_type_id, value) VALUES (91, 10, 10, 51, 95.852807997);
INSERT INTO reading_data (reading_id, bin_id, bin_section_id, sensor_type_id, value) VALUES (91, 10, 10, 40, 116.010440581);
INSERT INTO reading_data (reading_id, bin_id, bin_section_id, sensor_type_id, value) VALUES (91, 19, 10, 50, 107.613483844);
INSERT INTO reading_data (reading_id, bin_id, bin_section_id, sensor_type_id, value) VALUES (91, 19, 10, 51, 110.782210716);
INSERT INTO reading_data (reading_id, bin_id, bin_section_id, sensor_type_id, value) VALUES (91, 19, 10, 40, 123.510949474);
INSERT INTO reading_data (reading_id, bin_id, bin_section_id, sensor_type_id, value) VALUES (91, 11, 11, 20, 117.517544024);
INSERT INTO reading_data (reading_id, bin_id, bin_section_id, sensor_type_id, value) VALUES (91, 11, 11, 21, 117.597406911);
INSERT INTO reading_data (reading_id, bin_id, bin_section_id, sensor_type_id, value) VALUES (91, 11, 11, 10, 88.5394511188);
INSERT INTO reading_data (reading_id, bin_id, bin_section_id, sensor_type_id, value) VALUES (91, 11, 11, 11, 100.585716366);
INSERT INTO reading_data (reading_id, bin_id, bin_section_id, sensor_type_id, value) VALUES (91, 21, 11, 20, 88.186353654);
INSERT INTO reading_data (reading_id, bin_id, bin_section_id, sensor_type_id, value) VALUES (91, 21, 11, 21, 82.7477483063);
INSERT INTO reading_data (reading_id, bin_id, bin_section_id, sensor_type_id, value) VALUES (91, 21, 11, 10, 128.185308555);
INSERT INTO reading_data (reading_id, bin_id, bin_section_id, sensor_type_id, value) VALUES (91, 21, 11, 11, 94.2765554218);
INSERT INTO reading_data (reading_id, bin_id, bin_section_id, sensor_type_id, value) VALUES (91, 9, 14, 10, 123.976917849);
INSERT INTO reading_data (reading_id, bin_id, bin_section_id, sensor_type_id, value) VALUES (91, 9, 14, 11, 129.642389513);
INSERT INTO reading_data (reading_id, bin_id, bin_section_id, sensor_type_id, value) VALUES (91, 12, 13, 10, 98.9202914163);
INSERT INTO reading_data (reading_id, bin_id, bin_section_id, sensor_type_id, value) VALUES (91, 12, 13, 11, 83.6221590954);
INSERT INTO reading_data (reading_id, bin_id, bin_section_id, sensor_type_id, value) VALUES (91, 12, 13, 12, 97.0472048204);
INSERT INTO reading_data (reading_id, bin_id, bin_section_id, sensor_type_id, value) VALUES (91, 12, 13, 13, 0);
INSERT INTO reading_data (reading_id, bin_id, bin_section_id, sensor_type_id, value) VALUES (91, 12, 14, 10, 125.607384652);
INSERT INTO reading_data (reading_id, bin_id, bin_section_id, sensor_type_id, value) VALUES (91, 12, 14, 11, 128.061574294);
INSERT INTO reading_data (reading_id, bin_id, bin_section_id, sensor_type_id, value) VALUES (91, 13, 13, 10, 95.5227623283);
INSERT INTO reading_data (reading_id, bin_id, bin_section_id, sensor_type_id, value) VALUES (91, 13, 13, 11, 111.808167581);
INSERT INTO reading_data (reading_id, bin_id, bin_section_id, sensor_type_id, value) VALUES (91, 13, 13, 12, 105.528443195);
INSERT INTO reading_data (reading_id, bin_id, bin_section_id, sensor_type_id, value) VALUES (91, 13, 13, 13, 1);
INSERT INTO reading_data (reading_id, bin_id, bin_section_id, sensor_type_id, value) VALUES (91, 13, 14, 10, 112.951859372);
INSERT INTO reading_data (reading_id, bin_id, bin_section_id, sensor_type_id, value) VALUES (91, 13, 14, 11, 81.6076459616);
INSERT INTO reading_data (reading_id, bin_id, bin_section_id, sensor_type_id, value) VALUES (91, 14, 13, 10, 91.4705108088);
INSERT INTO reading_data (reading_id, bin_id, bin_section_id, sensor_type_id, value) VALUES (91, 14, 13, 11, 91.27180901);
INSERT INTO reading_data (reading_id, bin_id, bin_section_id, sensor_type_id, value) VALUES (91, 14, 13, 12, 126.482962485);
INSERT INTO reading_data (reading_id, bin_id, bin_section_id, sensor_type_id, value) VALUES (91, 14, 13, 13, 1);
INSERT INTO reading_data (reading_id, bin_id, bin_section_id, sensor_type_id, value) VALUES (91, 14, 14, 10, 114.219645904);
INSERT INTO reading_data (reading_id, bin_id, bin_section_id, sensor_type_id, value) VALUES (91, 14, 14, 11, 108.829181675);
INSERT INTO reading_data (reading_id, bin_id, bin_section_id, sensor_type_id, value) VALUES (91, 15, 13, 10, 101.344555419);
INSERT INTO reading_data (reading_id, bin_id, bin_section_id, sensor_type_id, value) VALUES (91, 15, 13, 11, 90.9639945405);
INSERT INTO reading_data (reading_id, bin_id, bin_section_id, sensor_type_id, value) VALUES (91, 15, 13, 12, 107.376395122);
INSERT INTO reading_data (reading_id, bin_id, bin_section_id, sensor_type_id, value) VALUES (91, 15, 13, 13, 0);
INSERT INTO reading_data (reading_id, bin_id, bin_section_id, sensor_type_id, value) VALUES (91, 15, 14, 10, 81.086009041);
INSERT INTO reading_data (reading_id, bin_id, bin_section_id, sensor_type_id, value) VALUES (91, 15, 14, 11, 127.681777207);
INSERT INTO reading_data (reading_id, bin_id, bin_section_id, sensor_type_id, value) VALUES (91, 17, 13, 10, 102.818026753);
INSERT INTO reading_data (reading_id, bin_id, bin_section_id, sensor_type_id, value) VALUES (91, 17, 13, 11, 80.7693920662);
INSERT INTO reading_data (reading_id, bin_id, bin_section_id, sensor_type_id, value) VALUES (91, 17, 13, 12, 109.976102762);
INSERT INTO reading_data (reading_id, bin_id, bin_section_id, sensor_type_id, value) VALUES (91, 17, 13, 13, 0);
INSERT INTO reading_data (reading_id, bin_id, bin_section_id, sensor_type_id, value) VALUES (91, 17, 14, 10, 98.2927805609);
INSERT INTO reading_data (reading_id, bin_id, bin_section_id, sensor_type_id, value) VALUES (91, 17, 14, 11, 111.754189446);
INSERT INTO reading_data (reading_id, bin_id, bin_section_id, sensor_type_id, value) VALUES (91, 21, 13, 10, 111.025161112);
INSERT INTO reading_data (reading_id, bin_id, bin_section_id, sensor_type_id, value) VALUES (91, 21, 13, 11, 88.9338410437);
INSERT INTO reading_data (reading_id, bin_id, bin_section_id, sensor_type_id, value) VALUES (91, 21, 13, 12, 87.6242913963);
INSERT INTO reading_data (reading_id, bin_id, bin_section_id, sensor_type_id, value) VALUES (91, 21, 13, 13, 1);
INSERT INTO reading_data (reading_id, bin_id, bin_section_id, sensor_type_id, value) VALUES (91, 21, 14, 10, 129.24099632);
INSERT INTO reading_data (reading_id, bin_id, bin_section_id, sensor_type_id, value) VALUES (91, 21, 14, 11, 113.532558827);
INSERT INTO reading_data (reading_id, bin_id, bin_section_id, sensor_type_id, value) VALUES (91, 22, 13, 10, 110.388796689);
INSERT INTO reading_data (reading_id, bin_id, bin_section_id, sensor_type_id, value) VALUES (91, 22, 13, 11, 118.514248269);
INSERT INTO reading_data (reading_id, bin_id, bin_section_id, sensor_type_id, value) VALUES (91, 22, 13, 12, 114.943647348);
INSERT INTO reading_data (reading_id, bin_id, bin_section_id, sensor_type_id, value) VALUES (91, 22, 13, 13, 1);
INSERT INTO reading_data (reading_id, bin_id, bin_section_id, sensor_type_id, value) VALUES (91, 22, 14, 10, 95.0242143545);
INSERT INTO reading_data (reading_id, bin_id, bin_section_id, sensor_type_id, value) VALUES (91, 22, 14, 11, 99.9747468966);
INSERT INTO reading_data (reading_id, bin_id, bin_section_id, sensor_type_id, value) VALUES (91, 23, 13, 10, 92.3378306847);
INSERT INTO reading_data (reading_id, bin_id, bin_section_id, sensor_type_id, value) VALUES (91, 23, 13, 11, 95.1033957629);
INSERT INTO reading_data (reading_id, bin_id, bin_section_id, sensor_type_id, value) VALUES (91, 23, 13, 12, 117.773615902);
INSERT INTO reading_data (reading_id, bin_id, bin_section_id, sensor_type_id, value) VALUES (91, 23, 13, 13, 0);
INSERT INTO reading_data (reading_id, bin_id, bin_section_id, sensor_type_id, value) VALUES (91, 23, 14, 10, 114.888437798);
INSERT INTO reading_data (reading_id, bin_id, bin_section_id, sensor_type_id, value) VALUES (91, 23, 14, 11, 121.409563375);
INSERT INTO reading_data (reading_id, bin_id, bin_section_id, sensor_type_id, value) VALUES (91, 24, 13, 10, 86.5110330022);
INSERT INTO reading_data (reading_id, bin_id, bin_section_id, sensor_type_id, value) VALUES (91, 24, 13, 11, 85.2843094246);
INSERT INTO reading_data (reading_id, bin_id, bin_section_id, sensor_type_id, value) VALUES (91, 24, 13, 12, 88.9607050554);
INSERT INTO reading_data (reading_id, bin_id, bin_section_id, sensor_type_id, value) VALUES (91, 24, 13, 13, 1);
INSERT INTO reading_data (reading_id, bin_id, bin_section_id, sensor_type_id, value) VALUES (91, 24, 14, 10, 94.2807365525);
INSERT INTO reading_data (reading_id, bin_id, bin_section_id, sensor_type_id, value) VALUES (91, 24, 14, 11, 123.291393191);
INSERT INTO reading_data (reading_id, bin_id, bin_section_id, sensor_type_id, value) VALUES (91, 25, 13, 10, 104.58834802);
INSERT INTO reading_data (reading_id, bin_id, bin_section_id, sensor_type_id, value) VALUES (91, 25, 13, 11, 124.772175337);
INSERT INTO reading_data (reading_id, bin_id, bin_section_id, sensor_type_id, value) VALUES (91, 25, 13, 12, 125.325638135);
INSERT INTO reading_data (reading_id, bin_id, bin_section_id, sensor_type_id, value) VALUES (91, 25, 13, 13, 0);
INSERT INTO reading_data (reading_id, bin_id, bin_section_id, sensor_type_id, value) VALUES (91, 25, 14, 10, 106.277344939);
INSERT INTO reading_data (reading_id, bin_id, bin_section_id, sensor_type_id, value) VALUES (91, 25, 14, 11, 91.0718261605);
INSERT INTO reading (id, datetime) VALUES (92, TIMESTAMP '2012-08-19 20:19:45');
INSERT INTO reading_data (reading_id, bin_id, bin_section_id, sensor_type_id, value) VALUES (92, 10, 10, 50, 86.9986388318);
INSERT INTO reading_data (reading_id, bin_id, bin_section_id, sensor_type_id, value) VALUES (92, 10, 10, 51, 106.900049137);
INSERT INTO reading_data (reading_id, bin_id, bin_section_id, sensor_type_id, value) VALUES (92, 10, 10, 40, 102.668620289);
INSERT INTO reading_data (reading_id, bin_id, bin_section_id, sensor_type_id, value) VALUES (92, 19, 10, 50, 99.1907292701);
INSERT INTO reading_data (reading_id, bin_id, bin_section_id, sensor_type_id, value) VALUES (92, 19, 10, 51, 83.1173346595);
INSERT INTO reading_data (reading_id, bin_id, bin_section_id, sensor_type_id, value) VALUES (92, 19, 10, 40, 93.8710197167);
INSERT INTO reading_data (reading_id, bin_id, bin_section_id, sensor_type_id, value) VALUES (92, 11, 11, 20, 113.601666437);
INSERT INTO reading_data (reading_id, bin_id, bin_section_id, sensor_type_id, value) VALUES (92, 11, 11, 21, 82.530465604);
INSERT INTO reading_data (reading_id, bin_id, bin_section_id, sensor_type_id, value) VALUES (92, 11, 11, 10, 127.291266315);
INSERT INTO reading_data (reading_id, bin_id, bin_section_id, sensor_type_id, value) VALUES (92, 11, 11, 11, 99.3653484599);
INSERT INTO reading_data (reading_id, bin_id, bin_section_id, sensor_type_id, value) VALUES (92, 21, 11, 20, 84.7828026297);
INSERT INTO reading_data (reading_id, bin_id, bin_section_id, sensor_type_id, value) VALUES (92, 21, 11, 21, 91.4096987376);
INSERT INTO reading_data (reading_id, bin_id, bin_section_id, sensor_type_id, value) VALUES (92, 21, 11, 10, 85.1248801975);
INSERT INTO reading_data (reading_id, bin_id, bin_section_id, sensor_type_id, value) VALUES (92, 21, 11, 11, 117.128059936);
INSERT INTO reading_data (reading_id, bin_id, bin_section_id, sensor_type_id, value) VALUES (92, 9, 14, 10, 106.304823824);
INSERT INTO reading_data (reading_id, bin_id, bin_section_id, sensor_type_id, value) VALUES (92, 9, 14, 11, 90.3329885753);
INSERT INTO reading_data (reading_id, bin_id, bin_section_id, sensor_type_id, value) VALUES (92, 12, 13, 10, 93.482537777);
INSERT INTO reading_data (reading_id, bin_id, bin_section_id, sensor_type_id, value) VALUES (92, 12, 13, 11, 119.521209417);
INSERT INTO reading_data (reading_id, bin_id, bin_section_id, sensor_type_id, value) VALUES (92, 12, 13, 12, 83.2887916902);
INSERT INTO reading_data (reading_id, bin_id, bin_section_id, sensor_type_id, value) VALUES (92, 12, 13, 13, 0);
INSERT INTO reading_data (reading_id, bin_id, bin_section_id, sensor_type_id, value) VALUES (92, 12, 14, 10, 115.877767985);
INSERT INTO reading_data (reading_id, bin_id, bin_section_id, sensor_type_id, value) VALUES (92, 12, 14, 11, 84.6744770098);
INSERT INTO reading_data (reading_id, bin_id, bin_section_id, sensor_type_id, value) VALUES (92, 13, 13, 10, 129.636503502);
INSERT INTO reading_data (reading_id, bin_id, bin_section_id, sensor_type_id, value) VALUES (92, 13, 13, 11, 115.857934706);
INSERT INTO reading_data (reading_id, bin_id, bin_section_id, sensor_type_id, value) VALUES (92, 13, 13, 12, 100.815166346);
INSERT INTO reading_data (reading_id, bin_id, bin_section_id, sensor_type_id, value) VALUES (92, 13, 13, 13, 0);
INSERT INTO reading_data (reading_id, bin_id, bin_section_id, sensor_type_id, value) VALUES (92, 13, 14, 10, 98.3843268897);
INSERT INTO reading_data (reading_id, bin_id, bin_section_id, sensor_type_id, value) VALUES (92, 13, 14, 11, 97.774831836);
INSERT INTO reading_data (reading_id, bin_id, bin_section_id, sensor_type_id, value) VALUES (92, 14, 13, 10, 84.1527916939);
INSERT INTO reading_data (reading_id, bin_id, bin_section_id, sensor_type_id, value) VALUES (92, 14, 13, 11, 108.866293599);
INSERT INTO reading_data (reading_id, bin_id, bin_section_id, sensor_type_id, value) VALUES (92, 14, 13, 12, 118.314950639);
INSERT INTO reading_data (reading_id, bin_id, bin_section_id, sensor_type_id, value) VALUES (92, 14, 13, 13, 0);
INSERT INTO reading_data (reading_id, bin_id, bin_section_id, sensor_type_id, value) VALUES (92, 14, 14, 10, 109.177257528);
INSERT INTO reading_data (reading_id, bin_id, bin_section_id, sensor_type_id, value) VALUES (92, 14, 14, 11, 85.7898563025);
INSERT INTO reading_data (reading_id, bin_id, bin_section_id, sensor_type_id, value) VALUES (92, 15, 13, 10, 94.9477579944);
INSERT INTO reading_data (reading_id, bin_id, bin_section_id, sensor_type_id, value) VALUES (92, 15, 13, 11, 124.465436964);
INSERT INTO reading_data (reading_id, bin_id, bin_section_id, sensor_type_id, value) VALUES (92, 15, 13, 12, 92.3133482599);
INSERT INTO reading_data (reading_id, bin_id, bin_section_id, sensor_type_id, value) VALUES (92, 15, 13, 13, 1);
INSERT INTO reading_data (reading_id, bin_id, bin_section_id, sensor_type_id, value) VALUES (92, 15, 14, 10, 107.065975857);
INSERT INTO reading_data (reading_id, bin_id, bin_section_id, sensor_type_id, value) VALUES (92, 15, 14, 11, 125.390959965);
INSERT INTO reading_data (reading_id, bin_id, bin_section_id, sensor_type_id, value) VALUES (92, 17, 13, 10, 121.806772695);
INSERT INTO reading_data (reading_id, bin_id, bin_section_id, sensor_type_id, value) VALUES (92, 17, 13, 11, 106.960431571);
INSERT INTO reading_data (reading_id, bin_id, bin_section_id, sensor_type_id, value) VALUES (92, 17, 13, 12, 82.9185681166);
INSERT INTO reading_data (reading_id, bin_id, bin_section_id, sensor_type_id, value) VALUES (92, 17, 13, 13, 0);
INSERT INTO reading_data (reading_id, bin_id, bin_section_id, sensor_type_id, value) VALUES (92, 17, 14, 10, 100.481825395);
INSERT INTO reading_data (reading_id, bin_id, bin_section_id, sensor_type_id, value) VALUES (92, 17, 14, 11, 115.531539157);
INSERT INTO reading_data (reading_id, bin_id, bin_section_id, sensor_type_id, value) VALUES (92, 21, 13, 10, 84.5791207582);
INSERT INTO reading_data (reading_id, bin_id, bin_section_id, sensor_type_id, value) VALUES (92, 21, 13, 11, 124.703950172);
INSERT INTO reading_data (reading_id, bin_id, bin_section_id, sensor_type_id, value) VALUES (92, 21, 13, 12, 126.430337633);
INSERT INTO reading_data (reading_id, bin_id, bin_section_id, sensor_type_id, value) VALUES (92, 21, 13, 13, 1);
INSERT INTO reading_data (reading_id, bin_id, bin_section_id, sensor_type_id, value) VALUES (92, 21, 14, 10, 100.669893567);
INSERT INTO reading_data (reading_id, bin_id, bin_section_id, sensor_type_id, value) VALUES (92, 21, 14, 11, 105.486599431);
INSERT INTO reading_data (reading_id, bin_id, bin_section_id, sensor_type_id, value) VALUES (92, 22, 13, 10, 116.121619252);
INSERT INTO reading_data (reading_id, bin_id, bin_section_id, sensor_type_id, value) VALUES (92, 22, 13, 11, 109.32987955);
INSERT INTO reading_data (reading_id, bin_id, bin_section_id, sensor_type_id, value) VALUES (92, 22, 13, 12, 110.264823964);
INSERT INTO reading_data (reading_id, bin_id, bin_section_id, sensor_type_id, value) VALUES (92, 22, 13, 13, 1);
INSERT INTO reading_data (reading_id, bin_id, bin_section_id, sensor_type_id, value) VALUES (92, 22, 14, 10, 103.672147263);
INSERT INTO reading_data (reading_id, bin_id, bin_section_id, sensor_type_id, value) VALUES (92, 22, 14, 11, 82.0338982706);
INSERT INTO reading_data (reading_id, bin_id, bin_section_id, sensor_type_id, value) VALUES (92, 23, 13, 10, 112.282289354);
INSERT INTO reading_data (reading_id, bin_id, bin_section_id, sensor_type_id, value) VALUES (92, 23, 13, 11, 113.323908882);
INSERT INTO reading_data (reading_id, bin_id, bin_section_id, sensor_type_id, value) VALUES (92, 23, 13, 12, 116.574753549);
INSERT INTO reading_data (reading_id, bin_id, bin_section_id, sensor_type_id, value) VALUES (92, 23, 13, 13, 0);
INSERT INTO reading_data (reading_id, bin_id, bin_section_id, sensor_type_id, value) VALUES (92, 23, 14, 10, 118.691822503);
INSERT INTO reading_data (reading_id, bin_id, bin_section_id, sensor_type_id, value) VALUES (92, 23, 14, 11, 122.905071742);
INSERT INTO reading_data (reading_id, bin_id, bin_section_id, sensor_type_id, value) VALUES (92, 24, 13, 10, 125.360930355);
INSERT INTO reading_data (reading_id, bin_id, bin_section_id, sensor_type_id, value) VALUES (92, 24, 13, 11, 98.0022261473);
INSERT INTO reading_data (reading_id, bin_id, bin_section_id, sensor_type_id, value) VALUES (92, 24, 13, 12, 109.710664046);
INSERT INTO reading_data (reading_id, bin_id, bin_section_id, sensor_type_id, value) VALUES (92, 24, 13, 13, 0);
INSERT INTO reading_data (reading_id, bin_id, bin_section_id, sensor_type_id, value) VALUES (92, 24, 14, 10, 105.979225141);
INSERT INTO reading_data (reading_id, bin_id, bin_section_id, sensor_type_id, value) VALUES (92, 24, 14, 11, 92.2319078477);
INSERT INTO reading_data (reading_id, bin_id, bin_section_id, sensor_type_id, value) VALUES (92, 25, 13, 10, 106.532969995);
INSERT INTO reading_data (reading_id, bin_id, bin_section_id, sensor_type_id, value) VALUES (92, 25, 13, 11, 82.5056655784);
INSERT INTO reading_data (reading_id, bin_id, bin_section_id, sensor_type_id, value) VALUES (92, 25, 13, 12, 114.240835774);
INSERT INTO reading_data (reading_id, bin_id, bin_section_id, sensor_type_id, value) VALUES (92, 25, 13, 13, 1);
INSERT INTO reading_data (reading_id, bin_id, bin_section_id, sensor_type_id, value) VALUES (92, 25, 14, 10, 128.856655435);
INSERT INTO reading_data (reading_id, bin_id, bin_section_id, sensor_type_id, value) VALUES (92, 25, 14, 11, 83.7774587137);
INSERT INTO reading (id, datetime) VALUES (93, TIMESTAMP '2012-08-19 20:24:45');
INSERT INTO reading_data (reading_id, bin_id, bin_section_id, sensor_type_id, value) VALUES (93, 10, 10, 50, 102.423131311);
INSERT INTO reading_data (reading_id, bin_id, bin_section_id, sensor_type_id, value) VALUES (93, 10, 10, 51, 107.235345727);
INSERT INTO reading_data (reading_id, bin_id, bin_section_id, sensor_type_id, value) VALUES (93, 10, 10, 40, 96.4112713198);
INSERT INTO reading_data (reading_id, bin_id, bin_section_id, sensor_type_id, value) VALUES (93, 19, 10, 50, 127.466266989);
INSERT INTO reading_data (reading_id, bin_id, bin_section_id, sensor_type_id, value) VALUES (93, 19, 10, 51, 83.3930382264);
INSERT INTO reading_data (reading_id, bin_id, bin_section_id, sensor_type_id, value) VALUES (93, 19, 10, 40, 123.000434073);
INSERT INTO reading_data (reading_id, bin_id, bin_section_id, sensor_type_id, value) VALUES (93, 11, 11, 20, 111.553099478);
INSERT INTO reading_data (reading_id, bin_id, bin_section_id, sensor_type_id, value) VALUES (93, 11, 11, 21, 104.800832978);
INSERT INTO reading_data (reading_id, bin_id, bin_section_id, sensor_type_id, value) VALUES (93, 11, 11, 10, 128.951575773);
INSERT INTO reading_data (reading_id, bin_id, bin_section_id, sensor_type_id, value) VALUES (93, 11, 11, 11, 122.679853094);
INSERT INTO reading_data (reading_id, bin_id, bin_section_id, sensor_type_id, value) VALUES (93, 21, 11, 20, 117.139738568);
INSERT INTO reading_data (reading_id, bin_id, bin_section_id, sensor_type_id, value) VALUES (93, 21, 11, 21, 115.47320875);
INSERT INTO reading_data (reading_id, bin_id, bin_section_id, sensor_type_id, value) VALUES (93, 21, 11, 10, 127.898806322);
INSERT INTO reading_data (reading_id, bin_id, bin_section_id, sensor_type_id, value) VALUES (93, 21, 11, 11, 80.2190244606);
INSERT INTO reading_data (reading_id, bin_id, bin_section_id, sensor_type_id, value) VALUES (93, 9, 14, 10, 111.524667398);
INSERT INTO reading_data (reading_id, bin_id, bin_section_id, sensor_type_id, value) VALUES (93, 9, 14, 11, 83.6158209341);
INSERT INTO reading_data (reading_id, bin_id, bin_section_id, sensor_type_id, value) VALUES (93, 12, 13, 10, 85.5778163111);
INSERT INTO reading_data (reading_id, bin_id, bin_section_id, sensor_type_id, value) VALUES (93, 12, 13, 11, 92.924972447);
INSERT INTO reading_data (reading_id, bin_id, bin_section_id, sensor_type_id, value) VALUES (93, 12, 13, 12, 114.127337071);
INSERT INTO reading_data (reading_id, bin_id, bin_section_id, sensor_type_id, value) VALUES (93, 12, 13, 13, 1);
INSERT INTO reading_data (reading_id, bin_id, bin_section_id, sensor_type_id, value) VALUES (93, 12, 14, 10, 100.106422558);
INSERT INTO reading_data (reading_id, bin_id, bin_section_id, sensor_type_id, value) VALUES (93, 12, 14, 11, 122.98567646);
INSERT INTO reading_data (reading_id, bin_id, bin_section_id, sensor_type_id, value) VALUES (93, 13, 13, 10, 87.7599814273);
INSERT INTO reading_data (reading_id, bin_id, bin_section_id, sensor_type_id, value) VALUES (93, 13, 13, 11, 123.832194411);
INSERT INTO reading_data (reading_id, bin_id, bin_section_id, sensor_type_id, value) VALUES (93, 13, 13, 12, 125.314131448);
INSERT INTO reading_data (reading_id, bin_id, bin_section_id, sensor_type_id, value) VALUES (93, 13, 13, 13, 1);
INSERT INTO reading_data (reading_id, bin_id, bin_section_id, sensor_type_id, value) VALUES (93, 13, 14, 10, 123.99791082);
INSERT INTO reading_data (reading_id, bin_id, bin_section_id, sensor_type_id, value) VALUES (93, 13, 14, 11, 88.7732276333);
INSERT INTO reading_data (reading_id, bin_id, bin_section_id, sensor_type_id, value) VALUES (93, 14, 13, 10, 119.800758574);
INSERT INTO reading_data (reading_id, bin_id, bin_section_id, sensor_type_id, value) VALUES (93, 14, 13, 11, 102.651519169);
INSERT INTO reading_data (reading_id, bin_id, bin_section_id, sensor_type_id, value) VALUES (93, 14, 13, 12, 92.0555467449);
INSERT INTO reading_data (reading_id, bin_id, bin_section_id, sensor_type_id, value) VALUES (93, 14, 13, 13, 1);
INSERT INTO reading_data (reading_id, bin_id, bin_section_id, sensor_type_id, value) VALUES (93, 14, 14, 10, 88.7357203715);
INSERT INTO reading_data (reading_id, bin_id, bin_section_id, sensor_type_id, value) VALUES (93, 14, 14, 11, 128.233208535);
INSERT INTO reading_data (reading_id, bin_id, bin_section_id, sensor_type_id, value) VALUES (93, 15, 13, 10, 101.17405086);
INSERT INTO reading_data (reading_id, bin_id, bin_section_id, sensor_type_id, value) VALUES (93, 15, 13, 11, 115.41578464);
INSERT INTO reading_data (reading_id, bin_id, bin_section_id, sensor_type_id, value) VALUES (93, 15, 13, 12, 90.4356737104);
INSERT INTO reading_data (reading_id, bin_id, bin_section_id, sensor_type_id, value) VALUES (93, 15, 13, 13, 1);
INSERT INTO reading_data (reading_id, bin_id, bin_section_id, sensor_type_id, value) VALUES (93, 15, 14, 10, 115.755304754);
INSERT INTO reading_data (reading_id, bin_id, bin_section_id, sensor_type_id, value) VALUES (93, 15, 14, 11, 128.96037001);
INSERT INTO reading_data (reading_id, bin_id, bin_section_id, sensor_type_id, value) VALUES (93, 17, 13, 10, 96.1934691443);
INSERT INTO reading_data (reading_id, bin_id, bin_section_id, sensor_type_id, value) VALUES (93, 17, 13, 11, 109.47419569);
INSERT INTO reading_data (reading_id, bin_id, bin_section_id, sensor_type_id, value) VALUES (93, 17, 13, 12, 120.348070073);
INSERT INTO reading_data (reading_id, bin_id, bin_section_id, sensor_type_id, value) VALUES (93, 17, 13, 13, 0);
INSERT INTO reading_data (reading_id, bin_id, bin_section_id, sensor_type_id, value) VALUES (93, 17, 14, 10, 99.3302425099);
INSERT INTO reading_data (reading_id, bin_id, bin_section_id, sensor_type_id, value) VALUES (93, 17, 14, 11, 91.3495195767);
INSERT INTO reading_data (reading_id, bin_id, bin_section_id, sensor_type_id, value) VALUES (93, 21, 13, 10, 92.7197070627);
INSERT INTO reading_data (reading_id, bin_id, bin_section_id, sensor_type_id, value) VALUES (93, 21, 13, 11, 96.6756221548);
INSERT INTO reading_data (reading_id, bin_id, bin_section_id, sensor_type_id, value) VALUES (93, 21, 13, 12, 80.8987024149);
INSERT INTO reading_data (reading_id, bin_id, bin_section_id, sensor_type_id, value) VALUES (93, 21, 13, 13, 1);
INSERT INTO reading_data (reading_id, bin_id, bin_section_id, sensor_type_id, value) VALUES (93, 21, 14, 10, 108.445838837);
INSERT INTO reading_data (reading_id, bin_id, bin_section_id, sensor_type_id, value) VALUES (93, 21, 14, 11, 126.708814069);
INSERT INTO reading_data (reading_id, bin_id, bin_section_id, sensor_type_id, value) VALUES (93, 22, 13, 10, 80.3472203447);
INSERT INTO reading_data (reading_id, bin_id, bin_section_id, sensor_type_id, value) VALUES (93, 22, 13, 11, 83.3096924858);
INSERT INTO reading_data (reading_id, bin_id, bin_section_id, sensor_type_id, value) VALUES (93, 22, 13, 12, 105.990528043);
INSERT INTO reading_data (reading_id, bin_id, bin_section_id, sensor_type_id, value) VALUES (93, 22, 13, 13, 0);
INSERT INTO reading_data (reading_id, bin_id, bin_section_id, sensor_type_id, value) VALUES (93, 22, 14, 10, 106.417644256);
INSERT INTO reading_data (reading_id, bin_id, bin_section_id, sensor_type_id, value) VALUES (93, 22, 14, 11, 83.7260949328);
INSERT INTO reading_data (reading_id, bin_id, bin_section_id, sensor_type_id, value) VALUES (93, 23, 13, 10, 113.86358867);
INSERT INTO reading_data (reading_id, bin_id, bin_section_id, sensor_type_id, value) VALUES (93, 23, 13, 11, 84.3377162242);
INSERT INTO reading_data (reading_id, bin_id, bin_section_id, sensor_type_id, value) VALUES (93, 23, 13, 12, 100.157564605);
INSERT INTO reading_data (reading_id, bin_id, bin_section_id, sensor_type_id, value) VALUES (93, 23, 13, 13, 0);
INSERT INTO reading_data (reading_id, bin_id, bin_section_id, sensor_type_id, value) VALUES (93, 23, 14, 10, 119.379187028);
INSERT INTO reading_data (reading_id, bin_id, bin_section_id, sensor_type_id, value) VALUES (93, 23, 14, 11, 107.642500983);
INSERT INTO reading_data (reading_id, bin_id, bin_section_id, sensor_type_id, value) VALUES (93, 24, 13, 10, 87.2330321521);
INSERT INTO reading_data (reading_id, bin_id, bin_section_id, sensor_type_id, value) VALUES (93, 24, 13, 11, 109.15613245);
INSERT INTO reading_data (reading_id, bin_id, bin_section_id, sensor_type_id, value) VALUES (93, 24, 13, 12, 119.269258186);
INSERT INTO reading_data (reading_id, bin_id, bin_section_id, sensor_type_id, value) VALUES (93, 24, 13, 13, 0);
INSERT INTO reading_data (reading_id, bin_id, bin_section_id, sensor_type_id, value) VALUES (93, 24, 14, 10, 111.889224256);
INSERT INTO reading_data (reading_id, bin_id, bin_section_id, sensor_type_id, value) VALUES (93, 24, 14, 11, 97.4908102825);
INSERT INTO reading_data (reading_id, bin_id, bin_section_id, sensor_type_id, value) VALUES (93, 25, 13, 10, 92.5885981309);
INSERT INTO reading_data (reading_id, bin_id, bin_section_id, sensor_type_id, value) VALUES (93, 25, 13, 11, 96.7028595292);
INSERT INTO reading_data (reading_id, bin_id, bin_section_id, sensor_type_id, value) VALUES (93, 25, 13, 12, 97.4630576493);
INSERT INTO reading_data (reading_id, bin_id, bin_section_id, sensor_type_id, value) VALUES (93, 25, 13, 13, 1);
INSERT INTO reading_data (reading_id, bin_id, bin_section_id, sensor_type_id, value) VALUES (93, 25, 14, 10, 81.8876047479);
INSERT INTO reading_data (reading_id, bin_id, bin_section_id, sensor_type_id, value) VALUES (93, 25, 14, 11, 122.320617466);
INSERT INTO reading (id, datetime) VALUES (94, TIMESTAMP '2012-08-19 20:29:45');
INSERT INTO reading_data (reading_id, bin_id, bin_section_id, sensor_type_id, value) VALUES (94, 10, 10, 50, 96.2219499581);
INSERT INTO reading_data (reading_id, bin_id, bin_section_id, sensor_type_id, value) VALUES (94, 10, 10, 51, 104.759339103);
INSERT INTO reading_data (reading_id, bin_id, bin_section_id, sensor_type_id, value) VALUES (94, 10, 10, 40, 117.903616593);
INSERT INTO reading_data (reading_id, bin_id, bin_section_id, sensor_type_id, value) VALUES (94, 19, 10, 50, 97.97476521);
INSERT INTO reading_data (reading_id, bin_id, bin_section_id, sensor_type_id, value) VALUES (94, 19, 10, 51, 89.5010730617);
INSERT INTO reading_data (reading_id, bin_id, bin_section_id, sensor_type_id, value) VALUES (94, 19, 10, 40, 106.835600487);
INSERT INTO reading_data (reading_id, bin_id, bin_section_id, sensor_type_id, value) VALUES (94, 11, 11, 20, 90.5569365026);
INSERT INTO reading_data (reading_id, bin_id, bin_section_id, sensor_type_id, value) VALUES (94, 11, 11, 21, 116.410644938);
INSERT INTO reading_data (reading_id, bin_id, bin_section_id, sensor_type_id, value) VALUES (94, 11, 11, 10, 98.1856680171);
INSERT INTO reading_data (reading_id, bin_id, bin_section_id, sensor_type_id, value) VALUES (94, 11, 11, 11, 125.636894782);
INSERT INTO reading_data (reading_id, bin_id, bin_section_id, sensor_type_id, value) VALUES (94, 21, 11, 20, 86.7057101832);
INSERT INTO reading_data (reading_id, bin_id, bin_section_id, sensor_type_id, value) VALUES (94, 21, 11, 21, 116.00777377);
INSERT INTO reading_data (reading_id, bin_id, bin_section_id, sensor_type_id, value) VALUES (94, 21, 11, 10, 118.492763793);
INSERT INTO reading_data (reading_id, bin_id, bin_section_id, sensor_type_id, value) VALUES (94, 21, 11, 11, 111.528268304);
INSERT INTO reading_data (reading_id, bin_id, bin_section_id, sensor_type_id, value) VALUES (94, 9, 14, 10, 82.6689388393);
INSERT INTO reading_data (reading_id, bin_id, bin_section_id, sensor_type_id, value) VALUES (94, 9, 14, 11, 115.025039211);
INSERT INTO reading_data (reading_id, bin_id, bin_section_id, sensor_type_id, value) VALUES (94, 12, 13, 10, 123.054238041);
INSERT INTO reading_data (reading_id, bin_id, bin_section_id, sensor_type_id, value) VALUES (94, 12, 13, 11, 92.374621317);
INSERT INTO reading_data (reading_id, bin_id, bin_section_id, sensor_type_id, value) VALUES (94, 12, 13, 12, 93.4391044354);
INSERT INTO reading_data (reading_id, bin_id, bin_section_id, sensor_type_id, value) VALUES (94, 12, 13, 13, 0);
INSERT INTO reading_data (reading_id, bin_id, bin_section_id, sensor_type_id, value) VALUES (94, 12, 14, 10, 89.7028088723);
INSERT INTO reading_data (reading_id, bin_id, bin_section_id, sensor_type_id, value) VALUES (94, 12, 14, 11, 99.2097251198);
INSERT INTO reading_data (reading_id, bin_id, bin_section_id, sensor_type_id, value) VALUES (94, 13, 13, 10, 82.4526979718);
INSERT INTO reading_data (reading_id, bin_id, bin_section_id, sensor_type_id, value) VALUES (94, 13, 13, 11, 85.7705307096);
INSERT INTO reading_data (reading_id, bin_id, bin_section_id, sensor_type_id, value) VALUES (94, 13, 13, 12, 85.8048348084);
INSERT INTO reading_data (reading_id, bin_id, bin_section_id, sensor_type_id, value) VALUES (94, 13, 13, 13, 0);
INSERT INTO reading_data (reading_id, bin_id, bin_section_id, sensor_type_id, value) VALUES (94, 13, 14, 10, 97.0724934669);
INSERT INTO reading_data (reading_id, bin_id, bin_section_id, sensor_type_id, value) VALUES (94, 13, 14, 11, 85.6630890523);
INSERT INTO reading_data (reading_id, bin_id, bin_section_id, sensor_type_id, value) VALUES (94, 14, 13, 10, 103.640910815);
INSERT INTO reading_data (reading_id, bin_id, bin_section_id, sensor_type_id, value) VALUES (94, 14, 13, 11, 96.3967737065);
INSERT INTO reading_data (reading_id, bin_id, bin_section_id, sensor_type_id, value) VALUES (94, 14, 13, 12, 81.1625887102);
INSERT INTO reading_data (reading_id, bin_id, bin_section_id, sensor_type_id, value) VALUES (94, 14, 13, 13, 0);
INSERT INTO reading_data (reading_id, bin_id, bin_section_id, sensor_type_id, value) VALUES (94, 14, 14, 10, 101.283287499);
INSERT INTO reading_data (reading_id, bin_id, bin_section_id, sensor_type_id, value) VALUES (94, 14, 14, 11, 127.463700225);
INSERT INTO reading_data (reading_id, bin_id, bin_section_id, sensor_type_id, value) VALUES (94, 15, 13, 10, 123.189342744);
INSERT INTO reading_data (reading_id, bin_id, bin_section_id, sensor_type_id, value) VALUES (94, 15, 13, 11, 86.8320690347);
INSERT INTO reading_data (reading_id, bin_id, bin_section_id, sensor_type_id, value) VALUES (94, 15, 13, 12, 101.655149489);
INSERT INTO reading_data (reading_id, bin_id, bin_section_id, sensor_type_id, value) VALUES (94, 15, 13, 13, 0);
INSERT INTO reading_data (reading_id, bin_id, bin_section_id, sensor_type_id, value) VALUES (94, 15, 14, 10, 106.247805998);
INSERT INTO reading_data (reading_id, bin_id, bin_section_id, sensor_type_id, value) VALUES (94, 15, 14, 11, 86.4834199877);
INSERT INTO reading_data (reading_id, bin_id, bin_section_id, sensor_type_id, value) VALUES (94, 17, 13, 10, 110.951035869);
INSERT INTO reading_data (reading_id, bin_id, bin_section_id, sensor_type_id, value) VALUES (94, 17, 13, 11, 103.832711876);
INSERT INTO reading_data (reading_id, bin_id, bin_section_id, sensor_type_id, value) VALUES (94, 17, 13, 12, 117.499513454);
INSERT INTO reading_data (reading_id, bin_id, bin_section_id, sensor_type_id, value) VALUES (94, 17, 13, 13, 0);
INSERT INTO reading_data (reading_id, bin_id, bin_section_id, sensor_type_id, value) VALUES (94, 17, 14, 10, 88.2010008773);
INSERT INTO reading_data (reading_id, bin_id, bin_section_id, sensor_type_id, value) VALUES (94, 17, 14, 11, 87.1788136256);
INSERT INTO reading_data (reading_id, bin_id, bin_section_id, sensor_type_id, value) VALUES (94, 21, 13, 10, 86.8205620765);
INSERT INTO reading_data (reading_id, bin_id, bin_section_id, sensor_type_id, value) VALUES (94, 21, 13, 11, 129.281935853);
INSERT INTO reading_data (reading_id, bin_id, bin_section_id, sensor_type_id, value) VALUES (94, 21, 13, 12, 111.834304548);
INSERT INTO reading_data (reading_id, bin_id, bin_section_id, sensor_type_id, value) VALUES (94, 21, 13, 13, 1);
INSERT INTO reading_data (reading_id, bin_id, bin_section_id, sensor_type_id, value) VALUES (94, 21, 14, 10, 121.429940748);
INSERT INTO reading_data (reading_id, bin_id, bin_section_id, sensor_type_id, value) VALUES (94, 21, 14, 11, 109.252866777);
INSERT INTO reading_data (reading_id, bin_id, bin_section_id, sensor_type_id, value) VALUES (94, 22, 13, 10, 95.9997311746);
INSERT INTO reading_data (reading_id, bin_id, bin_section_id, sensor_type_id, value) VALUES (94, 22, 13, 11, 99.7779117614);
INSERT INTO reading_data (reading_id, bin_id, bin_section_id, sensor_type_id, value) VALUES (94, 22, 13, 12, 84.2494448268);
INSERT INTO reading_data (reading_id, bin_id, bin_section_id, sensor_type_id, value) VALUES (94, 22, 13, 13, 0);
INSERT INTO reading_data (reading_id, bin_id, bin_section_id, sensor_type_id, value) VALUES (94, 22, 14, 10, 119.871651721);
INSERT INTO reading_data (reading_id, bin_id, bin_section_id, sensor_type_id, value) VALUES (94, 22, 14, 11, 110.583173591);
INSERT INTO reading_data (reading_id, bin_id, bin_section_id, sensor_type_id, value) VALUES (94, 23, 13, 10, 107.002568668);
INSERT INTO reading_data (reading_id, bin_id, bin_section_id, sensor_type_id, value) VALUES (94, 23, 13, 11, 123.029917465);
INSERT INTO reading_data (reading_id, bin_id, bin_section_id, sensor_type_id, value) VALUES (94, 23, 13, 12, 113.828573178);
INSERT INTO reading_data (reading_id, bin_id, bin_section_id, sensor_type_id, value) VALUES (94, 23, 13, 13, 1);
INSERT INTO reading_data (reading_id, bin_id, bin_section_id, sensor_type_id, value) VALUES (94, 23, 14, 10, 95.9915750462);
INSERT INTO reading_data (reading_id, bin_id, bin_section_id, sensor_type_id, value) VALUES (94, 23, 14, 11, 94.3871706472);
INSERT INTO reading_data (reading_id, bin_id, bin_section_id, sensor_type_id, value) VALUES (94, 24, 13, 10, 112.752547378);
INSERT INTO reading_data (reading_id, bin_id, bin_section_id, sensor_type_id, value) VALUES (94, 24, 13, 11, 87.9889672504);
INSERT INTO reading_data (reading_id, bin_id, bin_section_id, sensor_type_id, value) VALUES (94, 24, 13, 12, 100.822010719);
INSERT INTO reading_data (reading_id, bin_id, bin_section_id, sensor_type_id, value) VALUES (94, 24, 13, 13, 0);
INSERT INTO reading_data (reading_id, bin_id, bin_section_id, sensor_type_id, value) VALUES (94, 24, 14, 10, 110.617518729);
INSERT INTO reading_data (reading_id, bin_id, bin_section_id, sensor_type_id, value) VALUES (94, 24, 14, 11, 119.719410277);
INSERT INTO reading_data (reading_id, bin_id, bin_section_id, sensor_type_id, value) VALUES (94, 25, 13, 10, 92.0110903625);
INSERT INTO reading_data (reading_id, bin_id, bin_section_id, sensor_type_id, value) VALUES (94, 25, 13, 11, 83.7436633746);
INSERT INTO reading_data (reading_id, bin_id, bin_section_id, sensor_type_id, value) VALUES (94, 25, 13, 12, 117.47966102);
INSERT INTO reading_data (reading_id, bin_id, bin_section_id, sensor_type_id, value) VALUES (94, 25, 13, 13, 1);
INSERT INTO reading_data (reading_id, bin_id, bin_section_id, sensor_type_id, value) VALUES (94, 25, 14, 10, 81.7463242734);
INSERT INTO reading_data (reading_id, bin_id, bin_section_id, sensor_type_id, value) VALUES (94, 25, 14, 11, 128.736218931);
INSERT INTO reading (id, datetime) VALUES (95, TIMESTAMP '2012-08-19 20:34:45');
INSERT INTO reading_data (reading_id, bin_id, bin_section_id, sensor_type_id, value) VALUES (95, 10, 10, 50, 120.972434671);
INSERT INTO reading_data (reading_id, bin_id, bin_section_id, sensor_type_id, value) VALUES (95, 10, 10, 51, 93.5550440911);
INSERT INTO reading_data (reading_id, bin_id, bin_section_id, sensor_type_id, value) VALUES (95, 10, 10, 40, 88.9667930971);
INSERT INTO reading_data (reading_id, bin_id, bin_section_id, sensor_type_id, value) VALUES (95, 19, 10, 50, 101.390493107);
INSERT INTO reading_data (reading_id, bin_id, bin_section_id, sensor_type_id, value) VALUES (95, 19, 10, 51, 83.2382005416);
INSERT INTO reading_data (reading_id, bin_id, bin_section_id, sensor_type_id, value) VALUES (95, 19, 10, 40, 110.648925994);
INSERT INTO reading_data (reading_id, bin_id, bin_section_id, sensor_type_id, value) VALUES (95, 11, 11, 20, 113.810790093);
INSERT INTO reading_data (reading_id, bin_id, bin_section_id, sensor_type_id, value) VALUES (95, 11, 11, 21, 125.877959995);
INSERT INTO reading_data (reading_id, bin_id, bin_section_id, sensor_type_id, value) VALUES (95, 11, 11, 10, 116.815997116);
INSERT INTO reading_data (reading_id, bin_id, bin_section_id, sensor_type_id, value) VALUES (95, 11, 11, 11, 90.6729947608);
INSERT INTO reading_data (reading_id, bin_id, bin_section_id, sensor_type_id, value) VALUES (95, 21, 11, 20, 126.226349444);
INSERT INTO reading_data (reading_id, bin_id, bin_section_id, sensor_type_id, value) VALUES (95, 21, 11, 21, 96.5111162381);
INSERT INTO reading_data (reading_id, bin_id, bin_section_id, sensor_type_id, value) VALUES (95, 21, 11, 10, 112.198531225);
INSERT INTO reading_data (reading_id, bin_id, bin_section_id, sensor_type_id, value) VALUES (95, 21, 11, 11, 118.940687228);
INSERT INTO reading_data (reading_id, bin_id, bin_section_id, sensor_type_id, value) VALUES (95, 9, 14, 10, 115.915674705);
INSERT INTO reading_data (reading_id, bin_id, bin_section_id, sensor_type_id, value) VALUES (95, 9, 14, 11, 86.8765183322);
INSERT INTO reading_data (reading_id, bin_id, bin_section_id, sensor_type_id, value) VALUES (95, 12, 13, 10, 112.181667646);
INSERT INTO reading_data (reading_id, bin_id, bin_section_id, sensor_type_id, value) VALUES (95, 12, 13, 11, 80.8308033368);
INSERT INTO reading_data (reading_id, bin_id, bin_section_id, sensor_type_id, value) VALUES (95, 12, 13, 12, 87.5878543631);
INSERT INTO reading_data (reading_id, bin_id, bin_section_id, sensor_type_id, value) VALUES (95, 12, 13, 13, 1);
INSERT INTO reading_data (reading_id, bin_id, bin_section_id, sensor_type_id, value) VALUES (95, 12, 14, 10, 91.1115459922);
INSERT INTO reading_data (reading_id, bin_id, bin_section_id, sensor_type_id, value) VALUES (95, 12, 14, 11, 110.284202497);
INSERT INTO reading_data (reading_id, bin_id, bin_section_id, sensor_type_id, value) VALUES (95, 13, 13, 10, 109.999716191);
INSERT INTO reading_data (reading_id, bin_id, bin_section_id, sensor_type_id, value) VALUES (95, 13, 13, 11, 116.009775416);
INSERT INTO reading_data (reading_id, bin_id, bin_section_id, sensor_type_id, value) VALUES (95, 13, 13, 12, 121.196688721);
INSERT INTO reading_data (reading_id, bin_id, bin_section_id, sensor_type_id, value) VALUES (95, 13, 13, 13, 1);
INSERT INTO reading_data (reading_id, bin_id, bin_section_id, sensor_type_id, value) VALUES (95, 13, 14, 10, 126.847768191);
INSERT INTO reading_data (reading_id, bin_id, bin_section_id, sensor_type_id, value) VALUES (95, 13, 14, 11, 121.901144427);
INSERT INTO reading_data (reading_id, bin_id, bin_section_id, sensor_type_id, value) VALUES (95, 14, 13, 10, 126.336672298);
INSERT INTO reading_data (reading_id, bin_id, bin_section_id, sensor_type_id, value) VALUES (95, 14, 13, 11, 120.463806186);
INSERT INTO reading_data (reading_id, bin_id, bin_section_id, sensor_type_id, value) VALUES (95, 14, 13, 12, 120.729091958);
INSERT INTO reading_data (reading_id, bin_id, bin_section_id, sensor_type_id, value) VALUES (95, 14, 13, 13, 1);
INSERT INTO reading_data (reading_id, bin_id, bin_section_id, sensor_type_id, value) VALUES (95, 14, 14, 10, 122.092045476);
INSERT INTO reading_data (reading_id, bin_id, bin_section_id, sensor_type_id, value) VALUES (95, 14, 14, 11, 122.91234103);
INSERT INTO reading_data (reading_id, bin_id, bin_section_id, sensor_type_id, value) VALUES (95, 15, 13, 10, 124.243940726);
INSERT INTO reading_data (reading_id, bin_id, bin_section_id, sensor_type_id, value) VALUES (95, 15, 13, 11, 86.5555579422);
INSERT INTO reading_data (reading_id, bin_id, bin_section_id, sensor_type_id, value) VALUES (95, 15, 13, 12, 85.6669876604);
INSERT INTO reading_data (reading_id, bin_id, bin_section_id, sensor_type_id, value) VALUES (95, 15, 13, 13, 0);
INSERT INTO reading_data (reading_id, bin_id, bin_section_id, sensor_type_id, value) VALUES (95, 15, 14, 10, 99.6976101178);
INSERT INTO reading_data (reading_id, bin_id, bin_section_id, sensor_type_id, value) VALUES (95, 15, 14, 11, 113.164262197);
INSERT INTO reading_data (reading_id, bin_id, bin_section_id, sensor_type_id, value) VALUES (95, 17, 13, 10, 126.046910191);
INSERT INTO reading_data (reading_id, bin_id, bin_section_id, sensor_type_id, value) VALUES (95, 17, 13, 11, 110.322919509);
INSERT INTO reading_data (reading_id, bin_id, bin_section_id, sensor_type_id, value) VALUES (95, 17, 13, 12, 83.6568900178);
INSERT INTO reading_data (reading_id, bin_id, bin_section_id, sensor_type_id, value) VALUES (95, 17, 13, 13, 0);
INSERT INTO reading_data (reading_id, bin_id, bin_section_id, sensor_type_id, value) VALUES (95, 17, 14, 10, 88.1768620458);
INSERT INTO reading_data (reading_id, bin_id, bin_section_id, sensor_type_id, value) VALUES (95, 17, 14, 11, 94.1370378086);
INSERT INTO reading_data (reading_id, bin_id, bin_section_id, sensor_type_id, value) VALUES (95, 21, 13, 10, 90.6215485042);
INSERT INTO reading_data (reading_id, bin_id, bin_section_id, sensor_type_id, value) VALUES (95, 21, 13, 11, 92.1277272806);
INSERT INTO reading_data (reading_id, bin_id, bin_section_id, sensor_type_id, value) VALUES (95, 21, 13, 12, 81.8045168214);
INSERT INTO reading_data (reading_id, bin_id, bin_section_id, sensor_type_id, value) VALUES (95, 21, 13, 13, 1);
INSERT INTO reading_data (reading_id, bin_id, bin_section_id, sensor_type_id, value) VALUES (95, 21, 14, 10, 89.7509733427);
INSERT INTO reading_data (reading_id, bin_id, bin_section_id, sensor_type_id, value) VALUES (95, 21, 14, 11, 101.358854766);
INSERT INTO reading_data (reading_id, bin_id, bin_section_id, sensor_type_id, value) VALUES (95, 22, 13, 10, 111.040081501);
INSERT INTO reading_data (reading_id, bin_id, bin_section_id, sensor_type_id, value) VALUES (95, 22, 13, 11, 122.300417548);
INSERT INTO reading_data (reading_id, bin_id, bin_section_id, sensor_type_id, value) VALUES (95, 22, 13, 12, 94.3764998255);
INSERT INTO reading_data (reading_id, bin_id, bin_section_id, sensor_type_id, value) VALUES (95, 22, 13, 13, 1);
INSERT INTO reading_data (reading_id, bin_id, bin_section_id, sensor_type_id, value) VALUES (95, 22, 14, 10, 83.8355548361);
INSERT INTO reading_data (reading_id, bin_id, bin_section_id, sensor_type_id, value) VALUES (95, 22, 14, 11, 97.8198315153);
INSERT INTO reading_data (reading_id, bin_id, bin_section_id, sensor_type_id, value) VALUES (95, 23, 13, 10, 120.581873155);
INSERT INTO reading_data (reading_id, bin_id, bin_section_id, sensor_type_id, value) VALUES (95, 23, 13, 11, 93.0052652696);
INSERT INTO reading_data (reading_id, bin_id, bin_section_id, sensor_type_id, value) VALUES (95, 23, 13, 12, 118.739774883);
INSERT INTO reading_data (reading_id, bin_id, bin_section_id, sensor_type_id, value) VALUES (95, 23, 13, 13, 0);
INSERT INTO reading_data (reading_id, bin_id, bin_section_id, sensor_type_id, value) VALUES (95, 23, 14, 10, 81.2626255412);
INSERT INTO reading_data (reading_id, bin_id, bin_section_id, sensor_type_id, value) VALUES (95, 23, 14, 11, 110.952067017);
INSERT INTO reading_data (reading_id, bin_id, bin_section_id, sensor_type_id, value) VALUES (95, 24, 13, 10, 102.562587074);
INSERT INTO reading_data (reading_id, bin_id, bin_section_id, sensor_type_id, value) VALUES (95, 24, 13, 11, 126.203841225);
INSERT INTO reading_data (reading_id, bin_id, bin_section_id, sensor_type_id, value) VALUES (95, 24, 13, 12, 93.5169525485);
INSERT INTO reading_data (reading_id, bin_id, bin_section_id, sensor_type_id, value) VALUES (95, 24, 13, 13, 0);
INSERT INTO reading_data (reading_id, bin_id, bin_section_id, sensor_type_id, value) VALUES (95, 24, 14, 10, 118.963475713);
INSERT INTO reading_data (reading_id, bin_id, bin_section_id, sensor_type_id, value) VALUES (95, 24, 14, 11, 90.1019577767);
INSERT INTO reading_data (reading_id, bin_id, bin_section_id, sensor_type_id, value) VALUES (95, 25, 13, 10, 127.540767177);
INSERT INTO reading_data (reading_id, bin_id, bin_section_id, sensor_type_id, value) VALUES (95, 25, 13, 11, 113.896690752);
INSERT INTO reading_data (reading_id, bin_id, bin_section_id, sensor_type_id, value) VALUES (95, 25, 13, 12, 125.313940626);
INSERT INTO reading_data (reading_id, bin_id, bin_section_id, sensor_type_id, value) VALUES (95, 25, 13, 13, 0);
INSERT INTO reading_data (reading_id, bin_id, bin_section_id, sensor_type_id, value) VALUES (95, 25, 14, 10, 123.128195851);
INSERT INTO reading_data (reading_id, bin_id, bin_section_id, sensor_type_id, value) VALUES (95, 25, 14, 11, 106.479166805);
INSERT INTO reading (id, datetime) VALUES (96, TIMESTAMP '2012-08-19 20:39:45');
INSERT INTO reading_data (reading_id, bin_id, bin_section_id, sensor_type_id, value) VALUES (96, 10, 10, 50, 113.235381945);
INSERT INTO reading_data (reading_id, bin_id, bin_section_id, sensor_type_id, value) VALUES (96, 10, 10, 51, 102.225400496);
INSERT INTO reading_data (reading_id, bin_id, bin_section_id, sensor_type_id, value) VALUES (96, 10, 10, 40, 105.049271293);
INSERT INTO reading_data (reading_id, bin_id, bin_section_id, sensor_type_id, value) VALUES (96, 19, 10, 50, 108.913070735);
INSERT INTO reading_data (reading_id, bin_id, bin_section_id, sensor_type_id, value) VALUES (96, 19, 10, 51, 108.788896515);
INSERT INTO reading_data (reading_id, bin_id, bin_section_id, sensor_type_id, value) VALUES (96, 19, 10, 40, 110.500407938);
INSERT INTO reading_data (reading_id, bin_id, bin_section_id, sensor_type_id, value) VALUES (96, 11, 11, 20, 97.2304543842);
INSERT INTO reading_data (reading_id, bin_id, bin_section_id, sensor_type_id, value) VALUES (96, 11, 11, 21, 110.573498778);
INSERT INTO reading_data (reading_id, bin_id, bin_section_id, sensor_type_id, value) VALUES (96, 11, 11, 10, 92.9714176184);
INSERT INTO reading_data (reading_id, bin_id, bin_section_id, sensor_type_id, value) VALUES (96, 11, 11, 11, 119.288947793);
INSERT INTO reading_data (reading_id, bin_id, bin_section_id, sensor_type_id, value) VALUES (96, 21, 11, 20, 112.213818139);
INSERT INTO reading_data (reading_id, bin_id, bin_section_id, sensor_type_id, value) VALUES (96, 21, 11, 21, 99.426914994);
INSERT INTO reading_data (reading_id, bin_id, bin_section_id, sensor_type_id, value) VALUES (96, 21, 11, 10, 103.175065292);
INSERT INTO reading_data (reading_id, bin_id, bin_section_id, sensor_type_id, value) VALUES (96, 21, 11, 11, 86.9751106274);
INSERT INTO reading_data (reading_id, bin_id, bin_section_id, sensor_type_id, value) VALUES (96, 9, 14, 10, 98.8504982035);
INSERT INTO reading_data (reading_id, bin_id, bin_section_id, sensor_type_id, value) VALUES (96, 9, 14, 11, 96.3150141146);
INSERT INTO reading_data (reading_id, bin_id, bin_section_id, sensor_type_id, value) VALUES (96, 12, 13, 10, 127.302541471);
INSERT INTO reading_data (reading_id, bin_id, bin_section_id, sensor_type_id, value) VALUES (96, 12, 13, 11, 98.4985004455);
INSERT INTO reading_data (reading_id, bin_id, bin_section_id, sensor_type_id, value) VALUES (96, 12, 13, 12, 105.88271306);
INSERT INTO reading_data (reading_id, bin_id, bin_section_id, sensor_type_id, value) VALUES (96, 12, 13, 13, 0);
INSERT INTO reading_data (reading_id, bin_id, bin_section_id, sensor_type_id, value) VALUES (96, 12, 14, 10, 101.709457622);
INSERT INTO reading_data (reading_id, bin_id, bin_section_id, sensor_type_id, value) VALUES (96, 12, 14, 11, 118.700069201);
INSERT INTO reading_data (reading_id, bin_id, bin_section_id, sensor_type_id, value) VALUES (96, 13, 13, 10, 89.9565782973);
INSERT INTO reading_data (reading_id, bin_id, bin_section_id, sensor_type_id, value) VALUES (96, 13, 13, 11, 80.830563929);
INSERT INTO reading_data (reading_id, bin_id, bin_section_id, sensor_type_id, value) VALUES (96, 13, 13, 12, 119.070462809);
INSERT INTO reading_data (reading_id, bin_id, bin_section_id, sensor_type_id, value) VALUES (96, 13, 13, 13, 0);
INSERT INTO reading_data (reading_id, bin_id, bin_section_id, sensor_type_id, value) VALUES (96, 13, 14, 10, 105.611000169);
INSERT INTO reading_data (reading_id, bin_id, bin_section_id, sensor_type_id, value) VALUES (96, 13, 14, 11, 84.4668894633);
INSERT INTO reading_data (reading_id, bin_id, bin_section_id, sensor_type_id, value) VALUES (96, 14, 13, 10, 127.062298226);
INSERT INTO reading_data (reading_id, bin_id, bin_section_id, sensor_type_id, value) VALUES (96, 14, 13, 11, 129.95800918);
INSERT INTO reading_data (reading_id, bin_id, bin_section_id, sensor_type_id, value) VALUES (96, 14, 13, 12, 103.088716488);
INSERT INTO reading_data (reading_id, bin_id, bin_section_id, sensor_type_id, value) VALUES (96, 14, 13, 13, 1);
INSERT INTO reading_data (reading_id, bin_id, bin_section_id, sensor_type_id, value) VALUES (96, 14, 14, 10, 121.172386188);
INSERT INTO reading_data (reading_id, bin_id, bin_section_id, sensor_type_id, value) VALUES (96, 14, 14, 11, 116.508617028);
INSERT INTO reading_data (reading_id, bin_id, bin_section_id, sensor_type_id, value) VALUES (96, 15, 13, 10, 116.74192763);
INSERT INTO reading_data (reading_id, bin_id, bin_section_id, sensor_type_id, value) VALUES (96, 15, 13, 11, 101.492575765);
INSERT INTO reading_data (reading_id, bin_id, bin_section_id, sensor_type_id, value) VALUES (96, 15, 13, 12, 125.500957631);
INSERT INTO reading_data (reading_id, bin_id, bin_section_id, sensor_type_id, value) VALUES (96, 15, 13, 13, 1);
INSERT INTO reading_data (reading_id, bin_id, bin_section_id, sensor_type_id, value) VALUES (96, 15, 14, 10, 95.6654090494);
INSERT INTO reading_data (reading_id, bin_id, bin_section_id, sensor_type_id, value) VALUES (96, 15, 14, 11, 108.906685196);
INSERT INTO reading_data (reading_id, bin_id, bin_section_id, sensor_type_id, value) VALUES (96, 17, 13, 10, 119.421477443);
INSERT INTO reading_data (reading_id, bin_id, bin_section_id, sensor_type_id, value) VALUES (96, 17, 13, 11, 86.9067254968);
INSERT INTO reading_data (reading_id, bin_id, bin_section_id, sensor_type_id, value) VALUES (96, 17, 13, 12, 96.9155637102);
INSERT INTO reading_data (reading_id, bin_id, bin_section_id, sensor_type_id, value) VALUES (96, 17, 13, 13, 1);
INSERT INTO reading_data (reading_id, bin_id, bin_section_id, sensor_type_id, value) VALUES (96, 17, 14, 10, 129.962325937);
INSERT INTO reading_data (reading_id, bin_id, bin_section_id, sensor_type_id, value) VALUES (96, 17, 14, 11, 89.1688316155);
INSERT INTO reading_data (reading_id, bin_id, bin_section_id, sensor_type_id, value) VALUES (96, 21, 13, 10, 84.8846183669);
INSERT INTO reading_data (reading_id, bin_id, bin_section_id, sensor_type_id, value) VALUES (96, 21, 13, 11, 88.1398400393);
INSERT INTO reading_data (reading_id, bin_id, bin_section_id, sensor_type_id, value) VALUES (96, 21, 13, 12, 113.443473938);
INSERT INTO reading_data (reading_id, bin_id, bin_section_id, sensor_type_id, value) VALUES (96, 21, 13, 13, 1);
INSERT INTO reading_data (reading_id, bin_id, bin_section_id, sensor_type_id, value) VALUES (96, 21, 14, 10, 84.5668158917);
INSERT INTO reading_data (reading_id, bin_id, bin_section_id, sensor_type_id, value) VALUES (96, 21, 14, 11, 98.9669566);
INSERT INTO reading_data (reading_id, bin_id, bin_section_id, sensor_type_id, value) VALUES (96, 22, 13, 10, 127.132209158);
INSERT INTO reading_data (reading_id, bin_id, bin_section_id, sensor_type_id, value) VALUES (96, 22, 13, 11, 110.081365209);
INSERT INTO reading_data (reading_id, bin_id, bin_section_id, sensor_type_id, value) VALUES (96, 22, 13, 12, 122.190660373);
INSERT INTO reading_data (reading_id, bin_id, bin_section_id, sensor_type_id, value) VALUES (96, 22, 13, 13, 0);
INSERT INTO reading_data (reading_id, bin_id, bin_section_id, sensor_type_id, value) VALUES (96, 22, 14, 10, 97.8070659241);
INSERT INTO reading_data (reading_id, bin_id, bin_section_id, sensor_type_id, value) VALUES (96, 22, 14, 11, 123.108195577);
INSERT INTO reading_data (reading_id, bin_id, bin_section_id, sensor_type_id, value) VALUES (96, 23, 13, 10, 115.91348093);
INSERT INTO reading_data (reading_id, bin_id, bin_section_id, sensor_type_id, value) VALUES (96, 23, 13, 11, 85.0072157053);
INSERT INTO reading_data (reading_id, bin_id, bin_section_id, sensor_type_id, value) VALUES (96, 23, 13, 12, 124.433083822);
INSERT INTO reading_data (reading_id, bin_id, bin_section_id, sensor_type_id, value) VALUES (96, 23, 13, 13, 1);
INSERT INTO reading_data (reading_id, bin_id, bin_section_id, sensor_type_id, value) VALUES (96, 23, 14, 10, 126.403906301);
INSERT INTO reading_data (reading_id, bin_id, bin_section_id, sensor_type_id, value) VALUES (96, 23, 14, 11, 114.082788709);
INSERT INTO reading_data (reading_id, bin_id, bin_section_id, sensor_type_id, value) VALUES (96, 24, 13, 10, 82.8296619227);
INSERT INTO reading_data (reading_id, bin_id, bin_section_id, sensor_type_id, value) VALUES (96, 24, 13, 11, 107.758903184);
INSERT INTO reading_data (reading_id, bin_id, bin_section_id, sensor_type_id, value) VALUES (96, 24, 13, 12, 101.045799218);
INSERT INTO reading_data (reading_id, bin_id, bin_section_id, sensor_type_id, value) VALUES (96, 24, 13, 13, 0);
INSERT INTO reading_data (reading_id, bin_id, bin_section_id, sensor_type_id, value) VALUES (96, 24, 14, 10, 110.030165288);
INSERT INTO reading_data (reading_id, bin_id, bin_section_id, sensor_type_id, value) VALUES (96, 24, 14, 11, 95.3212601962);
INSERT INTO reading_data (reading_id, bin_id, bin_section_id, sensor_type_id, value) VALUES (96, 25, 13, 10, 124.84128692);
INSERT INTO reading_data (reading_id, bin_id, bin_section_id, sensor_type_id, value) VALUES (96, 25, 13, 11, 81.9305621036);
INSERT INTO reading_data (reading_id, bin_id, bin_section_id, sensor_type_id, value) VALUES (96, 25, 13, 12, 99.0773951447);
INSERT INTO reading_data (reading_id, bin_id, bin_section_id, sensor_type_id, value) VALUES (96, 25, 13, 13, 0);
INSERT INTO reading_data (reading_id, bin_id, bin_section_id, sensor_type_id, value) VALUES (96, 25, 14, 10, 127.337803797);
INSERT INTO reading_data (reading_id, bin_id, bin_section_id, sensor_type_id, value) VALUES (96, 25, 14, 11, 82.1066581977);
INSERT INTO reading (id, datetime) VALUES (97, TIMESTAMP '2012-08-19 20:44:45');
INSERT INTO reading_data (reading_id, bin_id, bin_section_id, sensor_type_id, value) VALUES (97, 10, 10, 50, 86.1117938172);
INSERT INTO reading_data (reading_id, bin_id, bin_section_id, sensor_type_id, value) VALUES (97, 10, 10, 51, 119.262624538);
INSERT INTO reading_data (reading_id, bin_id, bin_section_id, sensor_type_id, value) VALUES (97, 10, 10, 40, 126.984822818);
INSERT INTO reading_data (reading_id, bin_id, bin_section_id, sensor_type_id, value) VALUES (97, 19, 10, 50, 117.902230888);
INSERT INTO reading_data (reading_id, bin_id, bin_section_id, sensor_type_id, value) VALUES (97, 19, 10, 51, 86.1998415265);
INSERT INTO reading_data (reading_id, bin_id, bin_section_id, sensor_type_id, value) VALUES (97, 19, 10, 40, 83.013415151);
INSERT INTO reading_data (reading_id, bin_id, bin_section_id, sensor_type_id, value) VALUES (97, 11, 11, 20, 90.8275628207);
INSERT INTO reading_data (reading_id, bin_id, bin_section_id, sensor_type_id, value) VALUES (97, 11, 11, 21, 120.561670663);
INSERT INTO reading_data (reading_id, bin_id, bin_section_id, sensor_type_id, value) VALUES (97, 11, 11, 10, 112.658710949);
INSERT INTO reading_data (reading_id, bin_id, bin_section_id, sensor_type_id, value) VALUES (97, 11, 11, 11, 125.02206905);
INSERT INTO reading_data (reading_id, bin_id, bin_section_id, sensor_type_id, value) VALUES (97, 21, 11, 20, 126.557436784);
INSERT INTO reading_data (reading_id, bin_id, bin_section_id, sensor_type_id, value) VALUES (97, 21, 11, 21, 107.930794609);
INSERT INTO reading_data (reading_id, bin_id, bin_section_id, sensor_type_id, value) VALUES (97, 21, 11, 10, 105.166606998);
INSERT INTO reading_data (reading_id, bin_id, bin_section_id, sensor_type_id, value) VALUES (97, 21, 11, 11, 115.207065861);
INSERT INTO reading_data (reading_id, bin_id, bin_section_id, sensor_type_id, value) VALUES (97, 9, 14, 10, 81.9019385947);
INSERT INTO reading_data (reading_id, bin_id, bin_section_id, sensor_type_id, value) VALUES (97, 9, 14, 11, 106.447241438);
INSERT INTO reading_data (reading_id, bin_id, bin_section_id, sensor_type_id, value) VALUES (97, 12, 13, 10, 127.506561693);
INSERT INTO reading_data (reading_id, bin_id, bin_section_id, sensor_type_id, value) VALUES (97, 12, 13, 11, 116.255846948);
INSERT INTO reading_data (reading_id, bin_id, bin_section_id, sensor_type_id, value) VALUES (97, 12, 13, 12, 98.8096509152);
INSERT INTO reading_data (reading_id, bin_id, bin_section_id, sensor_type_id, value) VALUES (97, 12, 13, 13, 0);
INSERT INTO reading_data (reading_id, bin_id, bin_section_id, sensor_type_id, value) VALUES (97, 12, 14, 10, 98.0941858301);
INSERT INTO reading_data (reading_id, bin_id, bin_section_id, sensor_type_id, value) VALUES (97, 12, 14, 11, 115.545852733);
INSERT INTO reading_data (reading_id, bin_id, bin_section_id, sensor_type_id, value) VALUES (97, 13, 13, 10, 81.4399331124);
INSERT INTO reading_data (reading_id, bin_id, bin_section_id, sensor_type_id, value) VALUES (97, 13, 13, 11, 128.201527868);
INSERT INTO reading_data (reading_id, bin_id, bin_section_id, sensor_type_id, value) VALUES (97, 13, 13, 12, 81.7944386437);
INSERT INTO reading_data (reading_id, bin_id, bin_section_id, sensor_type_id, value) VALUES (97, 13, 13, 13, 1);
INSERT INTO reading_data (reading_id, bin_id, bin_section_id, sensor_type_id, value) VALUES (97, 13, 14, 10, 102.463223155);
INSERT INTO reading_data (reading_id, bin_id, bin_section_id, sensor_type_id, value) VALUES (97, 13, 14, 11, 103.301572655);
INSERT INTO reading_data (reading_id, bin_id, bin_section_id, sensor_type_id, value) VALUES (97, 14, 13, 10, 84.8003197657);
INSERT INTO reading_data (reading_id, bin_id, bin_section_id, sensor_type_id, value) VALUES (97, 14, 13, 11, 120.502098917);
INSERT INTO reading_data (reading_id, bin_id, bin_section_id, sensor_type_id, value) VALUES (97, 14, 13, 12, 86.5547290573);
INSERT INTO reading_data (reading_id, bin_id, bin_section_id, sensor_type_id, value) VALUES (97, 14, 13, 13, 1);
INSERT INTO reading_data (reading_id, bin_id, bin_section_id, sensor_type_id, value) VALUES (97, 14, 14, 10, 88.6431962835);
INSERT INTO reading_data (reading_id, bin_id, bin_section_id, sensor_type_id, value) VALUES (97, 14, 14, 11, 122.46718975);
INSERT INTO reading_data (reading_id, bin_id, bin_section_id, sensor_type_id, value) VALUES (97, 15, 13, 10, 120.566976474);
INSERT INTO reading_data (reading_id, bin_id, bin_section_id, sensor_type_id, value) VALUES (97, 15, 13, 11, 81.6969428404);
INSERT INTO reading_data (reading_id, bin_id, bin_section_id, sensor_type_id, value) VALUES (97, 15, 13, 12, 111.953554765);
INSERT INTO reading_data (reading_id, bin_id, bin_section_id, sensor_type_id, value) VALUES (97, 15, 13, 13, 1);
INSERT INTO reading_data (reading_id, bin_id, bin_section_id, sensor_type_id, value) VALUES (97, 15, 14, 10, 99.1210292514);
INSERT INTO reading_data (reading_id, bin_id, bin_section_id, sensor_type_id, value) VALUES (97, 15, 14, 11, 113.566595108);
INSERT INTO reading_data (reading_id, bin_id, bin_section_id, sensor_type_id, value) VALUES (97, 17, 13, 10, 103.381652651);
INSERT INTO reading_data (reading_id, bin_id, bin_section_id, sensor_type_id, value) VALUES (97, 17, 13, 11, 86.4102208992);
INSERT INTO reading_data (reading_id, bin_id, bin_section_id, sensor_type_id, value) VALUES (97, 17, 13, 12, 105.735658281);
INSERT INTO reading_data (reading_id, bin_id, bin_section_id, sensor_type_id, value) VALUES (97, 17, 13, 13, 1);
INSERT INTO reading_data (reading_id, bin_id, bin_section_id, sensor_type_id, value) VALUES (97, 17, 14, 10, 113.906757813);
INSERT INTO reading_data (reading_id, bin_id, bin_section_id, sensor_type_id, value) VALUES (97, 17, 14, 11, 93.7010368305);
INSERT INTO reading_data (reading_id, bin_id, bin_section_id, sensor_type_id, value) VALUES (97, 21, 13, 10, 119.775100532);
INSERT INTO reading_data (reading_id, bin_id, bin_section_id, sensor_type_id, value) VALUES (97, 21, 13, 11, 116.355402639);
INSERT INTO reading_data (reading_id, bin_id, bin_section_id, sensor_type_id, value) VALUES (97, 21, 13, 12, 121.906090074);
INSERT INTO reading_data (reading_id, bin_id, bin_section_id, sensor_type_id, value) VALUES (97, 21, 13, 13, 0);
INSERT INTO reading_data (reading_id, bin_id, bin_section_id, sensor_type_id, value) VALUES (97, 21, 14, 10, 121.211643664);
INSERT INTO reading_data (reading_id, bin_id, bin_section_id, sensor_type_id, value) VALUES (97, 21, 14, 11, 121.785731618);
INSERT INTO reading_data (reading_id, bin_id, bin_section_id, sensor_type_id, value) VALUES (97, 22, 13, 10, 85.6907105172);
INSERT INTO reading_data (reading_id, bin_id, bin_section_id, sensor_type_id, value) VALUES (97, 22, 13, 11, 114.420245546);
INSERT INTO reading_data (reading_id, bin_id, bin_section_id, sensor_type_id, value) VALUES (97, 22, 13, 12, 127.617343629);
INSERT INTO reading_data (reading_id, bin_id, bin_section_id, sensor_type_id, value) VALUES (97, 22, 13, 13, 0);
INSERT INTO reading_data (reading_id, bin_id, bin_section_id, sensor_type_id, value) VALUES (97, 22, 14, 10, 123.75783379);
INSERT INTO reading_data (reading_id, bin_id, bin_section_id, sensor_type_id, value) VALUES (97, 22, 14, 11, 81.4583921718);
INSERT INTO reading_data (reading_id, bin_id, bin_section_id, sensor_type_id, value) VALUES (97, 23, 13, 10, 115.064451257);
INSERT INTO reading_data (reading_id, bin_id, bin_section_id, sensor_type_id, value) VALUES (97, 23, 13, 11, 120.301757615);
INSERT INTO reading_data (reading_id, bin_id, bin_section_id, sensor_type_id, value) VALUES (97, 23, 13, 12, 91.2455550437);
INSERT INTO reading_data (reading_id, bin_id, bin_section_id, sensor_type_id, value) VALUES (97, 23, 13, 13, 1);
INSERT INTO reading_data (reading_id, bin_id, bin_section_id, sensor_type_id, value) VALUES (97, 23, 14, 10, 94.2526287234);
INSERT INTO reading_data (reading_id, bin_id, bin_section_id, sensor_type_id, value) VALUES (97, 23, 14, 11, 95.0804400866);
INSERT INTO reading_data (reading_id, bin_id, bin_section_id, sensor_type_id, value) VALUES (97, 24, 13, 10, 90.040760945);
INSERT INTO reading_data (reading_id, bin_id, bin_section_id, sensor_type_id, value) VALUES (97, 24, 13, 11, 94.8433839976);
INSERT INTO reading_data (reading_id, bin_id, bin_section_id, sensor_type_id, value) VALUES (97, 24, 13, 12, 98.6941894786);
INSERT INTO reading_data (reading_id, bin_id, bin_section_id, sensor_type_id, value) VALUES (97, 24, 13, 13, 1);
INSERT INTO reading_data (reading_id, bin_id, bin_section_id, sensor_type_id, value) VALUES (97, 24, 14, 10, 129.383678865);
INSERT INTO reading_data (reading_id, bin_id, bin_section_id, sensor_type_id, value) VALUES (97, 24, 14, 11, 109.346922843);
INSERT INTO reading_data (reading_id, bin_id, bin_section_id, sensor_type_id, value) VALUES (97, 25, 13, 10, 90.8754911086);
INSERT INTO reading_data (reading_id, bin_id, bin_section_id, sensor_type_id, value) VALUES (97, 25, 13, 11, 112.476265624);
INSERT INTO reading_data (reading_id, bin_id, bin_section_id, sensor_type_id, value) VALUES (97, 25, 13, 12, 88.8205966062);
INSERT INTO reading_data (reading_id, bin_id, bin_section_id, sensor_type_id, value) VALUES (97, 25, 13, 13, 1);
INSERT INTO reading_data (reading_id, bin_id, bin_section_id, sensor_type_id, value) VALUES (97, 25, 14, 10, 125.92912131);
INSERT INTO reading_data (reading_id, bin_id, bin_section_id, sensor_type_id, value) VALUES (97, 25, 14, 11, 127.618589857);
INSERT INTO reading (id, datetime) VALUES (98, TIMESTAMP '2012-08-19 20:49:45');
INSERT INTO reading_data (reading_id, bin_id, bin_section_id, sensor_type_id, value) VALUES (98, 10, 10, 50, 112.63131848);
INSERT INTO reading_data (reading_id, bin_id, bin_section_id, sensor_type_id, value) VALUES (98, 10, 10, 51, 122.987858725);
INSERT INTO reading_data (reading_id, bin_id, bin_section_id, sensor_type_id, value) VALUES (98, 10, 10, 40, 83.0220574765);
INSERT INTO reading_data (reading_id, bin_id, bin_section_id, sensor_type_id, value) VALUES (98, 19, 10, 50, 105.451620137);
INSERT INTO reading_data (reading_id, bin_id, bin_section_id, sensor_type_id, value) VALUES (98, 19, 10, 51, 110.404783602);
INSERT INTO reading_data (reading_id, bin_id, bin_section_id, sensor_type_id, value) VALUES (98, 19, 10, 40, 103.78876417);
INSERT INTO reading_data (reading_id, bin_id, bin_section_id, sensor_type_id, value) VALUES (98, 11, 11, 20, 122.942599509);
INSERT INTO reading_data (reading_id, bin_id, bin_section_id, sensor_type_id, value) VALUES (98, 11, 11, 21, 125.193009103);
INSERT INTO reading_data (reading_id, bin_id, bin_section_id, sensor_type_id, value) VALUES (98, 11, 11, 10, 89.9531786545);
INSERT INTO reading_data (reading_id, bin_id, bin_section_id, sensor_type_id, value) VALUES (98, 11, 11, 11, 127.129013958);
INSERT INTO reading_data (reading_id, bin_id, bin_section_id, sensor_type_id, value) VALUES (98, 21, 11, 20, 108.635140596);
INSERT INTO reading_data (reading_id, bin_id, bin_section_id, sensor_type_id, value) VALUES (98, 21, 11, 21, 82.3194428172);
INSERT INTO reading_data (reading_id, bin_id, bin_section_id, sensor_type_id, value) VALUES (98, 21, 11, 10, 107.76718912);
INSERT INTO reading_data (reading_id, bin_id, bin_section_id, sensor_type_id, value) VALUES (98, 21, 11, 11, 119.045417557);
INSERT INTO reading_data (reading_id, bin_id, bin_section_id, sensor_type_id, value) VALUES (98, 9, 14, 10, 105.638408543);
INSERT INTO reading_data (reading_id, bin_id, bin_section_id, sensor_type_id, value) VALUES (98, 9, 14, 11, 109.113667825);
INSERT INTO reading_data (reading_id, bin_id, bin_section_id, sensor_type_id, value) VALUES (98, 12, 13, 10, 127.488177163);
INSERT INTO reading_data (reading_id, bin_id, bin_section_id, sensor_type_id, value) VALUES (98, 12, 13, 11, 121.344205476);
INSERT INTO reading_data (reading_id, bin_id, bin_section_id, sensor_type_id, value) VALUES (98, 12, 13, 12, 122.01491518);
INSERT INTO reading_data (reading_id, bin_id, bin_section_id, sensor_type_id, value) VALUES (98, 12, 13, 13, 1);
INSERT INTO reading_data (reading_id, bin_id, bin_section_id, sensor_type_id, value) VALUES (98, 12, 14, 10, 118.397076158);
INSERT INTO reading_data (reading_id, bin_id, bin_section_id, sensor_type_id, value) VALUES (98, 12, 14, 11, 96.1576365426);
INSERT INTO reading_data (reading_id, bin_id, bin_section_id, sensor_type_id, value) VALUES (98, 13, 13, 10, 112.113128527);
INSERT INTO reading_data (reading_id, bin_id, bin_section_id, sensor_type_id, value) VALUES (98, 13, 13, 11, 95.7010638642);
INSERT INTO reading_data (reading_id, bin_id, bin_section_id, sensor_type_id, value) VALUES (98, 13, 13, 12, 122.282391746);
INSERT INTO reading_data (reading_id, bin_id, bin_section_id, sensor_type_id, value) VALUES (98, 13, 13, 13, 1);
INSERT INTO reading_data (reading_id, bin_id, bin_section_id, sensor_type_id, value) VALUES (98, 13, 14, 10, 80.2423877906);
INSERT INTO reading_data (reading_id, bin_id, bin_section_id, sensor_type_id, value) VALUES (98, 13, 14, 11, 102.753401185);
INSERT INTO reading_data (reading_id, bin_id, bin_section_id, sensor_type_id, value) VALUES (98, 14, 13, 10, 81.6636622547);
INSERT INTO reading_data (reading_id, bin_id, bin_section_id, sensor_type_id, value) VALUES (98, 14, 13, 11, 105.008486505);
INSERT INTO reading_data (reading_id, bin_id, bin_section_id, sensor_type_id, value) VALUES (98, 14, 13, 12, 113.482259492);
INSERT INTO reading_data (reading_id, bin_id, bin_section_id, sensor_type_id, value) VALUES (98, 14, 13, 13, 0);
INSERT INTO reading_data (reading_id, bin_id, bin_section_id, sensor_type_id, value) VALUES (98, 14, 14, 10, 125.526443726);
INSERT INTO reading_data (reading_id, bin_id, bin_section_id, sensor_type_id, value) VALUES (98, 14, 14, 11, 84.0458564807);
INSERT INTO reading_data (reading_id, bin_id, bin_section_id, sensor_type_id, value) VALUES (98, 15, 13, 10, 120.148876732);
INSERT INTO reading_data (reading_id, bin_id, bin_section_id, sensor_type_id, value) VALUES (98, 15, 13, 11, 125.377229596);
INSERT INTO reading_data (reading_id, bin_id, bin_section_id, sensor_type_id, value) VALUES (98, 15, 13, 12, 94.8202633943);
INSERT INTO reading_data (reading_id, bin_id, bin_section_id, sensor_type_id, value) VALUES (98, 15, 13, 13, 0);
INSERT INTO reading_data (reading_id, bin_id, bin_section_id, sensor_type_id, value) VALUES (98, 15, 14, 10, 100.430287038);
INSERT INTO reading_data (reading_id, bin_id, bin_section_id, sensor_type_id, value) VALUES (98, 15, 14, 11, 111.978300375);
INSERT INTO reading_data (reading_id, bin_id, bin_section_id, sensor_type_id, value) VALUES (98, 17, 13, 10, 112.674198393);
INSERT INTO reading_data (reading_id, bin_id, bin_section_id, sensor_type_id, value) VALUES (98, 17, 13, 11, 102.47008987);
INSERT INTO reading_data (reading_id, bin_id, bin_section_id, sensor_type_id, value) VALUES (98, 17, 13, 12, 111.372685267);
INSERT INTO reading_data (reading_id, bin_id, bin_section_id, sensor_type_id, value) VALUES (98, 17, 13, 13, 1);
INSERT INTO reading_data (reading_id, bin_id, bin_section_id, sensor_type_id, value) VALUES (98, 17, 14, 10, 102.366025502);
INSERT INTO reading_data (reading_id, bin_id, bin_section_id, sensor_type_id, value) VALUES (98, 17, 14, 11, 116.669152709);
INSERT INTO reading_data (reading_id, bin_id, bin_section_id, sensor_type_id, value) VALUES (98, 21, 13, 10, 100.709139848);
INSERT INTO reading_data (reading_id, bin_id, bin_section_id, sensor_type_id, value) VALUES (98, 21, 13, 11, 84.8424850438);
INSERT INTO reading_data (reading_id, bin_id, bin_section_id, sensor_type_id, value) VALUES (98, 21, 13, 12, 99.28014215);
INSERT INTO reading_data (reading_id, bin_id, bin_section_id, sensor_type_id, value) VALUES (98, 21, 13, 13, 1);
INSERT INTO reading_data (reading_id, bin_id, bin_section_id, sensor_type_id, value) VALUES (98, 21, 14, 10, 94.6524420945);
INSERT INTO reading_data (reading_id, bin_id, bin_section_id, sensor_type_id, value) VALUES (98, 21, 14, 11, 104.296868832);
INSERT INTO reading_data (reading_id, bin_id, bin_section_id, sensor_type_id, value) VALUES (98, 22, 13, 10, 93.6006009879);
INSERT INTO reading_data (reading_id, bin_id, bin_section_id, sensor_type_id, value) VALUES (98, 22, 13, 11, 92.3252237455);
INSERT INTO reading_data (reading_id, bin_id, bin_section_id, sensor_type_id, value) VALUES (98, 22, 13, 12, 93.4169548351);
INSERT INTO reading_data (reading_id, bin_id, bin_section_id, sensor_type_id, value) VALUES (98, 22, 13, 13, 1);
INSERT INTO reading_data (reading_id, bin_id, bin_section_id, sensor_type_id, value) VALUES (98, 22, 14, 10, 129.757889815);
INSERT INTO reading_data (reading_id, bin_id, bin_section_id, sensor_type_id, value) VALUES (98, 22, 14, 11, 80.8945953275);
INSERT INTO reading_data (reading_id, bin_id, bin_section_id, sensor_type_id, value) VALUES (98, 23, 13, 10, 93.5264241946);
INSERT INTO reading_data (reading_id, bin_id, bin_section_id, sensor_type_id, value) VALUES (98, 23, 13, 11, 88.4677733031);
INSERT INTO reading_data (reading_id, bin_id, bin_section_id, sensor_type_id, value) VALUES (98, 23, 13, 12, 116.278266678);
INSERT INTO reading_data (reading_id, bin_id, bin_section_id, sensor_type_id, value) VALUES (98, 23, 13, 13, 1);
INSERT INTO reading_data (reading_id, bin_id, bin_section_id, sensor_type_id, value) VALUES (98, 23, 14, 10, 119.275732301);
INSERT INTO reading_data (reading_id, bin_id, bin_section_id, sensor_type_id, value) VALUES (98, 23, 14, 11, 120.165990606);
INSERT INTO reading_data (reading_id, bin_id, bin_section_id, sensor_type_id, value) VALUES (98, 24, 13, 10, 92.535694635);
INSERT INTO reading_data (reading_id, bin_id, bin_section_id, sensor_type_id, value) VALUES (98, 24, 13, 11, 85.7363682729);
INSERT INTO reading_data (reading_id, bin_id, bin_section_id, sensor_type_id, value) VALUES (98, 24, 13, 12, 117.491467268);
INSERT INTO reading_data (reading_id, bin_id, bin_section_id, sensor_type_id, value) VALUES (98, 24, 13, 13, 1);
INSERT INTO reading_data (reading_id, bin_id, bin_section_id, sensor_type_id, value) VALUES (98, 24, 14, 10, 124.385165814);
INSERT INTO reading_data (reading_id, bin_id, bin_section_id, sensor_type_id, value) VALUES (98, 24, 14, 11, 112.904281367);
INSERT INTO reading_data (reading_id, bin_id, bin_section_id, sensor_type_id, value) VALUES (98, 25, 13, 10, 120.319624502);
INSERT INTO reading_data (reading_id, bin_id, bin_section_id, sensor_type_id, value) VALUES (98, 25, 13, 11, 102.988482253);
INSERT INTO reading_data (reading_id, bin_id, bin_section_id, sensor_type_id, value) VALUES (98, 25, 13, 12, 114.197918584);
INSERT INTO reading_data (reading_id, bin_id, bin_section_id, sensor_type_id, value) VALUES (98, 25, 13, 13, 0);
INSERT INTO reading_data (reading_id, bin_id, bin_section_id, sensor_type_id, value) VALUES (98, 25, 14, 10, 96.2553936);
INSERT INTO reading_data (reading_id, bin_id, bin_section_id, sensor_type_id, value) VALUES (98, 25, 14, 11, 96.1572453029);
